pricing_id,drug_name,list_price_usd,average_wholesale_price,net_price_usd,reimbursement_rate,payer_type,discount_percent,rebate_percent,patient_assistance,price_increase_annual,price_increase_date,therapy_cost_monthly,competitive_products,generic_available,patent_protection_years,market_size_estimate
PR00001,Drug_7,5163.22,4538.67,4145.53,0.35,Medicare,8.9,23.3,Yes,8.63,2024-11-14,2280.49,4,Yes,15,Medium
PR00002,Drug_42,1653.36,7690.47,492.54,0.25,Commercial,6.0,31.2,No,0.64,2026-03-31,3102.93,6,No,17,Medium
PR00003,Drug_56,9080.05,646.73,960.52,0.63,Commercial,22.3,2.6,No,8.69,2026-06-18,2546.62,8,No,19,Medium
PR00004,Drug_53,4987.98,1528.79,1350.31,0.79,Self-pay,34.9,23.1,Yes,10.5,2025-12-28,2754.3,5,No,3,Large
PR00005,Drug_36,7939.32,3849.03,4695.52,0.26,TRICARE,4.4,17.0,No,8.16,2025-08-26,4483.71,5,Yes,18,Medium
PR00006,Drug_16,3313.58,5909.56,773.09,0.34,Medicare,9.4,24.0,No,-0.03,2025-05-14,1539.25,2,Yes,10,Large
PR00007,Drug_67,9576.02,2646.25,3788.03,0.27,Commercial,29.8,11.1,No,0.12,2025-08-03,114.82,6,No,15,Large
PR00008,Drug_60,7523.41,946.75,5886.64,0.68,Medicare,18.6,24.9,Yes,-1.23,2024-08-15,3493.45,5,Yes,18,Medium
PR00009,Drug_64,4550.52,2531.68,6632.86,0.26,Medicaid,24.1,6.3,Yes,1.98,2025-08-24,946.02,4,No,15,Small
PR00010,Drug_47,9023.91,5158.3,3000.48,0.27,Commercial,23.7,27.1,No,-0.99,2025-04-14,813.45,2,Yes,19,Medium
PR00011,Drug_67,7177.49,6342.04,3736.34,0.4,Medicaid,16.5,26.2,Yes,11.69,2024-10-24,4962.76,2,No,5,Large
PR00012,Drug_6,4310.98,7816.29,5821.54,0.4,Medicare,28.2,33.1,Yes,-1.74,2026-04-10,1370.54,5,No,11,Medium
PR00013,Drug_29,9741.63,6092.67,6550.51,0.62,Medicare,34.1,6.1,No,7.88,2026-05-16,1058.65,5,Yes,9,Large
PR00014,Drug_7,2992.45,3942.13,2732.08,0.22,Medicare,36.3,25.3,No,11.77,2025-02-24,995.37,4,No,5,Large
PR00015,Drug_36,2573.14,2346.6,2474.66,0.66,Medicare,1.9,11.3,No,13.21,2024-09-12,2091.15,2,No,11,Medium
PR00016,Drug_54,8947.62,7420.71,3158.66,0.51,Commercial,22.1,9.9,No,4.96,2026-01-17,2076.62,1,No,7,Medium
PR00017,Drug_69,7076.64,4277.41,1780.36,0.33,Medicare,1.6,14.1,Yes,8.56,2025-04-29,3180.87,3,No,2,Medium
PR00018,Drug_58,3461.64,5512.84,6018.35,0.69,Commercial,36.0,10.0,No,14.17,2025-12-09,563.01,3,Yes,19,Small
PR00019,Drug_41,2325.71,3783.74,2230.79,0.45,Medicaid,17.2,8.7,No,9.42,2025-05-31,3195.45,9,Yes,18,Medium
PR00020,Drug_1,1788.6,1942.92,3148.95,0.82,Medicaid,36.0,26.9,Yes,13.32,2024-09-04,2295.48,1,Yes,16,Small
PR00021,Drug_51,3141.83,4379.13,2243.14,0.94,Commercial,7.5,24.5,Yes,9.63,2024-10-06,1077.89,8,Yes,1,Large
PR00022,Drug_25,1264.14,6720.51,836.85,0.78,Commercial,6.5,3.8,No,-0.84,2025-01-04,3902.19,2,No,3,Large
PR00023,Drug_43,1462.03,3071.5,4248.5,0.76,Medicaid,36.3,19.6,No,1.35,2025-02-06,2396.61,0,Yes,9,Small
PR00024,Drug_11,7768.48,5352.46,4115.34,0.47,Medicare,37.5,11.6,No,13.99,2025-10-08,3599.45,4,No,17,Medium
PR00025,Drug_74,646.96,346.51,2067.83,0.6,TRICARE,30.7,34.0,No,12.35,2025-05-06,4606.82,9,No,8,Medium
PR00026,Drug_4,4398.49,7492.81,224.63,0.24,Commercial,8.9,14.9,No,5.19,2025-01-03,1799.35,2,No,16,Large
PR00027,Drug_29,4055.94,7759.69,6557.54,0.75,Medicaid,6.9,1.4,Yes,0.74,2025-05-08,4494.63,5,Yes,12,Medium
PR00028,Drug_55,9602.31,3095.27,2492.05,0.71,Commercial,29.9,11.6,No,0.67,2025-02-24,1041.69,0,No,4,Small
PR00029,Drug_10,4660.76,3991.08,3773.59,0.4,Medicaid,25.4,10.9,Yes,13.38,2026-07-23,1149.55,9,No,5,Small
PR00030,Drug_32,1616.95,1291.38,1010.52,0.6,Medicare,34.9,0.2,No,0.83,2025-04-08,3335.3,3,Yes,7,Small
PR00031,Drug_26,893.16,1576.0,1761.92,0.71,Medicare,11.1,17.1,Yes,4.57,2025-10-15,558.03,0,No,18,Large
PR00032,Drug_22,7327.06,4819.73,3049.59,0.48,TRICARE,11.8,31.7,No,13.31,2025-12-26,2301.16,0,Yes,14,Medium
PR00033,Drug_43,1485.89,5019.02,3937.9,0.74,TRICARE,29.3,28.1,No,-1.43,2024-11-08,1108.47,9,Yes,8,Large
PR00034,Drug_40,9380.45,2738.12,5978.83,0.8,TRICARE,10.7,24.0,No,8.72,2025-05-01,2875.74,7,Yes,13,Medium
PR00035,Drug_9,5596.54,2997.23,2036.44,0.37,Medicare,18.5,12.0,No,3.96,2025-06-08,4043.77,9,No,4,Medium
PR00036,Drug_13,4022.95,4053.78,6103.11,0.43,Medicare,20.8,8.1,No,-0.17,2026-03-18,260.0,3,No,12,Large
PR00037,Drug_4,6846.48,7518.82,3211.81,0.5,Commercial,26.8,12.0,Yes,7.65,2025-06-04,2095.88,9,No,3,Large
PR00038,Drug_62,1997.29,1204.06,3031.57,0.38,Commercial,13.8,4.3,No,6.24,2026-06-08,3666.83,2,Yes,5,Small
PR00039,Drug_56,3828.75,4415.81,2777.92,0.78,Medicare,34.3,3.5,Yes,-0.31,2026-03-10,1744.16,5,No,4,Small
PR00040,Drug_4,343.8,473.02,6203.82,0.63,Commercial,16.1,20.1,Yes,2.54,2026-07-17,256.44,9,Yes,15,Small
PR00041,Drug_76,8778.0,3671.13,1760.87,0.49,Commercial,1.7,28.5,Yes,10.59,2025-04-22,2977.33,8,No,5,Large
PR00042,Drug_43,4258.32,3182.52,6002.26,0.21,Commercial,2.7,3.5,No,10.85,2024-12-30,644.81,5,Yes,9,Large
PR00043,Drug_33,7590.66,1320.28,628.28,0.44,Commercial,38.9,11.7,No,8.18,2025-09-20,1881.1,0,No,14,Small
PR00044,Drug_32,9169.38,1318.65,6687.52,0.83,Medicare,24.9,4.3,No,-0.12,2025-09-21,4953.14,7,Yes,16,Small
PR00045,Drug_14,6531.4,3605.17,3523.6,0.76,Medicare,19.6,10.9,No,12.5,2024-11-17,2020.2,0,Yes,3,Medium
PR00046,Drug_61,3763.71,1019.75,6992.34,0.25,Medicare,34.8,29.1,No,0.94,2026-07-03,4222.14,2,No,15,Medium
PR00047,Drug_31,6199.09,2363.87,4257.5,0.8,Medicare,28.7,1.2,No,10.26,2025-02-04,4306.04,8,Yes,18,Medium
PR00048,Drug_44,3609.71,577.18,827.63,0.33,Medicare,7.3,22.7,Yes,-1.28,2025-02-19,1351.01,3,Yes,18,Large
PR00049,Drug_7,5677.47,2383.97,430.94,0.94,Medicare,0.3,2.1,No,3.64,2025-11-25,2997.75,7,No,14,Large
PR00050,Drug_43,4327.33,4273.27,1357.96,0.85,Commercial,39.3,14.9,No,6.13,2024-10-02,4739.92,8,Yes,7,Small
PR00051,Drug_67,1507.19,5953.02,2950.94,0.88,Medicare,25.2,16.6,Yes,-1.52,2025-03-11,3051.35,7,Yes,6,Small
PR00052,Drug_31,7803.21,6644.61,5231.59,0.78,Medicare,19.1,14.1,No,0.92,2025-06-02,4075.61,5,No,16,Medium
PR00053,Drug_10,4969.23,2708.04,10.0,0.73,Commercial,37.8,22.3,Yes,3.42,2026-08-02,2339.69,8,No,19,Medium
PR00054,Drug_77,1909.53,7510.86,1805.14,0.38,Medicaid,14.8,34.1,No,14.7,2026-06-29,3610.67,5,No,9,Large
PR00055,Drug_80,8919.38,1931.07,4115.05,0.64,VA,28.9,9.4,No,11.25,2026-06-21,158.17,4,Yes,1,Medium
PR00056,Drug_57,8533.66,651.97,2088.69,0.72,Medicare,26.8,21.3,No,12.29,2025-07-22,3947.99,7,No,18,Medium
PR00057,Drug_13,5592.67,7400.68,2501.82,0.42,Commercial,27.1,12.4,Yes,9.35,2025-05-01,3375.65,3,Yes,14,Medium
PR00058,Drug_58,9703.48,4322.17,2108.84,0.5,Commercial,27.1,35.0,No,2.97,2025-11-17,1826.3,2,No,14,Small
PR00059,Drug_75,9272.43,2816.22,6672.51,0.91,Commercial,0.4,33.3,Yes,10.06,2025-01-05,2114.08,3,Yes,8,Medium
PR00060,Drug_16,8971.09,7185.7,465.5,0.51,Commercial,33.0,3.3,Yes,9.45,2025-10-03,1666.74,8,Yes,17,Large
PR00061,Drug_11,1341.58,6207.76,6353.04,0.44,Commercial,36.9,34.1,No,8.37,2025-09-08,2645.22,3,No,18,Large
PR00062,Drug_8,2953.35,6660.89,2266.06,0.28,Medicare,18.0,25.8,No,3.07,2026-03-26,587.94,6,No,15,Small
PR00063,Drug_5,4107.8,2344.41,1729.59,0.46,Medicare,22.4,34.7,Yes,2.47,2026-07-23,4232.33,0,Yes,10,Medium
PR00064,Drug_49,8320.77,6988.89,6183.46,0.66,Medicaid,13.0,27.0,Yes,3.72,2024-09-01,2416.37,5,Yes,16,Medium
PR00065,Drug_41,8713.65,5200.98,2013.16,0.31,Commercial,31.4,4.5,No,3.31,2025-09-09,263.36,7,No,7,Large
PR00066,Drug_9,7517.34,5906.22,6912.45,0.65,Commercial,29.5,26.3,No,-0.68,2025-06-01,2787.16,6,Yes,17,Medium
PR00067,Drug_17,4729.27,2504.88,3838.87,0.76,Commercial,29.5,25.4,No,11.64,2024-10-15,4656.06,4,Yes,5,Large
PR00068,Drug_8,1627.39,1966.16,3337.22,0.78,Medicare,29.4,5.8,Yes,4.28,2025-08-07,482.93,3,Yes,18,Small
PR00069,Drug_57,361.61,3270.19,6835.53,0.94,Medicare,8.7,26.4,No,10.01,2025-01-28,659.8,1,Yes,14,Medium
PR00070,Drug_8,6996.03,4605.1,1591.23,0.53,Commercial,4.5,23.6,No,2.76,2026-02-06,1966.56,0,Yes,18,Large
PR00071,Drug_39,9941.6,5330.57,6363.24,0.22,Commercial,12.4,34.8,No,8.23,2024-11-09,3691.34,0,No,18,Large
PR00072,Drug_79,3461.27,3987.73,4142.71,0.84,Commercial,23.0,21.7,Yes,-1.41,2025-09-06,3042.88,4,Yes,15,Small
PR00073,Drug_56,5691.63,5593.32,5286.0,0.26,Medicaid,16.0,14.5,No,-0.2,2025-09-30,2316.9,8,Yes,11,Medium
PR00074,Drug_9,8107.71,5668.99,4076.33,0.85,Medicaid,10.0,33.4,No,4.2,2025-09-10,4964.09,6,Yes,5,Small
PR00075,Drug_14,1872.95,5331.27,4332.45,0.94,Medicare,0.9,22.0,Yes,2.57,2025-10-25,969.68,1,Yes,16,Large
PR00076,Drug_8,8297.27,2014.7,1088.68,0.88,Medicaid,4.8,12.2,Yes,4.01,2025-10-21,4117.7,5,Yes,8,Large
PR00077,Drug_72,6257.18,3575.06,1065.88,0.92,VA,4.2,0.7,No,13.82,2025-02-07,662.99,9,No,13,Small
PR00078,Drug_7,5702.78,6127.86,2783.11,0.22,Commercial,38.3,26.5,No,-0.74,2025-01-13,939.05,6,Yes,17,Medium
PR00079,Drug_38,7625.19,7096.6,2427.99,0.21,Medicare,31.2,4.2,No,5.87,2025-07-23,1512.45,7,No,9,Medium
PR00080,Drug_49,2417.08,4013.36,4985.86,0.36,Commercial,4.9,32.3,No,1.37,2024-08-21,4371.82,8,No,15,Small
PR00081,Drug_52,6151.66,7894.43,5060.71,0.8,Commercial,18.7,33.6,No,4.05,2026-07-04,2248.82,2,No,7,Large
PR00082,Drug_13,2411.36,1404.3,3948.73,0.27,Medicare,26.2,8.3,No,9.51,2025-12-18,2009.14,1,Yes,18,Small
PR00083,Drug_80,1803.56,1801.24,2817.05,0.76,Medicare,38.4,3.9,No,14.54,2025-12-17,2479.09,6,Yes,14,Medium
PR00084,Drug_53,6237.31,3690.32,4739.28,0.21,Commercial,10.8,20.8,No,9.81,2025-02-22,3172.99,7,Yes,8,Medium
PR00085,Drug_30,2700.12,4073.85,4812.98,0.75,Medicaid,10.6,7.5,Yes,13.04,2024-11-19,2146.3,8,No,2,Large
PR00086,Drug_77,7146.65,3400.42,5664.67,0.39,Medicaid,22.7,19.0,No,0.5,2025-11-06,4814.53,9,Yes,18,Small
PR00087,Drug_80,5149.71,3447.73,5683.05,0.53,Commercial,34.3,14.5,No,1.08,2025-05-03,719.94,4,No,4,Medium
PR00088,Drug_2,6952.59,3902.11,491.62,0.93,Medicare,11.2,27.7,No,12.91,2024-08-23,2404.55,8,No,2,Small
PR00089,Drug_59,8917.27,2566.77,2621.49,0.61,TRICARE,5.0,35.0,No,8.33,2025-12-31,2106.39,0,No,10,Large
PR00090,Drug_50,1391.08,1054.5,2942.4,0.26,Commercial,10.6,16.0,No,11.47,2026-04-05,3478.9,8,Yes,6,Small
PR00091,Drug_60,676.72,7649.22,5929.24,0.85,Commercial,18.0,24.0,No,1.79,2024-09-19,4817.26,9,Yes,11,Large
PR00092,Drug_55,4005.17,6361.54,3515.15,0.44,Medicaid,14.4,12.0,No,3.93,2026-01-24,1477.64,4,No,10,Medium
PR00093,Drug_80,7169.91,6520.71,3424.2,0.64,Commercial,34.4,30.2,No,-0.62,2026-02-20,4778.87,1,Yes,17,Small
PR00094,Drug_80,8862.65,2924.75,3878.64,0.73,Self-pay,37.7,1.3,Yes,13.22,2026-02-09,4147.11,5,Yes,8,Small
PR00095,Drug_13,357.6,3235.84,894.86,0.78,Medicare,15.1,17.3,No,14.26,2024-11-21,4061.87,0,Yes,6,Small
PR00096,Drug_44,7931.65,7487.26,3959.25,0.52,Medicare,32.9,6.2,No,12.58,2025-11-20,411.73,6,No,16,Large
PR00097,Drug_4,763.42,7783.52,3863.07,0.78,Commercial,2.7,6.2,No,5.43,2025-05-14,4705.89,6,Yes,10,Medium
PR00098,Drug_59,5809.95,7541.43,5282.21,0.29,Commercial,22.1,18.7,No,3.8,2026-06-10,4202.69,9,Yes,19,Large
PR00099,Drug_67,3447.59,5143.66,4440.9,0.59,Medicare,33.3,10.8,Yes,5.86,2025-04-20,3438.69,7,No,4,Small
PR00100,Drug_43,186.37,1947.79,6685.44,0.22,Medicare,16.7,16.1,No,8.84,2025-04-25,682.9,0,No,2,Small
PR00101,Drug_76,979.96,4842.95,565.31,0.5,Commercial,5.7,10.7,No,5.34,2026-06-13,2129.18,1,No,2,Large
PR00102,Drug_25,3543.72,4715.98,5402.7,0.47,TRICARE,11.4,15.9,Yes,5.17,2025-04-30,4209.13,0,No,12,Large
PR00103,Drug_14,9538.0,7266.62,5261.76,0.93,Medicaid,19.7,10.0,Yes,5.33,2026-03-14,2215.78,7,Yes,4,Large
PR00104,Drug_14,1556.77,2498.86,1889.07,0.5,Commercial,33.7,28.1,No,10.66,2025-05-12,2210.45,7,Yes,16,Large
PR00105,Drug_2,2727.05,1611.83,4891.36,0.88,TRICARE,29.9,19.5,No,11.38,2025-05-03,1387.12,2,Yes,2,Large
PR00106,Drug_77,9941.39,2132.33,4616.95,0.53,Medicaid,3.3,5.7,No,12.8,2026-05-19,303.38,9,No,16,Small
PR00107,Drug_9,4811.4,1951.22,2094.45,0.6,VA,21.8,0.3,Yes,2.13,2024-12-10,2589.37,1,Yes,15,Small
PR00108,Drug_76,2629.83,5189.89,5067.86,0.46,Commercial,34.9,0.6,No,0.68,2025-06-06,3883.62,8,Yes,14,Small
PR00109,Drug_25,6163.24,6500.96,6514.91,0.68,Commercial,23.1,14.8,No,3.87,2026-07-27,773.05,4,Yes,11,Large
PR00110,Drug_74,4365.96,2949.96,2140.01,0.75,Medicare,2.6,11.0,No,5.15,2025-12-05,4474.2,8,Yes,15,Medium
PR00111,Drug_17,8584.5,1417.89,6860.68,0.79,Medicare,32.9,9.2,No,9.93,2025-03-12,2798.66,1,Yes,6,Medium
PR00112,Drug_66,89.71,2749.99,1573.89,0.72,VA,36.3,21.8,No,10.88,2025-08-09,4070.88,5,Yes,16,Large
PR00113,Drug_33,9967.8,4376.09,946.82,0.45,Commercial,15.6,28.5,Yes,14.73,2025-01-13,3351.85,0,Yes,1,Medium
PR00114,Drug_46,672.46,5318.57,543.97,0.45,Commercial,12.4,2.2,No,4.43,2024-10-29,717.98,6,No,11,Small
PR00115,Drug_54,5375.87,4401.99,1499.72,0.46,Medicare,21.7,3.8,No,4.84,2025-05-08,4537.63,3,No,14,Medium
PR00116,Drug_62,6977.03,2059.79,2400.87,0.23,Commercial,39.4,12.9,Yes,7.22,2025-11-29,3604.84,6,Yes,2,Small
PR00117,Drug_80,5502.8,7344.81,5133.45,0.91,Commercial,33.5,15.5,No,11.95,2024-11-19,226.12,8,No,16,Medium
PR00118,Drug_57,3014.73,3507.0,508.72,0.35,Commercial,32.4,13.8,No,9.24,2025-02-10,2921.22,0,Yes,4,Small
PR00119,Drug_24,8555.77,3676.09,3553.32,0.32,Commercial,7.7,22.4,No,7.74,2025-12-23,2426.62,0,Yes,14,Small
PR00120,Drug_32,4309.93,7739.34,3633.61,0.61,Commercial,35.8,3.1,No,9.02,2025-08-19,4302.81,6,Yes,16,Large
PR00121,Drug_18,3014.01,6947.99,1599.46,0.24,VA,22.2,17.3,Yes,5.9,2025-09-10,657.79,9,Yes,15,Large
PR00122,Drug_6,7685.65,6451.7,322.97,0.83,Medicaid,36.7,28.4,No,10.9,2025-05-14,2974.68,1,No,2,Large
PR00123,Drug_8,1467.1,1468.07,1579.71,0.86,Medicare,26.1,32.5,Yes,-0.72,2025-01-31,1585.89,7,No,13,Small
PR00124,Drug_17,2058.04,6705.99,1616.57,0.5,Medicare,33.4,19.6,No,6.65,2025-05-03,1265.81,3,No,17,Large
PR00125,Drug_40,2535.17,3646.83,4817.73,0.93,Medicare,6.6,4.8,Yes,11.71,2024-09-25,161.55,6,Yes,10,Medium
PR00126,Drug_75,4354.46,1681.48,1640.29,0.44,VA,28.3,25.5,No,3.14,2026-04-02,1694.53,9,No,15,Large
PR00127,Drug_56,213.16,7927.13,2385.15,0.4,Medicaid,10.3,27.9,Yes,12.34,2024-10-22,2010.67,1,Yes,17,Large
PR00128,Drug_66,9917.84,1383.06,336.77,0.94,Commercial,6.8,6.9,Yes,11.31,2026-01-08,2266.54,7,No,8,Large
PR00129,Drug_46,6005.51,7376.13,4369.5,0.39,TRICARE,23.0,23.7,No,7.87,2025-12-05,3686.87,5,Yes,2,Small
PR00130,Drug_40,9707.49,12.22,3321.64,0.53,Medicaid,24.1,32.6,Yes,2.29,2025-09-30,2047.54,0,No,1,Large
PR00131,Drug_75,8076.46,3507.84,2418.06,0.66,Commercial,19.6,25.2,No,12.64,2024-08-17,1016.44,8,Yes,5,Large
PR00132,Drug_70,1351.76,246.93,4921.65,0.44,Medicare,3.6,14.5,Yes,-1.49,2025-06-21,2020.82,1,Yes,3,Small
PR00133,Drug_19,2098.59,7300.32,4776.44,0.49,Medicare,9.8,15.5,Yes,8.07,2025-07-20,394.35,3,No,11,Medium
PR00134,Drug_19,354.15,1014.11,2298.71,0.74,Commercial,9.4,2.8,No,11.3,2024-10-19,4861.77,8,Yes,16,Small
PR00135,Drug_61,8339.57,5387.4,4967.31,0.74,Commercial,12.5,18.4,No,6.25,2025-05-14,377.86,7,Yes,9,Large
PR00136,Drug_40,5938.64,5052.71,2440.73,0.8,Medicare,25.1,28.1,No,-0.25,2026-03-22,1049.36,7,No,4,Large
PR00137,Drug_78,2158.5,6234.31,1557.88,0.65,Medicaid,17.5,34.2,No,12.18,2025-09-03,2168.76,3,Yes,9,Medium
PR00138,Drug_44,9701.15,5977.05,5040.21,0.38,Self-pay,38.7,14.0,No,13.45,2025-11-23,4670.36,0,Yes,14,Medium
PR00139,Drug_38,7370.02,267.33,5097.54,0.45,Commercial,0.6,15.2,No,7.58,2025-01-01,934.75,9,No,10,Small
PR00140,Drug_48,7058.13,3112.1,6061.04,0.88,Medicare,8.6,1.9,No,11.38,2026-04-03,2028.9,3,No,16,Large
PR00141,Drug_2,2677.27,2585.6,3509.11,0.75,VA,22.9,27.1,No,8.38,2026-02-15,4947.12,2,Yes,9,Small
PR00142,Drug_67,3140.6,7783.3,1630.49,0.27,Medicaid,35.2,25.1,No,7.75,2025-08-29,3030.14,2,No,3,Medium
PR00143,Drug_76,6683.11,6200.95,5859.1,0.77,Medicare,1.4,14.1,Yes,0.22,2026-06-30,3092.19,0,Yes,1,Large
PR00144,Drug_19,5939.58,5666.01,1226.8,0.45,Commercial,35.3,24.8,No,5.43,2026-01-17,4871.94,8,No,11,Medium
PR00145,Drug_8,6476.36,3541.75,6570.6,0.22,Medicaid,20.3,21.8,No,9.54,2025-10-16,2555.19,2,Yes,1,Medium
PR00146,Drug_31,8789.44,7128.62,2150.04,0.56,Medicare,31.4,26.9,No,5.73,2026-01-28,62.68,3,No,5,Small
PR00147,Drug_65,1612.41,142.42,136.25,0.86,Commercial,37.9,11.0,Yes,8.5,2024-09-24,203.35,0,Yes,9,Small
PR00148,Drug_72,1172.17,1833.68,1311.43,0.53,TRICARE,8.6,22.8,No,13.21,2025-09-05,3422.92,2,No,3,Medium
PR00149,Drug_7,5650.69,5562.54,2906.47,0.94,Self-pay,23.5,21.9,Yes,4.23,2026-02-28,1096.98,0,Yes,12,Small
PR00150,Drug_55,5006.56,4071.04,391.05,0.33,Medicare,35.3,3.2,No,12.08,2024-11-28,2418.48,3,No,18,Medium
PR00151,Drug_45,4034.67,4274.19,2869.6,0.46,Medicaid,33.8,9.8,Yes,-1.51,2025-12-28,2779.29,9,No,2,Medium
PR00152,Drug_26,9048.08,3335.43,1424.16,0.21,Medicare,20.8,30.1,No,12.5,2024-09-20,3353.38,6,No,10,Medium
PR00153,Drug_26,5588.22,1338.33,137.59,0.24,Medicare,38.0,5.5,No,-0.19,2025-02-10,464.55,9,No,7,Medium
PR00154,Drug_26,5676.84,1336.44,2096.55,0.47,Medicare,28.3,13.3,No,3.46,2025-11-28,3812.22,7,No,18,Medium
PR00155,Drug_9,3670.63,2361.49,1588.0,0.6,Self-pay,21.0,7.9,Yes,6.73,2026-07-14,4604.83,7,No,16,Medium
PR00156,Drug_44,3447.28,3750.73,2941.22,0.38,Commercial,2.3,4.9,No,9.05,2026-05-02,1315.94,0,Yes,13,Small
PR00157,Drug_25,9876.17,6594.41,5314.31,0.32,Medicare,19.5,4.8,Yes,14.2,2026-01-04,1933.21,5,No,1,Small
PR00158,Drug_61,6234.5,3579.08,3570.88,0.52,Commercial,16.9,12.2,No,3.22,2025-03-25,3731.9,7,No,7,Large
PR00159,Drug_60,8252.91,7183.18,5377.62,0.33,Commercial,12.2,28.1,No,-0.55,2025-07-06,1279.78,9,No,11,Medium
PR00160,Drug_77,4480.11,971.17,2360.07,0.67,Commercial,37.7,33.8,Yes,5.8,2026-08-10,2734.11,9,Yes,6,Medium
PR00161,Drug_43,1926.62,2180.01,97.23,0.92,TRICARE,37.0,20.0,No,3.87,2024-11-16,3316.74,7,Yes,5,Medium
PR00162,Drug_75,3255.16,571.63,6455.6,0.8,Commercial,13.5,22.2,No,8.2,2026-05-16,4402.41,8,No,10,Small
PR00163,Drug_73,3467.81,4084.12,2206.43,0.36,Medicare,17.4,27.3,No,13.69,2026-07-28,1759.56,7,No,3,Small
PR00164,Drug_43,5653.48,727.54,3690.51,0.91,Medicare,30.1,23.2,No,8.94,2024-11-12,2488.61,4,Yes,15,Medium
PR00165,Drug_79,1554.61,6367.11,3287.16,0.76,Medicare,33.4,29.7,Yes,7.83,2025-07-14,963.77,0,Yes,12,Medium
PR00166,Drug_39,3876.31,325.79,4083.68,0.32,Medicaid,4.4,30.9,Yes,2.18,2026-05-16,1572.67,8,No,5,Medium
PR00167,Drug_54,1014.77,3807.34,6195.32,0.63,TRICARE,19.6,22.0,No,2.5,2025-10-05,519.94,9,Yes,14,Small
PR00168,Drug_43,4970.34,3369.55,6071.38,0.92,Commercial,36.6,18.7,No,5.41,2026-01-02,1028.31,9,No,12,Small
PR00169,Drug_21,9474.77,1624.24,6867.31,0.27,VA,26.6,13.7,No,13.15,2025-11-02,1763.75,9,No,11,Medium
PR00170,Drug_14,3395.95,4698.14,3700.94,0.4,Medicare,21.7,16.2,Yes,7.85,2026-03-20,2150.15,9,No,13,Medium
PR00171,Drug_59,506.63,3093.7,6457.64,0.48,TRICARE,28.7,12.1,No,6.41,2025-01-01,3549.04,4,No,10,Large
PR00172,Drug_6,6091.52,1590.15,3379.74,0.29,TRICARE,26.5,14.9,No,7.22,2025-10-26,2319.32,6,No,10,Small
PR00173,Drug_64,6350.95,6613.89,315.6,0.42,Commercial,37.7,31.5,No,12.17,2025-10-21,292.79,6,Yes,14,Large
PR00174,Drug_29,4800.9,5288.28,1027.63,0.72,Medicare,36.5,34.0,No,9.52,2025-12-09,3790.94,3,Yes,16,Large
PR00175,Drug_1,3974.63,105.13,2341.23,0.56,VA,15.9,12.7,Yes,13.77,2025-04-01,2687.34,7,No,12,Medium
PR00176,Drug_29,8927.72,4018.9,5079.58,0.52,Commercial,1.3,7.7,No,7.89,2025-08-01,4700.07,9,Yes,18,Large
PR00177,Drug_30,9384.99,2176.28,574.19,0.52,Commercial,13.3,2.7,No,1.33,2026-07-16,3194.44,8,Yes,4,Large
PR00178,Drug_60,6734.88,7321.58,2534.06,0.77,Commercial,8.1,29.3,No,-1.68,2024-11-24,2692.96,3,No,10,Small
PR00179,Drug_80,5017.24,5806.84,6876.62,0.94,Commercial,5.3,30.5,Yes,3.39,2026-05-20,1507.42,1,Yes,1,Medium
PR00180,Drug_28,684.8,4896.02,5500.83,0.64,Medicaid,35.5,15.8,Yes,-0.93,2026-06-13,1220.48,9,No,18,Small
PR00181,Drug_31,3017.37,719.72,4006.11,0.76,Commercial,28.4,19.0,No,4.92,2025-07-16,1188.67,3,Yes,15,Medium
PR00182,Drug_62,2858.07,7445.72,437.08,0.48,VA,1.3,25.9,Yes,1.19,2025-06-25,2065.26,1,Yes,17,Small
PR00183,Drug_43,591.84,1160.46,107.26,0.85,Medicare,36.8,13.2,No,4.88,2025-01-02,898.29,0,No,1,Large
PR00184,Drug_49,8435.2,3610.37,741.21,0.52,Medicare,36.1,7.1,No,4.79,2025-09-29,4228.84,0,Yes,14,Medium
PR00185,Drug_27,8671.81,5450.88,2293.27,0.9,Medicaid,38.0,4.0,Yes,2.7,2025-06-17,4035.73,3,No,12,Large
PR00186,Drug_52,9124.59,3962.19,4246.72,0.76,Commercial,33.2,8.2,No,9.1,2025-01-27,3657.8,8,No,11,Small
PR00187,Drug_24,7420.68,7060.7,1386.37,0.73,Commercial,3.2,22.6,No,5.37,2025-11-27,291.32,8,Yes,19,Medium
PR00188,Drug_1,7108.03,6684.05,362.8,0.42,Commercial,24.9,12.2,No,13.19,2024-11-28,405.93,6,No,4,Medium
PR00189,Drug_47,4783.49,1089.86,640.48,0.8,Commercial,3.3,30.4,Yes,-0.71,2024-12-21,3200.31,4,No,17,Medium
PR00190,Drug_2,8575.41,4944.15,2990.43,0.28,Medicare,28.5,3.1,Yes,4.98,2024-08-22,3757.39,5,Yes,18,Large
PR00191,Drug_10,5106.24,425.21,5413.02,0.6,Commercial,7.9,14.6,No,11.19,2025-12-09,182.24,0,Yes,4,Medium
PR00192,Drug_46,306.11,5766.86,5748.51,0.75,VA,37.4,9.0,No,6.41,2024-09-06,1487.98,2,No,1,Small
PR00193,Drug_4,5853.25,5890.28,2040.91,0.86,VA,37.4,31.1,No,14.42,2025-08-24,724.6,0,Yes,6,Large
PR00194,Drug_72,3910.67,2761.17,4645.75,0.63,Commercial,23.8,28.2,No,0.97,2026-02-28,1194.83,9,Yes,7,Medium
PR00195,Drug_15,5217.77,6294.46,2752.01,0.39,Commercial,30.1,34.5,Yes,3.37,2025-12-12,2615.97,4,Yes,1,Small
PR00196,Drug_19,4412.65,5224.4,6807.73,0.84,Medicare,34.3,4.2,No,-0.03,2025-11-16,590.76,3,No,6,Medium
PR00197,Drug_38,4973.01,4036.37,2837.7,0.78,Medicaid,15.6,27.4,No,2.19,2024-09-12,1187.68,2,Yes,3,Medium
PR00198,Drug_57,1094.64,3646.54,2774.35,0.32,Medicare,23.2,4.4,No,9.43,2025-04-06,2846.3,5,Yes,16,Medium
PR00199,Drug_25,155.19,880.25,3513.47,0.85,Commercial,7.0,5.4,Yes,6.28,2025-02-23,2565.14,5,Yes,2,Medium
PR00200,Drug_75,3408.47,4252.58,183.39,0.92,Commercial,39.4,1.4,Yes,0.76,2026-06-16,4295.08,8,Yes,2,Medium
PR00201,Drug_47,2552.84,1255.55,2928.41,0.6,Commercial,37.2,16.3,No,6.07,2025-06-16,795.37,3,Yes,11,Small
PR00202,Drug_6,2508.08,5251.0,5801.81,0.23,Commercial,19.3,4.4,No,12.41,2025-10-05,1880.93,8,No,11,Medium
PR00203,Drug_4,9371.58,4760.95,4286.51,0.89,Medicare,22.1,12.2,No,5.48,2026-07-31,4625.58,3,No,8,Large
PR00204,Drug_26,8191.66,2329.92,6786.1,0.29,Medicaid,17.5,9.7,No,-1.78,2026-03-14,3989.2,7,Yes,19,Medium
PR00205,Drug_26,143.57,1982.02,2282.73,0.67,Commercial,0.1,34.2,No,-1.07,2025-07-06,3006.92,7,Yes,15,Small
PR00206,Drug_37,97.1,3812.69,1134.86,0.5,Commercial,9.2,23.0,No,5.45,2025-10-27,3856.51,1,No,14,Medium
PR00207,Drug_23,7771.23,4103.8,5255.28,0.94,VA,4.1,14.4,Yes,8.09,2025-10-06,2269.48,9,No,18,Large
PR00208,Drug_29,9848.76,6385.02,310.38,0.89,TRICARE,12.9,30.7,No,13.07,2026-03-06,4557.9,7,No,5,Large
PR00209,Drug_34,4657.41,2437.23,1121.09,0.79,Medicare,9.4,2.2,No,14.69,2025-12-13,3018.3,1,No,2,Medium
PR00210,Drug_23,4336.97,3232.15,3551.11,0.35,Medicaid,30.5,11.7,No,14.67,2026-07-11,3493.4,7,No,2,Small
PR00211,Drug_44,2765.49,2751.62,5276.0,0.72,Commercial,20.2,18.0,No,7.48,2025-09-02,3277.33,5,Yes,2,Medium
PR00212,Drug_71,6669.67,3157.78,4208.79,0.63,TRICARE,32.7,1.9,No,-1.39,2024-09-12,3380.18,2,No,2,Small
PR00213,Drug_32,4721.78,4540.24,6964.27,0.3,TRICARE,25.4,5.1,No,1.63,2025-04-29,3223.26,6,No,9,Medium
PR00214,Drug_23,1683.51,4463.31,4586.31,0.8,Medicaid,26.2,31.3,No,5.38,2024-10-28,415.13,5,Yes,12,Large
PR00215,Drug_26,4818.93,2895.85,5076.15,0.26,Commercial,35.0,6.3,No,12.95,2025-09-05,3039.05,2,Yes,18,Medium
PR00216,Drug_3,3769.95,4822.66,6957.44,0.56,Medicare,33.9,32.3,Yes,-1.63,2025-07-13,3927.83,4,No,3,Small
PR00217,Drug_23,8899.16,4931.43,4149.28,0.52,Commercial,2.5,3.4,No,6.66,2026-04-02,51.96,3,Yes,19,Medium
PR00218,Drug_34,7718.15,4218.97,5003.76,0.8,Medicare,23.1,31.1,Yes,9.11,2025-10-24,4463.8,5,No,16,Large
PR00219,Drug_13,7015.46,3623.27,2091.8,0.52,Commercial,16.5,15.9,Yes,2.9,2025-06-27,4763.56,0,No,11,Medium
PR00220,Drug_3,3278.33,630.87,3759.6,0.72,Medicare,24.0,20.1,Yes,3.37,2026-03-03,684.54,0,Yes,15,Large
PR00221,Drug_18,1404.76,4333.81,6384.11,0.56,Commercial,34.5,9.9,No,4.6,2026-03-23,2698.51,7,Yes,11,Small
PR00222,Drug_49,8648.14,5703.9,5973.99,0.64,Medicaid,0.5,9.6,Yes,2.67,2024-08-23,597.45,7,Yes,10,Large
PR00223,Drug_15,3434.05,1728.89,2147.48,0.38,Medicaid,0.4,17.2,No,5.43,2025-09-23,1450.89,8,Yes,19,Medium
PR00224,Drug_44,5933.64,6224.46,2503.74,0.35,Commercial,2.5,12.5,No,0.69,2026-03-07,3126.39,7,Yes,5,Medium
PR00225,Drug_27,5912.35,4694.75,5925.38,0.73,Medicaid,35.0,2.7,No,1.39,2026-05-18,1549.12,1,Yes,14,Medium
PR00226,Drug_40,9281.25,1906.27,1996.29,0.29,Commercial,14.1,12.4,Yes,-1.37,2024-11-16,1859.47,4,Yes,9,Medium
PR00227,Drug_59,1725.52,1310.31,6213.89,0.33,Commercial,14.8,8.9,No,4.99,2026-03-21,3743.37,7,Yes,6,Medium
PR00228,Drug_31,7718.74,1969.25,5417.52,0.91,Medicare,13.8,29.7,Yes,10.02,2026-03-14,2896.17,8,Yes,1,Small
PR00229,Drug_48,4631.28,6074.62,1070.73,0.39,Medicare,9.2,29.3,No,6.6,2026-08-07,2614.32,5,Yes,12,Small
PR00230,Drug_48,1755.77,2010.09,5039.76,0.44,Commercial,1.6,5.0,Yes,7.02,2025-12-27,1654.66,3,Yes,14,Large
PR00231,Drug_22,8358.03,5468.32,5841.12,0.67,Commercial,36.3,25.6,Yes,5.65,2025-08-25,3535.55,8,Yes,4,Medium
PR00232,Drug_68,8203.19,4370.17,1014.68,0.53,Medicare,9.3,15.8,Yes,7.94,2024-09-13,2148.63,3,Yes,15,Small
PR00233,Drug_80,411.42,4378.39,3204.15,0.62,TRICARE,35.8,30.4,No,1.9,2025-04-08,4499.13,5,No,17,Large
PR00234,Drug_56,7097.31,6821.97,6039.08,0.31,Commercial,38.2,9.6,No,1.53,2025-08-14,3027.91,4,Yes,12,Small
PR00235,Drug_9,1543.66,6998.82,1394.56,0.7,Commercial,23.1,3.1,Yes,14.01,2024-11-04,2714.65,0,Yes,1,Medium
PR00236,Drug_16,6107.5,4298.98,3146.38,0.32,Medicare,14.9,28.0,No,5.66,2025-09-26,4025.52,3,Yes,13,Small
PR00237,Drug_19,6441.59,529.8,4291.33,0.76,Medicaid,30.6,30.4,Yes,12.06,2026-01-21,2452.93,9,No,10,Large
PR00238,Drug_17,6655.79,1296.19,685.28,0.59,Commercial,1.0,29.4,No,13.59,2026-04-29,1432.48,2,Yes,4,Medium
PR00239,Drug_25,1209.77,7589.75,1488.33,0.81,Commercial,37.2,11.5,No,8.45,2026-04-01,817.73,7,No,6,Large
PR00240,Drug_25,5987.18,1084.42,3269.78,0.33,Commercial,16.3,1.1,No,3.08,2024-08-29,2831.0,6,Yes,9,Medium
PR00241,Drug_69,1007.63,6684.13,2618.9,0.48,Medicare,12.3,4.9,No,9.56,2026-05-02,2153.04,9,Yes,18,Small
PR00242,Drug_49,7458.09,4326.93,2276.81,0.84,Commercial,5.1,32.2,No,5.33,2024-08-15,2017.01,0,Yes,2,Medium
PR00243,Drug_48,646.81,919.19,189.44,0.8,Commercial,38.2,12.7,No,14.54,2025-09-01,1779.57,7,No,6,Medium
PR00244,Drug_41,7580.53,7356.67,6495.91,0.92,Commercial,32.4,30.8,No,11.79,2026-01-25,3374.48,6,Yes,11,Large
PR00245,Drug_77,8836.09,7425.42,6100.6,0.37,Medicare,29.0,34.3,No,11.85,2026-02-28,2619.03,1,No,13,Large
PR00246,Drug_55,2992.43,4925.97,2751.37,0.6,Medicare,37.2,13.8,No,8.01,2025-02-20,2709.33,9,No,6,Large
PR00247,Drug_32,7785.14,3115.77,1273.72,0.21,Medicaid,38.4,27.2,No,-1.86,2026-04-27,1575.22,3,No,12,Medium
PR00248,Drug_6,4181.04,4863.13,487.98,0.92,Medicare,10.7,5.9,No,12.14,2026-07-18,3087.57,1,No,19,Medium
PR00249,Drug_79,7979.16,5025.06,866.7,0.33,Medicare,31.5,13.4,No,-1.57,2026-04-09,2047.4,8,Yes,18,Medium
PR00250,Drug_76,6865.66,4980.13,4216.15,0.88,Medicare,30.7,24.7,No,0.08,2026-02-26,3858.93,7,Yes,19,Medium
PR00251,Drug_25,2898.51,5869.4,5138.75,0.71,Medicare,22.3,7.2,No,12.26,2025-06-26,2671.18,0,No,12,Large
PR00252,Drug_69,1945.4,544.62,1099.17,0.9,Commercial,6.0,11.2,No,1.72,2026-06-25,1482.79,0,No,13,Large
PR00253,Drug_38,9148.27,827.42,793.97,0.39,Medicaid,37.6,19.7,No,12.3,2025-06-28,781.26,7,No,4,Large
PR00254,Drug_20,8391.4,2267.97,4839.1,0.46,TRICARE,12.6,24.2,Yes,2.02,2026-01-20,3514.68,4,Yes,6,Small
PR00255,Drug_42,6602.42,2802.74,3621.57,0.32,Medicare,23.2,12.5,No,11.1,2025-06-06,1886.97,0,Yes,13,Large
PR00256,Drug_32,3500.22,5107.14,2606.0,0.52,Commercial,0.8,13.2,No,7.22,2024-08-22,374.28,3,Yes,10,Medium
PR00257,Drug_7,5109.49,1381.63,5076.23,0.91,Medicare,17.2,3.8,No,9.41,2025-10-31,4578.85,1,Yes,3,Medium
PR00258,Drug_36,5583.06,4331.91,3192.46,0.63,Commercial,24.7,34.4,No,12.25,2025-08-17,1963.89,8,Yes,9,Medium
PR00259,Drug_17,869.84,1489.23,3258.53,0.51,Commercial,15.2,21.4,No,14.73,2025-07-19,3742.42,9,Yes,15,Large
PR00260,Drug_66,9722.62,2849.05,115.11,0.44,VA,19.1,18.6,No,-0.54,2026-04-23,2321.63,5,Yes,5,Medium
PR00261,Drug_75,927.27,7484.51,2215.48,0.64,Medicaid,7.7,7.4,Yes,9.65,2024-12-17,4460.08,8,No,9,Small
PR00262,Drug_63,7219.62,7166.43,40.22,0.74,Medicaid,14.0,17.1,No,14.3,2026-01-05,193.91,0,Yes,15,Medium
PR00263,Drug_27,4933.09,7625.21,6467.31,0.51,Medicaid,28.9,15.7,No,4.35,2026-02-04,1334.06,0,Yes,13,Large
PR00264,Drug_11,7601.19,4734.62,2061.1,0.37,Commercial,38.8,9.0,No,3.67,2024-11-01,2751.59,3,Yes,3,Large
PR00265,Drug_61,2616.69,4014.39,1267.74,0.64,Medicare,18.8,15.6,No,9.56,2026-05-27,1649.98,1,Yes,19,Small
PR00266,Drug_79,3957.15,6792.53,640.83,0.47,Commercial,27.4,7.1,Yes,4.83,2024-10-29,3726.31,0,No,2,Large
PR00267,Drug_9,5259.76,644.68,331.22,0.95,Medicaid,39.0,24.9,No,1.65,2025-10-26,3457.67,5,Yes,18,Small
PR00268,Drug_22,1216.13,7827.77,6202.63,0.53,Medicare,31.0,31.8,No,0.74,2025-07-23,176.35,7,No,14,Medium
PR00269,Drug_66,8519.86,3703.28,1183.75,0.53,Medicare,0.4,0.1,Yes,1.27,2024-12-05,3022.54,0,No,13,Medium
PR00270,Drug_50,9915.46,5408.88,4324.31,0.83,Commercial,37.4,19.5,No,9.97,2025-01-28,4187.64,9,No,8,Medium
PR00271,Drug_66,4181.7,5829.93,4560.27,0.39,Medicare,34.7,25.6,No,13.62,2026-07-14,1612.33,9,No,10,Small
PR00272,Drug_48,3774.4,5033.69,2226.22,0.25,Medicare,10.8,31.8,No,11.7,2025-09-29,739.83,5,No,2,Large
PR00273,Drug_64,5944.87,7133.07,5833.56,0.84,Medicaid,7.3,12.5,No,5.62,2026-03-13,3704.57,0,Yes,10,Large
PR00274,Drug_67,6889.8,2310.99,1502.14,0.64,Commercial,36.0,31.8,No,6.99,2024-09-17,4507.12,7,No,2,Medium
PR00275,Drug_60,8687.08,4262.21,504.85,0.4,Medicare,27.5,28.9,No,8.54,2026-07-14,3301.68,5,Yes,4,Small
PR00276,Drug_23,3735.18,3447.0,484.45,0.46,VA,9.5,18.4,No,7.86,2026-04-30,4237.92,0,Yes,9,Small
PR00277,Drug_42,7650.62,5635.4,2106.49,0.52,Commercial,28.6,9.0,No,14.46,2026-01-18,4993.39,8,Yes,10,Small
PR00278,Drug_48,2408.41,3165.76,3245.41,0.71,Self-pay,24.0,22.8,No,13.07,2026-03-10,2521.96,0,Yes,4,Small
PR00279,Drug_68,6807.68,7143.74,4407.4,0.55,Commercial,12.4,9.1,Yes,-1.26,2024-12-08,4679.68,8,No,3,Large
PR00280,Drug_62,4672.78,3927.52,5102.31,0.5,TRICARE,22.3,12.2,No,12.21,2024-08-19,1754.59,2,No,7,Medium
PR00281,Drug_64,6620.19,4291.78,1254.94,0.79,VA,21.1,16.3,Yes,-0.06,2025-09-03,3740.96,7,Yes,16,Small
PR00282,Drug_61,3804.28,3951.2,4789.04,0.25,Medicaid,20.4,17.4,No,9.73,2025-11-13,4512.26,7,Yes,5,Small
PR00283,Drug_35,2950.45,4984.11,1281.87,0.69,Commercial,20.7,6.6,No,2.86,2026-05-29,2628.33,6,Yes,13,Large
PR00284,Drug_75,4865.04,4087.13,6980.37,0.54,Commercial,0.0,24.3,Yes,11.15,2026-07-29,3151.01,1,Yes,10,Medium
PR00285,Drug_52,8952.08,7499.85,6713.68,0.45,Commercial,10.7,34.7,No,-1.85,2025-06-28,4853.94,2,Yes,2,Medium
PR00286,Drug_75,6751.77,1055.93,721.34,0.9,Medicaid,17.2,8.5,No,4.5,2025-02-06,1293.34,4,Yes,16,Medium
PR00287,Drug_5,6120.46,115.31,4587.57,0.78,Commercial,5.1,19.4,Yes,-1.63,2025-01-24,1812.09,4,No,1,Small
PR00288,Drug_27,7201.45,4178.12,6323.35,0.36,Medicare,30.0,15.9,No,14.21,2025-09-07,3872.77,1,Yes,6,Large
PR00289,Drug_29,7293.83,6118.93,569.51,0.69,Medicaid,33.9,10.8,Yes,-1.74,2025-08-08,1737.8,0,Yes,19,Small
PR00290,Drug_26,2954.49,5188.38,872.25,0.82,Medicare,32.7,14.7,No,0.64,2025-01-07,2528.84,4,No,1,Large
PR00291,Drug_58,2335.05,7702.17,2432.25,0.94,Medicaid,18.4,25.6,Yes,7.17,2024-10-15,299.77,4,Yes,5,Small
PR00292,Drug_31,5096.23,1464.76,674.62,0.72,Medicare,27.6,14.5,Yes,8.98,2026-04-25,2849.15,2,No,12,Medium
PR00293,Drug_51,1486.89,5554.31,6199.72,0.72,Medicare,3.1,17.7,No,10.39,2026-07-11,3152.58,7,Yes,17,Large
PR00294,Drug_28,4752.66,6528.42,6129.44,0.66,Medicare,8.0,16.7,Yes,2.2,2025-12-18,458.89,5,No,19,Large
PR00295,Drug_40,6933.52,7297.22,6641.25,0.23,Medicaid,1.9,19.4,No,3.12,2025-05-30,1257.32,1,Yes,8,Medium
PR00296,Drug_55,84.03,4232.18,1438.92,0.64,Commercial,38.6,10.2,No,2.08,2024-08-18,2194.27,1,No,10,Medium
PR00297,Drug_49,1120.36,2909.95,322.23,0.8,Commercial,23.0,17.8,Yes,2.15,2024-11-07,3917.14,3,No,3,Small
PR00298,Drug_74,9621.92,7643.25,3115.17,0.5,Self-pay,7.0,4.7,No,11.29,2025-05-27,157.2,5,No,9,Large
PR00299,Drug_21,9280.14,6333.44,6164.47,0.64,Commercial,28.3,25.9,Yes,14.12,2025-10-23,1690.18,8,Yes,7,Large
PR00300,Drug_48,4184.99,3770.98,4470.94,0.89,Commercial,19.6,3.9,No,8.13,2025-07-31,74.22,7,No,6,Medium
PR00301,Drug_33,5904.43,5212.12,6988.23,0.33,Medicare,17.4,27.5,No,0.68,2025-10-31,2630.35,7,No,15,Medium
PR00302,Drug_71,1561.37,2234.39,6340.28,0.41,VA,36.5,28.9,No,-0.89,2025-01-01,2518.94,1,Yes,13,Small
PR00303,Drug_11,3316.81,4921.82,2752.29,0.28,Commercial,28.3,0.7,No,2.07,2025-06-05,3789.09,3,No,14,Large
PR00304,Drug_18,7931.39,4323.92,281.53,0.58,Commercial,27.6,29.1,No,1.02,2026-01-23,69.4,5,Yes,5,Medium
PR00305,Drug_11,8561.11,321.49,41.17,0.83,Medicare,3.9,22.7,No,7.83,2024-10-11,3805.63,5,Yes,2,Medium
PR00306,Drug_38,4058.87,6927.06,4511.22,0.53,Medicare,3.7,3.4,No,9.86,2026-02-18,4461.57,9,No,7,Large
PR00307,Drug_57,3117.42,3925.62,6410.78,0.25,Commercial,26.6,34.9,No,-1.92,2025-12-01,1621.23,5,No,1,Small
PR00308,Drug_67,6820.0,3842.05,3112.39,0.4,Self-pay,6.3,21.5,No,5.47,2025-09-27,1701.77,7,No,16,Small
PR00309,Drug_46,7181.85,2273.17,6120.67,0.87,Medicare,18.1,14.0,No,8.59,2025-06-04,55.29,7,No,7,Medium
PR00310,Drug_30,9838.23,1577.53,3969.35,0.62,Medicare,22.8,31.0,No,1.28,2025-12-02,2174.11,6,No,15,Small
PR00311,Drug_75,6976.31,2336.64,690.65,0.89,Commercial,15.5,1.5,Yes,13.32,2026-02-04,3084.42,4,No,6,Medium
PR00312,Drug_6,2409.25,5202.64,5589.22,0.83,TRICARE,3.4,25.1,Yes,7.33,2026-04-12,657.34,5,Yes,19,Medium
PR00313,Drug_60,609.25,788.41,3450.7,0.51,Commercial,29.7,5.0,No,3.87,2025-11-23,3302.97,5,Yes,9,Small
PR00314,Drug_66,2583.48,2668.25,362.19,0.68,Medicaid,35.4,19.3,No,-1.68,2025-02-02,1860.43,2,Yes,6,Small
PR00315,Drug_80,2274.26,7830.09,5703.15,0.7,Commercial,6.5,3.4,No,6.23,2025-02-28,3381.34,2,No,17,Small
PR00316,Drug_44,937.41,2178.06,5304.79,0.76,Medicare,34.2,23.8,No,3.71,2024-12-25,1292.93,6,Yes,5,Small
PR00317,Drug_55,4449.43,7733.51,3203.72,0.45,Medicare,31.5,16.3,Yes,14.48,2025-05-05,3884.5,5,No,15,Small
PR00318,Drug_58,2888.51,845.65,141.15,0.42,Commercial,22.6,0.2,Yes,4.44,2024-11-11,2766.82,4,No,7,Small
PR00319,Drug_60,9251.65,6353.53,2431.82,0.71,Commercial,23.8,2.5,No,13.66,2026-03-06,2689.31,5,Yes,14,Medium
PR00320,Drug_56,4045.06,3522.39,3047.48,0.81,Commercial,26.1,24.6,No,9.66,2026-06-01,2466.39,5,No,18,Large
PR00321,Drug_53,8767.4,1564.98,1161.38,0.51,Medicaid,21.0,14.0,Yes,-0.74,2026-01-05,4217.78,3,Yes,17,Small
PR00322,Drug_48,3074.25,6301.08,1130.53,0.44,Medicare,33.8,23.5,No,13.86,2025-05-13,2793.56,4,Yes,18,Medium
PR00323,Drug_64,8316.59,63.79,1173.03,0.82,Medicare,19.0,13.6,No,0.86,2026-05-08,840.02,6,No,2,Small
PR00324,Drug_41,4550.6,2782.34,2597.19,0.72,Medicare,21.9,12.7,No,5.62,2025-04-12,3147.74,0,Yes,18,Medium
PR00325,Drug_35,333.26,4842.02,5723.72,0.46,Commercial,1.5,29.9,Yes,13.69,2025-12-19,2594.73,9,No,14,Large
PR00326,Drug_49,4874.66,1853.91,5316.71,0.6,Medicare,7.2,29.9,No,12.08,2024-11-24,391.22,5,Yes,4,Medium
PR00327,Drug_4,2275.41,2665.61,75.75,0.92,Medicare,36.2,32.2,No,6.29,2024-11-12,2926.35,4,No,7,Small
PR00328,Drug_23,3081.35,738.9,72.45,0.76,Commercial,4.9,28.8,No,1.52,2025-08-30,442.95,5,No,7,Medium
PR00329,Drug_57,6846.73,6826.87,548.49,0.37,Commercial,36.2,4.5,Yes,6.66,2025-06-26,3637.92,0,No,1,Large
PR00330,Drug_30,5299.75,3381.95,3268.74,0.42,TRICARE,25.4,2.3,No,7.31,2026-03-27,3291.16,3,No,8,Medium
PR00331,Drug_34,8887.24,1169.2,6222.73,0.4,Commercial,36.8,2.0,Yes,14.95,2026-06-19,2491.62,7,Yes,10,Small
PR00332,Drug_10,9360.19,1599.16,1279.89,0.84,Medicare,32.6,34.3,No,12.01,2025-06-25,3756.48,3,No,9,Large
PR00333,Drug_46,6912.66,2207.13,3340.19,0.68,Medicaid,34.6,17.5,No,12.64,2026-05-13,1439.68,9,Yes,7,Medium
PR00334,Drug_11,8636.72,1841.9,290.03,0.9,Medicare,21.0,4.0,No,14.77,2025-06-22,2259.81,7,No,3,Large
PR00335,Drug_38,1958.79,4030.43,147.18,0.27,Medicare,33.0,19.1,No,6.9,2025-04-24,125.68,7,No,12,Small
PR00336,Drug_65,801.95,7242.5,57.34,0.24,Commercial,18.4,24.9,No,7.95,2025-11-27,4942.05,1,No,3,Medium
PR00337,Drug_66,3336.36,1477.85,5158.08,0.71,Commercial,1.8,3.3,No,5.73,2025-03-29,328.46,5,Yes,5,Medium
PR00338,Drug_70,3263.91,3631.94,171.66,0.4,Medicare,26.1,12.1,Yes,0.13,2024-12-03,567.05,6,Yes,7,Medium
PR00339,Drug_11,6654.27,5314.12,1920.34,0.71,Commercial,29.1,6.6,Yes,6.93,2025-09-25,2499.68,6,Yes,12,Small
PR00340,Drug_36,8405.19,1476.88,4517.11,0.74,Medicare,4.1,34.1,Yes,7.9,2024-08-22,1910.72,0,Yes,17,Medium
PR00341,Drug_30,2975.85,1238.7,4332.46,0.43,Medicare,32.6,11.1,Yes,2.03,2024-11-15,2685.13,3,No,14,Medium
PR00342,Drug_13,4253.48,1249.66,390.74,0.91,Medicaid,3.0,24.2,No,11.31,2024-08-21,4183.31,6,Yes,3,Medium
PR00343,Drug_16,1058.5,7056.82,1800.38,0.78,Commercial,17.7,32.1,No,0.12,2026-02-27,835.17,5,Yes,1,Medium
PR00344,Drug_10,4133.28,5692.43,4477.06,0.48,Self-pay,19.5,30.2,No,6.53,2025-07-31,3215.68,2,No,18,Medium
PR00345,Drug_47,2151.94,2696.26,2748.76,0.51,Self-pay,1.5,13.8,No,9.27,2026-01-04,139.28,9,No,14,Medium
PR00346,Drug_5,3830.73,7221.27,3263.43,0.74,Commercial,2.6,10.9,No,-1.07,2025-10-19,3960.72,9,No,13,Small
PR00347,Drug_70,2670.81,7628.74,1453.56,0.43,Commercial,18.0,28.3,No,11.67,2024-12-27,4087.37,0,Yes,12,Medium
PR00348,Drug_26,8089.21,3191.0,269.11,0.42,Commercial,12.5,7.2,No,3.17,2025-08-01,1927.92,4,Yes,5,Small
PR00349,Drug_43,50.59,4087.5,2419.69,0.67,Commercial,32.6,25.1,No,10.2,2025-03-21,908.0,7,Yes,3,Large
PR00350,Drug_26,3393.7,2869.81,4782.47,0.3,Medicare,16.6,29.2,No,-0.16,2025-11-07,4064.75,2,No,14,Medium
PR00351,Drug_43,9692.66,1826.63,5366.87,0.95,Medicare,4.2,29.7,No,8.55,2025-10-25,4550.58,4,No,7,Medium
PR00352,Drug_33,6793.14,6241.84,4149.75,0.42,Commercial,6.3,0.3,No,7.47,2025-07-09,422.77,8,No,7,Large
PR00353,Drug_39,7723.95,5195.31,2755.44,0.49,Medicare,26.9,17.5,No,0.55,2026-01-25,2920.04,7,No,17,Small
PR00354,Drug_36,8600.14,2940.19,4084.03,0.37,Medicaid,38.0,12.5,No,8.62,2025-01-04,4693.86,8,No,6,Medium
PR00355,Drug_25,3624.82,122.92,4936.4,0.68,Medicare,34.8,34.3,No,9.75,2024-10-21,3236.49,4,Yes,15,Medium
PR00356,Drug_78,668.79,6111.28,5288.13,0.25,Commercial,5.2,19.0,No,6.47,2026-03-29,4110.58,2,Yes,19,Large
PR00357,Drug_18,4112.79,3823.15,665.93,0.9,Commercial,0.7,15.0,No,7.84,2025-04-01,1187.62,8,Yes,15,Large
PR00358,Drug_70,6530.54,592.1,5621.87,0.43,Medicare,1.1,8.6,No,13.09,2024-08-15,556.56,3,No,7,Large
PR00359,Drug_34,3714.21,1003.02,449.02,0.9,Medicare,22.2,29.6,No,9.86,2025-03-31,1912.13,0,No,5,Small
PR00360,Drug_2,4488.64,5030.0,6093.85,0.39,Medicaid,19.4,11.2,No,13.4,2025-07-31,2005.8,1,No,15,Small
PR00361,Drug_39,8256.78,4374.29,2748.72,0.59,Commercial,0.5,28.9,No,7.39,2026-05-23,3941.71,7,Yes,13,Small
PR00362,Drug_37,372.01,1929.9,3830.72,0.72,Medicare,2.3,31.2,Yes,0.97,2025-03-06,2061.16,1,Yes,7,Medium
PR00363,Drug_45,3353.86,1125.92,2033.43,0.66,Medicare,40.0,2.0,No,2.19,2025-06-20,1221.18,5,Yes,13,Medium
PR00364,Drug_52,4889.25,7078.8,2989.51,0.58,Medicaid,38.6,17.8,No,1.0,2026-03-08,4437.39,4,No,13,Medium
PR00365,Drug_52,2998.88,1085.86,5917.13,0.79,Medicaid,5.1,14.7,No,3.7,2026-05-18,3924.14,8,Yes,13,Medium
PR00366,Drug_75,4463.84,692.72,2073.4,0.55,Self-pay,6.6,13.8,No,6.12,2025-02-04,3353.14,7,No,8,Large
PR00367,Drug_2,4023.63,4962.58,3951.44,0.45,VA,36.0,13.0,No,2.35,2025-02-17,1075.21,0,Yes,5,Small
PR00368,Drug_61,9239.85,2026.4,4531.32,0.74,Medicare,20.3,18.6,No,6.09,2025-05-01,1063.82,2,No,4,Large
PR00369,Drug_66,4936.29,5255.55,1029.13,0.9,Self-pay,38.3,4.6,Yes,4.19,2025-12-10,2482.21,4,No,17,Small
PR00370,Drug_20,4768.46,3916.87,5445.82,0.65,Commercial,20.8,30.5,Yes,7.44,2025-03-13,2678.06,7,No,14,Small
PR00371,Drug_51,2552.34,1696.3,6993.48,0.41,Commercial,23.1,19.5,Yes,5.28,2026-01-26,1317.67,6,No,11,Large
PR00372,Drug_30,472.77,564.55,1089.66,0.77,Commercial,8.8,12.1,Yes,5.38,2025-12-31,660.68,1,Yes,10,Medium
PR00373,Drug_30,3001.79,572.64,5376.35,0.77,Commercial,35.0,8.5,Yes,6.34,2026-06-18,1847.86,6,No,1,Large
PR00374,Drug_27,281.81,4690.2,1033.78,0.4,Medicaid,33.0,21.6,No,14.79,2026-05-07,2173.96,4,No,7,Medium
PR00375,Drug_61,8269.47,6067.9,6652.04,0.49,Commercial,13.5,27.5,Yes,7.46,2024-10-28,310.08,5,No,6,Large
PR00376,Drug_30,2050.83,5519.76,2879.84,0.31,Medicaid,24.5,15.4,No,10.3,2024-09-02,2844.97,7,Yes,7,Small
PR00377,Drug_67,9112.82,4746.08,6859.52,0.26,Medicaid,13.7,34.5,No,5.08,2024-11-28,59.95,4,Yes,15,Medium
PR00378,Drug_76,8859.5,1693.74,480.08,0.81,Medicaid,18.6,18.7,No,3.54,2024-08-19,798.31,8,No,6,Large
PR00379,Drug_71,6650.31,6895.41,5537.91,0.48,Commercial,34.1,34.3,No,13.58,2025-11-14,777.45,0,Yes,18,Medium
PR00380,Drug_60,8626.81,5033.74,3316.28,0.41,Medicare,16.6,33.7,Yes,10.62,2025-07-19,3453.4,4,No,2,Small
PR00381,Drug_60,8780.37,5556.03,2030.01,0.39,Medicaid,33.6,21.0,No,7.9,2025-07-24,2455.16,0,Yes,9,Small
PR00382,Drug_44,7765.7,1796.86,5236.48,0.26,Commercial,38.4,20.3,Yes,3.72,2026-05-24,4188.38,0,Yes,6,Large
PR00383,Drug_11,5084.2,2097.84,4449.12,0.94,Medicaid,16.7,3.7,No,2.38,2024-10-07,1361.0,0,No,17,Medium
PR00384,Drug_41,9500.96,7261.14,6320.68,0.48,Medicaid,35.1,32.5,No,2.29,2026-07-11,1092.34,4,No,11,Medium
PR00385,Drug_25,8179.23,3812.78,1745.42,0.32,Commercial,12.2,28.1,No,6.56,2025-07-28,4024.33,8,No,4,Large
PR00386,Drug_55,1278.58,4434.31,6578.52,0.85,Commercial,0.1,17.5,No,12.87,2025-03-27,2248.81,1,No,7,Large
PR00387,Drug_54,4204.88,893.24,4494.87,0.74,Commercial,3.4,10.7,No,12.98,2024-10-10,1407.44,5,Yes,15,Medium
PR00388,Drug_27,5401.51,3161.44,3155.79,0.7,VA,29.5,29.3,Yes,10.66,2025-12-28,2120.39,4,Yes,17,Large
PR00389,Drug_57,5298.85,7097.19,376.65,0.42,Commercial,4.0,10.2,Yes,7.22,2025-07-28,2155.1,6,Yes,12,Medium
PR00390,Drug_58,3801.55,7202.01,5357.41,0.51,Medicare,37.6,19.0,No,1.99,2024-11-12,2881.93,6,Yes,13,Medium
PR00391,Drug_72,5321.09,5843.38,6009.52,0.83,Commercial,34.7,7.0,No,6.14,2025-03-22,236.45,2,Yes,13,Small
PR00392,Drug_4,938.99,4368.74,5668.04,0.68,Medicare,20.6,28.2,Yes,9.81,2026-06-16,1277.35,5,Yes,8,Small
PR00393,Drug_48,6555.77,7447.13,5150.98,0.46,Commercial,23.3,26.3,No,8.12,2026-03-27,2361.13,2,Yes,7,Large
PR00394,Drug_18,4982.44,6975.75,6786.03,0.28,Medicare,27.8,10.2,No,6.74,2026-01-10,2734.35,1,No,4,Medium
PR00395,Drug_74,7878.65,6772.04,5944.47,0.88,Commercial,29.3,4.1,Yes,5.28,2026-06-11,835.84,4,No,3,Medium
PR00396,Drug_17,6936.94,7055.4,6495.51,0.92,Medicare,19.6,6.2,No,10.79,2024-08-13,1008.43,3,Yes,17,Medium
PR00397,Drug_40,1136.57,3630.28,5114.7,0.74,Commercial,12.5,21.6,No,12.32,2026-02-12,3651.63,3,Yes,16,Medium
PR00398,Drug_2,3513.59,4207.72,5742.35,0.72,VA,36.4,5.3,Yes,10.29,2025-07-19,3938.51,3,Yes,19,Small
PR00399,Drug_64,7365.1,3396.71,2027.66,0.6,Medicaid,1.9,11.2,Yes,13.94,2025-05-16,421.96,7,Yes,2,Large
PR00400,Drug_46,3375.49,5922.62,4683.95,0.93,Medicaid,14.2,29.4,No,11.26,2025-05-10,4950.9,0,Yes,14,Medium
