trial_id,drug_name,condition_treated,trial_phase,start_date,end_date,patient_count,male_participants,female_participants,age_range,efficacy_rate,placebo_efficacy,adverse_events_count,serious_adverse_events,trial_status,sponsor,budget_millions,completion_rate,data_quality_score,publication_status
CT00001,Drug_41,Cancer,Phase II,2024-01-28,2025-12-13,986,1060,1699,37-83,69.3,12.2,19,7,Completed,BioMed Inc,44.35,91.2,8.3,Submitted
CT00002,Drug_8,Arthritis,Phase III,2025-06-18,2026-04-22,4964,1719,320,22-67,47.8,22.1,34,7,Completed,Govt. Research,40.9,93.2,9.7,Pending
CT00003,Drug_2,Asthma,Phase II,2025-05-14,2025-09-23,3452,2045,271,23-85,86.7,18.9,46,7,Completed,Govt. Research,1.44,69.8,9.4,Submitted
CT00004,Drug_48,Arthritis,Phase III,2025-03-11,2026-07-31,708,2256,1452,23-73,55.7,17.0,1,6,Completed,BioMed Inc,36.93,67.4,6.7,Submitted
CT00005,Drug_18,Arthritis,Phase III,2025-07-20,2026-07-02,4263,2444,415,18-65,58.7,18.4,29,7,Completed,Govt. Research,10.82,96.3,7.7,Published
CT00006,Drug_16,Diabetes Type 2,Phase I,2023-10-14,2026-08-02,3721,358,2200,28-85,53.7,34.1,33,5,Completed,BioMed Inc,7.08,78.6,7.9,Pending
CT00007,Drug_15,Asthma,Phase II,2024-05-27,2026-08-09,361,969,351,31-85,62.5,37.9,21,1,Terminated,BioMed Inc,32.11,75.1,9.2,Not Submitted
CT00008,Drug_9,Asthma,Phase III,2024-09-15,2025-09-24,1744,1973,1349,39-83,85.1,22.2,2,1,Completed,PharmaCorp,16.33,90.4,8.4,Submitted
CT00009,Drug_48,Asthma,Phase III,2024-12-14,2025-10-30,4442,702,253,25-68,72.5,37.2,5,7,Completed,HealthTech,3.33,94.3,8.6,Published
CT00010,Drug_7,Arthritis,Phase IV,2025-08-03,2025-10-12,1812,1569,499,23-85,55.9,19.6,14,0,Completed,HealthTech,7.31,95.2,10.0,Published
CT00011,Drug_44,Cancer,Phase III,2025-01-10,2025-10-24,1779,387,21,40-63,91.5,24.3,26,5,Ongoing,PharmaCorp,0.55,76.1,6.3,Not Submitted
CT00012,Drug_48,Asthma,Phase II,2023-09-18,2025-11-27,3232,536,570,30-61,91.6,16.8,9,5,Ongoing,PharmaCorp,45.21,94.8,6.9,Published
CT00013,Drug_35,Depression,Phase I,2025-06-07,2025-09-25,1009,2263,51,33-67,91.1,29.2,8,3,Completed,HealthTech,1.72,66.4,7.6,Submitted
CT00014,Drug_6,Arthritis,Phase III,2023-10-05,2025-11-13,2282,1269,603,24-74,57.7,39.4,32,9,Ongoing,BioMed Inc,10.87,66.7,7.4,Published
CT00015,Drug_38,Diabetes Type 2,Phase I,2025-01-03,2025-08-19,2502,1885,1462,29-69,68.9,28.1,31,2,Ongoing,BioMed Inc,21.11,86.8,6.1,Pending
CT00016,Drug_28,Cancer,Phase III,2023-10-27,2025-12-28,971,1773,1836,25-67,97.2,20.7,47,2,Completed,HealthTech,18.15,67.2,6.4,Pending
CT00017,Drug_3,Depression,Phase IV,2024-12-26,2026-08-11,742,530,1703,18-81,85.9,29.4,5,0,Completed,BioMed Inc,45.63,76.4,8.7,Submitted
CT00018,Drug_2,Depression,Phase III,2024-03-28,2025-10-18,3409,1711,143,24-72,46.4,13.7,40,2,Completed,PharmaCorp,2.49,88.5,9.5,Pending
CT00019,Drug_6,Diabetes Type 2,Phase II,2024-07-07,2026-05-03,2099,1026,957,28-68,48.5,36.7,35,3,Completed,BioMed Inc,25.85,76.8,8.1,Not Submitted
CT00020,Drug_14,Cancer,Phase III,2025-02-09,2026-05-09,2737,1023,82,20-84,69.6,25.1,1,4,Ongoing,BioMed Inc,34.18,71.3,8.2,Published
CT00021,Drug_15,Arthritis,Phase III,2025-08-02,2026-01-24,2352,126,408,26-71,93.2,23.5,28,2,Completed,Govt. Research,46.62,74.8,7.0,Submitted
CT00022,Drug_33,Hypertension,Phase III,2024-11-22,2025-11-22,3396,2443,1438,38-76,73.6,27.6,3,5,Suspended,Govt. Research,31.21,81.0,9.1,Not Submitted
CT00023,Drug_39,Cancer,Phase IV,2024-12-26,2025-09-15,4544,1377,139,30-81,71.4,28.7,0,4,Completed,Govt. Research,40.29,81.6,9.0,Published
CT00024,Drug_2,Diabetes Type 2,Phase II,2025-05-06,2026-03-26,1520,593,1821,35-70,50.6,12.2,18,2,Completed,BioMed Inc,4.64,92.4,8.4,Not Submitted
CT00025,Drug_36,Depression,Phase IV,2024-01-17,2026-07-11,305,404,2011,18-63,79.8,30.5,25,5,Completed,HealthTech,19.6,91.3,6.9,Submitted
CT00026,Drug_13,Arthritis,Phase IV,2025-03-22,2025-08-20,3515,1097,275,26-65,88.6,17.3,24,5,Completed,PharmaCorp,19.01,81.0,6.4,Submitted
CT00027,Drug_46,Cancer,Phase II,2024-08-02,2026-06-29,2085,81,1570,36-68,65.2,31.4,9,7,Ongoing,BioMed Inc,44.37,94.6,6.3,Not Submitted
CT00028,Drug_42,Hypertension,Phase I,2024-01-13,2025-12-16,788,283,1995,19-63,86.1,34.7,14,1,Ongoing,HealthTech,7.99,69.0,8.4,Published
CT00029,Drug_45,Hypertension,Phase I,2025-02-21,2025-10-02,3077,2023,802,37-73,96.1,34.1,21,0,Completed,BioMed Inc,8.02,73.9,9.3,Pending
CT00030,Drug_35,Asthma,Phase I,2025-08-06,2026-05-05,4309,1353,2310,29-83,55.8,26.6,47,3,Completed,PharmaCorp,16.76,94.0,9.4,Pending
CT00031,Drug_27,Asthma,Phase I,2025-04-29,2025-10-20,2181,347,1322,28-73,72.7,25.6,20,6,Completed,BioMed Inc,3.2,78.2,7.9,Not Submitted
CT00032,Drug_15,Diabetes Type 2,Phase III,2025-08-02,2026-01-16,3313,1399,173,37-76,60.2,14.3,21,9,Completed,PharmaCorp,9.53,99.3,9.1,Submitted
CT00033,Drug_29,Cancer,Phase I,2023-09-16,2025-08-17,966,616,104,21-72,87.0,33.3,35,2,Completed,BioMed Inc,48.28,81.3,9.8,Published
CT00034,Drug_38,Cancer,Phase II,2024-05-11,2026-01-12,4946,175,1815,36-66,75.6,18.1,33,2,Completed,PharmaCorp,21.7,92.7,7.1,Published
CT00035,Drug_18,Depression,Phase IV,2024-07-17,2026-06-05,3355,1577,1143,26-61,78.6,24.9,29,4,Completed,BioMed Inc,31.78,79.1,7.6,Submitted
CT00036,Drug_1,Depression,Phase I,2024-02-04,2026-05-10,4170,2068,2393,40-73,87.3,18.5,24,4,Suspended,PharmaCorp,36.44,79.9,9.7,Pending
CT00037,Drug_49,Depression,Phase IV,2024-12-18,2026-04-07,4915,1334,831,18-76,66.0,14.0,44,9,Completed,Govt. Research,18.66,78.4,7.4,Published
CT00038,Drug_11,Asthma,Phase II,2024-08-15,2026-03-03,4893,738,247,35-81,93.5,28.9,27,2,Completed,BioMed Inc,7.79,90.2,9.7,Not Submitted
CT00039,Drug_45,Cancer,Phase I,2024-01-30,2025-12-19,1501,2053,2438,39-66,73.3,11.6,0,8,Completed,BioMed Inc,10.73,84.2,9.9,Pending
CT00040,Drug_28,Cancer,Phase III,2024-05-08,2026-06-11,1921,111,1970,29-73,53.4,32.5,48,3,Completed,HealthTech,16.01,98.0,8.6,Not Submitted
CT00041,Drug_22,Hypertension,Phase III,2024-12-03,2026-03-01,3471,1425,1058,20-81,81.9,19.5,44,2,Completed,HealthTech,31.99,73.8,9.3,Pending
CT00042,Drug_18,Asthma,Phase IV,2023-10-29,2026-06-14,4084,788,1686,28-79,87.0,10.0,3,1,Suspended,PharmaCorp,20.21,68.5,9.0,Submitted
CT00043,Drug_10,Arthritis,Phase III,2024-10-17,2026-05-26,74,223,973,28-81,61.8,25.3,6,9,Ongoing,BioMed Inc,0.84,78.8,8.8,Not Submitted
CT00044,Drug_14,Asthma,Phase IV,2025-01-12,2025-12-16,1843,1121,546,21-83,90.4,11.4,48,8,Completed,PharmaCorp,26.41,86.6,7.2,Not Submitted
CT00045,Drug_49,Arthritis,Phase II,2024-03-02,2025-09-20,3482,1586,1613,27-76,93.0,18.3,8,3,Completed,Govt. Research,46.11,95.1,6.2,Submitted
CT00046,Drug_22,Hypertension,Phase II,2025-05-23,2026-05-07,3099,2458,1989,27-81,59.7,31.2,35,2,Completed,HealthTech,40.7,77.1,7.4,Not Submitted
CT00047,Drug_7,Diabetes Type 2,Phase IV,2024-05-10,2026-05-18,852,1705,137,31-70,97.1,11.9,18,6,Ongoing,PharmaCorp,41.35,87.9,8.7,Pending
CT00048,Drug_6,Cancer,Phase IV,2023-10-23,2025-10-30,4428,601,101,30-82,52.5,35.2,0,7,Completed,PharmaCorp,39.86,77.3,6.4,Published
CT00049,Drug_25,Hypertension,Phase IV,2024-08-07,2026-05-12,2826,1343,552,27-77,55.7,10.1,9,1,Completed,HealthTech,16.52,86.6,6.0,Published
CT00050,Drug_7,Cancer,Phase III,2024-08-28,2026-04-19,2510,1119,855,22-66,54.8,17.4,35,6,Completed,BioMed Inc,38.38,96.0,6.6,Submitted
CT00051,Drug_23,Depression,Phase II,2024-02-24,2025-10-19,347,2149,1691,31-81,92.4,32.2,8,4,Completed,PharmaCorp,7.59,73.1,8.9,Pending
CT00052,Drug_23,Diabetes Type 2,Phase IV,2024-09-26,2026-03-01,3330,723,1861,30-81,79.7,19.5,44,4,Completed,HealthTech,33.06,79.1,9.9,Not Submitted
CT00053,Drug_39,Diabetes Type 2,Phase II,2023-10-26,2026-01-09,3320,945,399,23-79,53.1,13.1,45,2,Suspended,BioMed Inc,32.26,99.8,9.9,Not Submitted
CT00054,Drug_17,Hypertension,Phase IV,2024-07-03,2026-07-20,3695,1961,1894,36-69,68.3,20.8,41,4,Completed,Govt. Research,1.77,95.4,8.0,Published
CT00055,Drug_3,Diabetes Type 2,Phase IV,2023-08-26,2026-05-17,3074,251,52,30-77,77.6,18.1,31,1,Completed,HealthTech,39.5,84.8,9.5,Not Submitted
CT00056,Drug_47,Arthritis,Phase III,2024-09-08,2026-02-14,2163,2053,263,18-69,49.4,35.3,31,3,Completed,PharmaCorp,45.21,83.1,8.9,Published
CT00057,Drug_30,Diabetes Type 2,Phase IV,2024-02-03,2026-05-30,1331,11,1093,27-66,91.8,19.4,5,5,Ongoing,Govt. Research,13.74,75.0,8.0,Submitted
CT00058,Drug_35,Cancer,Phase IV,2023-10-20,2026-08-13,3211,2282,2344,31-85,87.6,33.7,47,0,Terminated,BioMed Inc,40.71,83.1,8.3,Not Submitted
CT00059,Drug_8,Cancer,Phase I,2025-02-02,2025-12-17,2558,1778,1550,36-79,71.8,36.8,37,9,Completed,BioMed Inc,4.58,94.7,6.5,Pending
CT00060,Drug_25,Cancer,Phase IV,2024-01-21,2026-02-15,4003,1959,1963,38-70,96.3,23.0,16,3,Ongoing,HealthTech,30.2,89.0,9.8,Not Submitted
CT00061,Drug_6,Cancer,Phase III,2024-03-24,2026-06-20,4567,2173,2402,32-74,67.1,37.3,9,5,Completed,HealthTech,24.54,75.2,7.4,Published
CT00062,Drug_36,Arthritis,Phase IV,2024-10-07,2025-11-30,184,927,651,32-81,97.2,21.3,49,8,Completed,HealthTech,27.52,72.1,7.8,Submitted
CT00063,Drug_19,Asthma,Phase II,2025-08-07,2026-05-06,4297,2251,2439,24-76,80.4,38.9,26,1,Completed,BioMed Inc,46.35,74.3,8.7,Published
CT00064,Drug_41,Depression,Phase IV,2024-03-02,2026-06-05,842,99,699,33-85,78.6,12.7,49,6,Completed,Govt. Research,43.63,70.9,7.3,Not Submitted
CT00065,Drug_40,Hypertension,Phase II,2025-03-01,2026-02-20,963,1719,1286,23-81,53.8,30.6,34,5,Completed,BioMed Inc,39.36,68.3,7.0,Published
CT00066,Drug_24,Cancer,Phase I,2024-11-12,2026-05-27,4445,2179,1960,20-69,91.7,24.8,20,1,Completed,PharmaCorp,14.05,79.7,8.5,Published
CT00067,Drug_37,Diabetes Type 2,Phase IV,2024-10-08,2026-06-24,794,152,1089,34-81,67.7,21.6,24,7,Completed,BioMed Inc,45.64,69.0,6.1,Submitted
CT00068,Drug_13,Cancer,Phase I,2024-06-08,2026-05-22,2218,115,1496,38-79,53.6,29.0,27,6,Suspended,PharmaCorp,5.33,71.0,8.9,Pending
CT00069,Drug_46,Diabetes Type 2,Phase II,2025-07-23,2025-11-05,3176,896,466,28-62,45.7,31.1,46,4,Completed,Govt. Research,42.74,84.2,8.1,Not Submitted
CT00070,Drug_5,Depression,Phase IV,2025-01-15,2026-07-19,4262,437,992,25-81,74.7,10.1,14,4,Completed,HealthTech,16.74,70.8,8.4,Submitted
CT00071,Drug_3,Depression,Phase IV,2024-12-12,2025-08-22,3715,1338,2140,27-67,73.0,15.0,3,6,Completed,HealthTech,3.16,67.2,8.5,Pending
CT00072,Drug_43,Depression,Phase III,2025-05-01,2026-03-12,3472,1905,1132,24-64,83.1,31.4,28,8,Ongoing,BioMed Inc,33.63,76.1,8.1,Published
CT00073,Drug_15,Diabetes Type 2,Phase III,2024-05-19,2026-01-24,934,2004,158,18-61,92.2,30.0,8,8,Completed,HealthTech,11.95,72.7,8.3,Pending
CT00074,Drug_50,Cancer,Phase III,2023-10-03,2025-08-27,1328,326,1362,25-75,49.2,39.0,26,8,Completed,Govt. Research,12.56,83.0,8.7,Published
CT00075,Drug_19,Depression,Phase II,2024-06-02,2026-02-14,4197,1996,1189,37-84,83.8,32.8,25,5,Terminated,HealthTech,15.65,68.6,9.0,Published
CT00076,Drug_6,Arthritis,Phase II,2024-09-22,2025-10-15,533,644,199,20-74,54.9,38.5,18,9,Completed,BioMed Inc,3.65,91.3,8.9,Submitted
CT00077,Drug_15,Diabetes Type 2,Phase III,2023-11-06,2026-07-28,1940,1935,892,31-80,90.5,31.1,27,5,Completed,Govt. Research,9.27,96.7,9.5,Published
CT00078,Drug_7,Diabetes Type 2,Phase IV,2025-06-14,2026-01-02,3614,2066,2320,36-66,88.4,18.9,16,2,Ongoing,PharmaCorp,0.75,91.0,6.8,Submitted
CT00079,Drug_25,Cancer,Phase IV,2025-06-05,2025-09-21,4861,2280,409,40-82,73.7,13.2,42,0,Completed,BioMed Inc,22.55,83.6,7.6,Pending
CT00080,Drug_18,Diabetes Type 2,Phase IV,2024-10-30,2026-07-08,1429,1449,618,30-75,82.6,33.5,40,6,Completed,PharmaCorp,4.67,95.1,9.8,Pending
CT00081,Drug_30,Diabetes Type 2,Phase I,2024-01-09,2025-08-14,4822,562,1805,30-67,61.7,29.3,41,3,Completed,Govt. Research,34.29,89.3,7.6,Published
CT00082,Drug_41,Depression,Phase III,2024-04-26,2026-04-18,4586,725,1648,22-80,70.0,11.4,49,0,Completed,BioMed Inc,12.16,65.4,6.5,Submitted
CT00083,Drug_24,Cancer,Phase I,2024-01-23,2025-09-27,3210,1297,1585,40-60,88.5,20.8,19,7,Completed,BioMed Inc,47.21,78.8,8.1,Published
CT00084,Drug_11,Depression,Phase III,2024-05-09,2025-12-06,4511,1723,2158,21-84,69.3,38.7,44,5,Completed,Govt. Research,43.63,94.8,6.4,Submitted
CT00085,Drug_24,Depression,Phase III,2025-02-05,2026-07-15,1575,1893,1392,31-67,64.0,25.0,39,5,Completed,HealthTech,14.83,77.1,6.8,Submitted
CT00086,Drug_23,Cancer,Phase IV,2025-01-03,2026-01-22,824,1117,1413,23-85,71.2,23.0,38,1,Completed,BioMed Inc,39.27,66.2,10.0,Submitted
CT00087,Drug_14,Hypertension,Phase II,2024-06-08,2026-01-12,1299,1351,829,40-76,88.9,23.7,48,0,Ongoing,BioMed Inc,40.26,91.1,8.2,Pending
CT00088,Drug_43,Depression,Phase I,2023-11-07,2025-10-18,3597,120,829,32-61,62.8,16.3,22,1,Completed,PharmaCorp,49.33,93.1,7.1,Submitted
CT00089,Drug_18,Arthritis,Phase I,2024-01-08,2025-09-14,2921,260,429,35-67,54.2,21.1,46,3,Completed,HealthTech,30.09,70.6,10.0,Pending
CT00090,Drug_45,Arthritis,Phase IV,2023-09-17,2026-05-04,1407,2440,133,21-74,82.7,21.1,31,1,Ongoing,PharmaCorp,4.56,83.8,9.9,Submitted
CT00091,Drug_44,Diabetes Type 2,Phase III,2023-10-07,2025-12-12,4708,2064,431,22-85,88.8,11.6,46,0,Completed,PharmaCorp,32.52,71.7,7.8,Pending
CT00092,Drug_42,Arthritis,Phase I,2023-09-13,2025-10-12,2781,468,1518,32-81,50.3,33.0,32,6,Completed,HealthTech,31.44,90.2,7.0,Not Submitted
CT00093,Drug_5,Diabetes Type 2,Phase I,2024-10-29,2025-11-22,2699,1117,1607,34-77,57.7,22.5,45,7,Suspended,HealthTech,32.1,74.5,9.4,Pending
CT00094,Drug_39,Hypertension,Phase III,2023-11-05,2026-02-07,2126,217,777,37-70,52.5,34.7,4,5,Completed,Govt. Research,15.7,76.1,8.9,Pending
CT00095,Drug_41,Cancer,Phase I,2023-12-25,2026-04-01,4243,909,2054,32-79,63.4,35.5,42,3,Completed,HealthTech,43.05,94.6,8.7,Published
CT00096,Drug_11,Cancer,Phase IV,2025-06-11,2025-09-13,4851,31,2212,34-73,68.9,16.4,47,5,Ongoing,BioMed Inc,47.99,81.7,9.6,Submitted
CT00097,Drug_35,Cancer,Phase III,2025-07-14,2026-05-26,2788,419,2149,35-74,84.7,29.7,33,2,Completed,HealthTech,11.28,88.4,8.8,Not Submitted
CT00098,Drug_47,Arthritis,Phase I,2025-06-15,2026-05-24,3973,904,1559,23-83,79.5,24.2,39,7,Completed,Govt. Research,4.86,79.1,7.1,Published
CT00099,Drug_16,Hypertension,Phase I,2025-07-05,2026-07-08,3206,524,1774,33-74,77.9,36.4,10,9,Completed,Govt. Research,10.13,75.4,8.8,Submitted
CT00100,Drug_11,Arthritis,Phase IV,2025-06-21,2025-08-14,3300,818,2054,26-84,63.7,16.5,49,1,Completed,Govt. Research,41.12,86.9,7.2,Not Submitted
CT00101,Drug_30,Arthritis,Phase II,2025-07-19,2025-10-02,2593,883,519,25-80,89.6,30.3,2,4,Completed,HealthTech,33.99,70.4,9.0,Not Submitted
CT00102,Drug_25,Hypertension,Phase II,2024-08-15,2026-07-08,4636,23,1216,26-84,70.0,28.2,32,0,Suspended,HealthTech,31.98,78.1,8.5,Not Submitted
CT00103,Drug_18,Hypertension,Phase IV,2024-02-05,2025-10-12,2619,980,395,34-75,96.9,18.9,10,5,Completed,PharmaCorp,20.39,72.3,6.3,Submitted
CT00104,Drug_41,Hypertension,Phase IV,2024-03-14,2026-05-13,4053,2144,1607,38-67,78.6,14.1,15,1,Ongoing,PharmaCorp,29.1,89.4,8.1,Not Submitted
CT00105,Drug_45,Hypertension,Phase IV,2025-02-15,2026-04-09,256,1570,2462,26-74,51.7,29.5,17,3,Completed,BioMed Inc,15.74,98.0,7.4,Not Submitted
CT00106,Drug_36,Cancer,Phase IV,2024-01-20,2025-12-26,1324,1334,2303,20-82,80.8,32.2,29,5,Ongoing,PharmaCorp,24.12,99.8,7.3,Published
CT00107,Drug_15,Asthma,Phase II,2023-08-20,2026-02-22,3450,1276,751,27-67,62.2,19.5,47,9,Ongoing,BioMed Inc,39.76,80.8,8.4,Pending
CT00108,Drug_44,Asthma,Phase I,2025-06-07,2026-03-24,1321,2179,1921,26-70,81.4,29.3,9,7,Completed,Govt. Research,49.07,73.8,7.3,Submitted
CT00109,Drug_21,Hypertension,Phase IV,2023-09-14,2025-09-26,2561,759,1456,28-77,48.7,21.9,17,7,Completed,PharmaCorp,46.66,80.5,9.1,Pending
CT00110,Drug_50,Asthma,Phase III,2025-05-16,2026-04-15,2071,694,910,20-64,54.3,31.4,37,5,Completed,HealthTech,46.73,94.7,6.3,Published
CT00111,Drug_50,Asthma,Phase III,2025-06-21,2026-07-01,461,1937,2122,22-67,90.4,16.0,18,3,Completed,PharmaCorp,20.41,72.2,8.6,Pending
CT00112,Drug_4,Hypertension,Phase IV,2024-09-06,2025-08-26,2096,2366,2270,30-82,57.0,36.7,35,7,Ongoing,BioMed Inc,23.71,98.3,9.2,Not Submitted
CT00113,Drug_15,Asthma,Phase I,2024-02-01,2026-04-26,3200,704,2019,22-82,89.4,18.6,12,7,Ongoing,PharmaCorp,35.43,77.0,8.7,Not Submitted
CT00114,Drug_3,Arthritis,Phase III,2024-11-09,2026-01-15,2677,2345,251,24-62,59.8,21.0,45,9,Completed,Govt. Research,46.15,99.5,8.0,Submitted
CT00115,Drug_21,Diabetes Type 2,Phase I,2025-07-27,2026-04-01,3818,316,2395,31-73,79.1,11.7,2,0,Completed,HealthTech,7.53,94.4,9.8,Submitted
CT00116,Drug_26,Diabetes Type 2,Phase III,2024-03-02,2026-07-16,824,1999,2030,28-77,81.8,13.3,9,3,Completed,BioMed Inc,15.56,93.3,7.2,Submitted
CT00117,Drug_18,Hypertension,Phase I,2025-07-04,2026-01-20,94,671,182,32-73,72.2,25.5,37,3,Completed,HealthTech,7.39,76.1,6.1,Published
CT00118,Drug_5,Cancer,Phase I,2024-03-17,2026-01-30,2195,558,681,19-66,61.2,18.0,0,6,Completed,HealthTech,30.79,65.3,7.7,Submitted
CT00119,Drug_14,Hypertension,Phase I,2025-05-06,2026-01-15,3944,321,173,31-72,56.3,35.1,26,6,Ongoing,BioMed Inc,15.66,78.4,6.1,Published
CT00120,Drug_37,Cancer,Phase III,2024-01-12,2026-02-11,2109,1092,474,36-82,46.8,10.4,45,7,Terminated,HealthTech,16.64,75.6,9.8,Not Submitted
CT00121,Drug_46,Diabetes Type 2,Phase III,2025-06-15,2026-03-26,60,1747,506,18-84,61.1,21.4,7,4,Completed,HealthTech,4.01,66.3,6.8,Pending
CT00122,Drug_21,Hypertension,Phase III,2023-12-24,2026-01-13,2101,764,709,36-72,79.6,20.1,45,6,Completed,PharmaCorp,17.81,82.7,9.2,Not Submitted
CT00123,Drug_14,Depression,Phase IV,2024-07-21,2025-11-15,4703,44,2452,33-60,94.7,10.6,41,7,Completed,HealthTech,43.19,79.1,9.1,Not Submitted
CT00124,Drug_42,Arthritis,Phase II,2023-09-04,2025-08-24,1642,454,712,29-69,91.2,13.7,16,8,Completed,HealthTech,12.04,87.2,6.9,Not Submitted
CT00125,Drug_32,Asthma,Phase II,2025-01-08,2025-10-23,361,2150,1950,30-73,85.6,22.4,8,2,Completed,HealthTech,34.91,86.7,8.5,Submitted
CT00126,Drug_26,Cancer,Phase IV,2023-12-04,2026-04-11,4072,1992,2365,35-83,86.8,24.8,5,2,Completed,HealthTech,31.67,69.2,6.2,Submitted
CT00127,Drug_42,Depression,Phase II,2024-06-18,2026-01-30,2094,1240,1801,35-85,80.2,22.1,42,3,Ongoing,BioMed Inc,43.24,99.2,7.9,Submitted
CT00128,Drug_30,Asthma,Phase IV,2025-05-15,2026-02-27,665,362,192,37-67,58.8,25.9,24,4,Completed,Govt. Research,7.05,71.5,6.1,Pending
CT00129,Drug_10,Asthma,Phase I,2024-07-28,2026-04-07,4846,912,638,33-67,93.1,27.9,38,9,Completed,PharmaCorp,48.89,80.6,9.7,Submitted
CT00130,Drug_17,Hypertension,Phase IV,2023-11-17,2025-11-04,4283,1365,1741,26-73,80.5,10.3,48,0,Suspended,HealthTech,29.34,82.1,9.9,Published
CT00131,Drug_9,Asthma,Phase I,2024-10-30,2026-06-17,629,1758,555,33-60,74.7,23.9,27,6,Ongoing,HealthTech,49.78,93.5,6.9,Not Submitted
CT00132,Drug_16,Arthritis,Phase IV,2025-05-02,2026-06-08,474,168,1597,30-70,50.9,38.9,32,8,Completed,BioMed Inc,45.62,68.5,6.8,Pending
CT00133,Drug_48,Depression,Phase III,2023-11-18,2025-10-28,2973,1987,633,39-81,68.7,25.6,36,7,Completed,Govt. Research,11.47,80.0,9.0,Pending
CT00134,Drug_36,Asthma,Phase IV,2024-09-04,2026-05-11,1728,966,603,30-83,69.4,30.3,8,4,Completed,HealthTech,3.28,87.0,7.0,Pending
CT00135,Drug_35,Hypertension,Phase I,2023-09-03,2025-08-28,3492,2081,753,23-74,90.8,19.4,17,3,Ongoing,BioMed Inc,13.15,72.5,9.6,Pending
CT00136,Drug_17,Arthritis,Phase III,2025-07-21,2025-10-25,2989,413,1778,22-79,74.0,33.2,20,6,Ongoing,PharmaCorp,26.61,87.0,8.3,Pending
CT00137,Drug_48,Diabetes Type 2,Phase IV,2025-07-17,2026-04-14,3048,525,1469,35-60,65.2,33.2,1,4,Completed,PharmaCorp,8.99,97.3,7.4,Published
CT00138,Drug_38,Depression,Phase III,2025-04-06,2026-02-16,4817,1397,1958,30-78,96.8,25.6,42,6,Completed,HealthTech,8.79,99.9,9.3,Not Submitted
CT00139,Drug_28,Asthma,Phase III,2025-04-06,2025-09-30,2701,965,2078,36-81,50.9,39.3,37,0,Ongoing,HealthTech,23.4,66.1,8.0,Pending
CT00140,Drug_38,Hypertension,Phase III,2023-12-14,2025-10-11,3649,2209,2454,18-62,67.4,13.8,39,0,Completed,Govt. Research,2.15,73.2,9.6,Not Submitted
CT00141,Drug_26,Diabetes Type 2,Phase III,2024-06-08,2026-06-16,4245,1722,114,38-73,47.2,10.5,35,9,Completed,Govt. Research,6.53,75.9,9.7,Submitted
CT00142,Drug_24,Diabetes Type 2,Phase III,2024-06-06,2025-12-30,3087,617,2249,22-74,84.2,33.1,49,2,Completed,HealthTech,21.09,79.0,6.7,Pending
CT00143,Drug_15,Cancer,Phase III,2024-05-25,2025-08-26,1406,2477,26,23-61,93.7,34.2,42,1,Completed,BioMed Inc,3.62,73.5,6.0,Pending
CT00144,Drug_9,Arthritis,Phase IV,2025-01-13,2026-04-11,3796,1283,402,26-72,59.8,13.6,36,1,Completed,Govt. Research,20.14,72.1,9.9,Not Submitted
CT00145,Drug_33,Asthma,Phase I,2023-12-12,2025-09-28,2886,1545,434,28-66,90.5,18.0,14,6,Ongoing,HealthTech,23.96,98.4,9.6,Pending
CT00146,Drug_32,Hypertension,Phase II,2023-08-17,2026-06-29,4808,2392,2186,32-70,60.5,10.5,27,9,Suspended,Govt. Research,22.84,97.1,6.2,Pending
CT00147,Drug_6,Cancer,Phase IV,2023-11-20,2025-10-12,3383,1451,581,28-84,93.3,18.8,17,1,Completed,HealthTech,43.52,66.6,9.3,Pending
CT00148,Drug_49,Arthritis,Phase IV,2024-10-31,2026-02-01,4909,1807,2086,30-68,85.0,33.2,33,3,Completed,PharmaCorp,26.74,76.9,7.8,Published
CT00149,Drug_4,Cancer,Phase III,2024-09-21,2025-11-18,4144,304,1130,31-68,87.7,25.5,21,1,Completed,HealthTech,23.67,79.2,7.0,Published
CT00150,Drug_8,Depression,Phase III,2023-09-12,2025-08-22,168,764,251,20-75,46.0,20.4,10,5,Completed,PharmaCorp,20.83,73.4,9.5,Pending
CT00151,Drug_10,Arthritis,Phase II,2024-07-09,2025-12-15,3870,1404,2289,18-83,96.0,21.2,12,7,Completed,Govt. Research,40.97,87.0,6.8,Published
CT00152,Drug_41,Arthritis,Phase II,2024-02-22,2026-04-29,2078,195,798,35-61,83.5,10.0,3,9,Suspended,HealthTech,44.81,87.4,9.8,Submitted
CT00153,Drug_11,Asthma,Phase III,2023-11-09,2025-11-04,1156,1279,724,29-67,61.2,19.0,21,3,Completed,Govt. Research,42.74,94.8,6.8,Pending
CT00154,Drug_44,Arthritis,Phase II,2025-03-20,2025-09-12,206,646,768,38-62,89.0,29.4,6,4,Completed,PharmaCorp,33.84,90.9,8.5,Submitted
CT00155,Drug_28,Cancer,Phase III,2024-11-23,2025-09-09,2874,1301,785,38-61,59.9,39.2,42,3,Completed,HealthTech,7.3,84.0,6.9,Not Submitted
CT00156,Drug_39,Arthritis,Phase I,2024-03-03,2025-08-26,1270,539,2257,18-67,91.3,35.4,23,2,Ongoing,Govt. Research,14.21,87.9,8.2,Submitted
CT00157,Drug_5,Asthma,Phase IV,2024-11-04,2026-07-29,1353,2078,88,24-60,51.0,10.7,3,4,Ongoing,PharmaCorp,2.78,74.6,8.7,Not Submitted
CT00158,Drug_25,Asthma,Phase IV,2023-10-02,2025-10-18,4213,803,865,37-64,82.3,37.0,27,8,Suspended,Govt. Research,46.58,85.8,6.8,Pending
CT00159,Drug_25,Depression,Phase III,2025-02-12,2025-10-16,4170,2157,1449,25-64,73.7,33.5,14,7,Ongoing,BioMed Inc,33.21,82.1,8.1,Not Submitted
CT00160,Drug_39,Cancer,Phase III,2024-12-15,2025-11-11,2731,487,2144,33-81,50.1,33.4,0,7,Completed,PharmaCorp,37.44,69.7,7.9,Not Submitted
CT00161,Drug_30,Diabetes Type 2,Phase II,2025-02-18,2026-04-18,4873,1632,2158,21-78,57.8,23.7,2,7,Completed,PharmaCorp,15.92,73.5,6.3,Submitted
CT00162,Drug_34,Diabetes Type 2,Phase IV,2024-01-25,2026-05-06,4521,949,1041,24-74,45.7,21.9,13,7,Completed,PharmaCorp,42.36,75.2,9.3,Submitted
CT00163,Drug_17,Arthritis,Phase III,2023-10-12,2026-07-23,1805,535,854,40-68,69.8,19.1,37,6,Completed,HealthTech,13.35,97.4,7.3,Submitted
CT00164,Drug_36,Depression,Phase II,2023-11-19,2026-01-07,770,2391,96,29-65,61.0,12.0,49,7,Completed,HealthTech,0.58,73.1,8.3,Pending
CT00165,Drug_1,Hypertension,Phase IV,2025-04-18,2026-07-09,1782,11,2100,37-79,76.7,16.8,0,7,Completed,HealthTech,19.13,75.1,8.1,Pending
CT00166,Drug_44,Arthritis,Phase IV,2024-01-16,2026-05-20,3940,384,417,40-63,60.8,17.4,37,7,Completed,BioMed Inc,28.75,77.9,8.1,Submitted
CT00167,Drug_47,Depression,Phase IV,2025-07-06,2026-01-20,4480,2350,1678,23-69,60.9,24.5,37,9,Completed,BioMed Inc,24.2,88.2,6.4,Pending
CT00168,Drug_8,Cancer,Phase III,2024-01-26,2025-09-28,501,562,157,21-78,84.4,32.4,20,6,Completed,PharmaCorp,43.17,69.1,7.7,Pending
CT00169,Drug_44,Cancer,Phase III,2024-04-23,2026-02-26,173,2375,2334,18-69,47.6,24.2,47,0,Ongoing,BioMed Inc,5.72,98.4,7.8,Not Submitted
CT00170,Drug_35,Cancer,Phase III,2024-03-17,2026-02-16,1544,1535,241,36-81,92.9,11.7,28,3,Completed,Govt. Research,27.91,95.3,8.9,Not Submitted
CT00171,Drug_49,Cancer,Phase IV,2024-03-15,2025-09-18,2140,1861,1960,30-72,90.2,38.7,4,3,Completed,PharmaCorp,25.89,85.2,9.4,Submitted
CT00172,Drug_18,Cancer,Phase IV,2023-12-28,2025-08-17,2363,390,375,40-66,80.4,38.3,48,4,Completed,PharmaCorp,14.43,88.6,8.2,Pending
CT00173,Drug_50,Depression,Phase I,2023-11-02,2025-08-13,1260,1656,1684,20-78,76.4,33.6,9,9,Completed,Govt. Research,41.2,65.6,6.3,Not Submitted
CT00174,Drug_42,Depression,Phase I,2024-07-20,2026-01-15,80,23,445,40-80,92.3,39.7,27,5,Completed,PharmaCorp,37.77,76.9,6.9,Published
CT00175,Drug_22,Asthma,Phase II,2024-10-15,2026-07-02,958,513,408,25-63,54.8,26.3,20,3,Completed,BioMed Inc,36.78,92.8,6.7,Pending
CT00176,Drug_8,Diabetes Type 2,Phase IV,2024-01-04,2025-08-28,1659,2288,1244,40-84,49.2,38.9,49,1,Completed,HealthTech,43.87,67.7,6.5,Published
CT00177,Drug_19,Cancer,Phase IV,2024-06-26,2026-05-27,4140,2018,1424,27-81,57.7,12.3,6,5,Completed,Govt. Research,36.28,74.9,7.5,Submitted
CT00178,Drug_28,Hypertension,Phase II,2024-08-30,2026-06-06,4246,139,572,37-85,87.1,21.0,2,7,Completed,BioMed Inc,11.98,85.5,6.9,Pending
CT00179,Drug_11,Depression,Phase III,2024-03-20,2025-10-14,3589,847,2499,21-85,46.8,16.8,44,7,Completed,Govt. Research,35.43,74.0,6.9,Submitted
CT00180,Drug_30,Hypertension,Phase II,2024-12-01,2025-11-23,1272,2050,1294,36-85,75.9,15.9,46,6,Completed,Govt. Research,15.73,97.7,6.2,Submitted
CT00181,Drug_1,Hypertension,Phase IV,2024-09-19,2025-09-16,4223,37,782,19-71,97.8,14.2,19,5,Completed,PharmaCorp,12.49,69.6,6.1,Submitted
CT00182,Drug_47,Hypertension,Phase IV,2025-07-08,2026-02-17,191,2123,2407,35-73,90.4,28.7,18,1,Completed,PharmaCorp,4.11,92.9,6.4,Submitted
CT00183,Drug_47,Asthma,Phase IV,2024-08-13,2025-09-30,1478,1262,2047,39-71,72.6,33.4,34,6,Completed,BioMed Inc,37.33,82.8,6.7,Submitted
CT00184,Drug_17,Depression,Phase III,2025-03-09,2025-10-01,3569,270,1353,20-76,48.4,27.3,3,4,Completed,Govt. Research,35.69,91.3,7.7,Pending
CT00185,Drug_33,Hypertension,Phase III,2024-10-18,2026-07-10,4217,2056,2195,38-70,89.1,14.4,4,5,Completed,PharmaCorp,12.11,75.9,8.0,Published
CT00186,Drug_49,Cancer,Phase II,2024-06-20,2026-04-20,2342,1482,1583,18-73,76.7,34.3,0,9,Completed,PharmaCorp,37.59,83.0,6.6,Pending
CT00187,Drug_12,Arthritis,Phase I,2024-04-15,2026-04-30,1656,1457,1001,33-63,51.1,29.1,3,7,Completed,Govt. Research,45.93,95.0,7.7,Pending
CT00188,Drug_33,Hypertension,Phase IV,2024-09-23,2025-10-20,3135,469,2425,31-71,50.0,21.6,11,7,Ongoing,BioMed Inc,5.85,81.3,7.4,Pending
CT00189,Drug_7,Asthma,Phase IV,2024-12-18,2026-01-26,4110,310,1256,38-74,93.2,30.2,26,2,Ongoing,BioMed Inc,12.02,77.6,6.7,Not Submitted
CT00190,Drug_41,Depression,Phase IV,2023-11-17,2026-01-14,3024,2344,369,40-64,80.5,17.8,41,6,Ongoing,Govt. Research,37.64,83.8,6.0,Not Submitted
CT00191,Drug_20,Asthma,Phase IV,2024-06-29,2026-05-02,349,639,930,31-65,89.0,20.4,22,0,Completed,BioMed Inc,14.09,90.1,7.9,Pending
CT00192,Drug_41,Hypertension,Phase III,2023-09-02,2026-05-10,3660,279,2386,34-80,91.6,37.5,24,0,Completed,PharmaCorp,31.42,80.5,8.7,Published
CT00193,Drug_33,Depression,Phase IV,2025-06-18,2025-09-02,3914,2003,972,26-79,75.3,18.7,20,6,Completed,Govt. Research,4.52,97.9,6.9,Pending
CT00194,Drug_39,Arthritis,Phase IV,2024-06-27,2026-02-21,4127,1638,1837,35-84,72.4,24.1,23,9,Completed,PharmaCorp,22.88,75.3,6.5,Submitted
CT00195,Drug_13,Hypertension,Phase IV,2024-02-01,2026-05-10,1361,1811,1623,33-74,67.8,36.7,24,8,Completed,HealthTech,37.09,81.6,9.5,Not Submitted
CT00196,Drug_10,Asthma,Phase II,2025-08-06,2025-12-27,3683,871,1650,31-83,61.8,31.2,44,6,Completed,HealthTech,34.48,91.5,7.1,Not Submitted
CT00197,Drug_24,Diabetes Type 2,Phase III,2023-12-09,2026-08-09,235,1290,2226,36-68,68.0,11.9,45,9,Suspended,BioMed Inc,40.85,89.1,6.9,Pending
CT00198,Drug_49,Cancer,Phase I,2023-11-20,2026-01-23,358,2190,226,28-67,86.0,14.4,31,4,Completed,HealthTech,43.93,95.2,9.4,Pending
CT00199,Drug_11,Asthma,Phase IV,2025-08-06,2026-05-04,4082,1809,387,20-68,76.9,10.2,31,7,Ongoing,PharmaCorp,38.77,99.9,9.3,Published
CT00200,Drug_35,Depression,Phase III,2024-10-26,2026-07-19,2728,1716,128,32-67,92.3,28.9,4,1,Completed,HealthTech,33.74,79.9,7.8,Published
CT00201,Drug_50,Hypertension,Phase II,2025-04-05,2026-01-26,3172,2370,199,32-78,68.5,23.4,35,8,Completed,PharmaCorp,2.07,68.9,8.0,Submitted
CT00202,Drug_34,Cancer,Phase III,2025-07-09,2026-06-29,1770,585,379,37-81,77.2,14.0,45,5,Completed,BioMed Inc,26.98,66.1,6.9,Pending
CT00203,Drug_1,Hypertension,Phase III,2024-07-23,2026-07-07,2441,2013,1811,30-70,78.5,38.7,41,8,Completed,BioMed Inc,2.37,90.4,6.3,Pending
CT00204,Drug_39,Depression,Phase II,2023-10-29,2026-03-15,729,1317,2206,18-75,76.4,25.9,48,1,Ongoing,PharmaCorp,40.5,95.6,8.3,Pending
CT00205,Drug_21,Hypertension,Phase I,2025-05-24,2026-03-13,3746,1966,661,28-65,82.2,17.3,41,2,Completed,HealthTech,16.38,72.7,6.4,Not Submitted
CT00206,Drug_32,Diabetes Type 2,Phase III,2025-03-05,2026-06-25,3662,2030,1892,33-66,57.6,25.0,38,7,Completed,BioMed Inc,28.34,70.5,7.8,Submitted
CT00207,Drug_2,Cancer,Phase III,2024-10-30,2025-10-25,4013,2222,1521,29-85,72.2,30.4,15,0,Ongoing,Govt. Research,14.33,67.2,9.8,Published
CT00208,Drug_8,Cancer,Phase IV,2025-01-14,2026-07-11,508,2362,779,26-70,50.5,12.3,32,9,Completed,BioMed Inc,39.23,93.8,9.8,Not Submitted
CT00209,Drug_24,Depression,Phase III,2023-10-15,2026-06-13,66,1665,2431,26-79,65.4,18.2,48,6,Terminated,HealthTech,44.38,75.9,7.0,Not Submitted
CT00210,Drug_20,Diabetes Type 2,Phase IV,2024-04-29,2026-05-07,3379,1589,790,40-68,70.8,34.2,20,6,Completed,Govt. Research,20.23,79.1,8.5,Not Submitted
CT00211,Drug_16,Asthma,Phase III,2024-03-07,2025-08-14,4893,1857,1726,35-60,79.6,23.8,8,0,Completed,HealthTech,43.21,82.6,7.9,Not Submitted
CT00212,Drug_4,Hypertension,Phase III,2024-12-25,2025-11-13,4826,2213,2217,34-66,95.4,26.4,5,8,Completed,PharmaCorp,13.72,94.4,9.5,Submitted
CT00213,Drug_16,Arthritis,Phase IV,2024-12-09,2025-09-05,420,1400,2408,20-67,76.8,23.0,44,7,Completed,Govt. Research,26.97,87.8,7.1,Pending
CT00214,Drug_37,Hypertension,Phase III,2024-05-23,2025-11-28,4010,1752,1321,31-75,84.4,11.3,34,3,Completed,HealthTech,43.01,86.5,6.0,Published
CT00215,Drug_6,Hypertension,Phase I,2025-04-12,2026-01-04,3177,1935,1259,35-84,71.8,15.0,38,9,Completed,Govt. Research,16.63,71.1,6.7,Published
CT00216,Drug_6,Asthma,Phase I,2024-07-04,2026-04-25,4365,629,532,25-82,78.6,23.4,21,4,Ongoing,HealthTech,47.73,83.0,7.4,Not Submitted
CT00217,Drug_47,Hypertension,Phase IV,2025-01-10,2025-10-24,410,1284,531,33-80,48.8,16.3,40,1,Ongoing,Govt. Research,6.53,90.0,7.3,Not Submitted
CT00218,Drug_32,Diabetes Type 2,Phase III,2024-01-19,2026-05-24,3873,966,792,40-75,58.5,11.5,4,8,Completed,HealthTech,1.4,99.1,9.2,Submitted
CT00219,Drug_5,Diabetes Type 2,Phase III,2023-08-20,2025-11-16,4450,1949,2330,32-85,64.2,35.3,41,5,Completed,PharmaCorp,45.25,72.0,8.7,Not Submitted
CT00220,Drug_49,Cancer,Phase II,2023-09-16,2026-04-28,648,2391,945,18-62,70.0,39.4,22,2,Completed,Govt. Research,3.9,65.3,7.2,Published
CT00221,Drug_35,Depression,Phase I,2023-08-25,2026-06-08,4252,978,2240,27-67,47.4,33.8,16,6,Completed,Govt. Research,49.6,67.6,7.8,Published
CT00222,Drug_50,Arthritis,Phase I,2024-03-17,2026-06-29,2950,1326,1698,30-82,52.4,35.6,11,8,Completed,Govt. Research,47.59,78.2,6.4,Pending
CT00223,Drug_9,Hypertension,Phase II,2024-05-02,2026-07-14,1541,1053,497,25-69,59.7,17.3,22,2,Completed,Govt. Research,7.28,93.7,9.6,Pending
CT00224,Drug_9,Hypertension,Phase III,2024-08-08,2025-09-24,846,291,1860,39-78,96.5,38.8,15,1,Completed,PharmaCorp,27.11,65.2,9.7,Published
CT00225,Drug_43,Asthma,Phase II,2024-06-16,2026-06-14,4842,2176,855,29-75,62.6,15.9,2,6,Completed,Govt. Research,9.65,81.0,9.9,Published
CT00226,Drug_31,Depression,Phase III,2023-11-12,2026-06-18,1520,1068,2181,35-76,70.5,38.5,29,6,Terminated,BioMed Inc,21.69,76.5,9.5,Submitted
CT00227,Drug_36,Diabetes Type 2,Phase IV,2024-02-18,2026-08-09,3314,207,2471,29-73,55.4,39.8,21,3,Completed,PharmaCorp,3.54,66.8,6.7,Submitted
CT00228,Drug_11,Arthritis,Phase II,2024-11-15,2026-05-18,2439,1092,2013,35-70,77.4,31.4,8,8,Completed,BioMed Inc,11.58,80.8,6.2,Published
CT00229,Drug_17,Cancer,Phase III,2024-01-14,2026-06-08,954,1194,1758,29-82,59.9,39.4,28,7,Completed,Govt. Research,18.48,73.9,8.3,Not Submitted
CT00230,Drug_34,Diabetes Type 2,Phase IV,2023-09-02,2026-07-02,3062,1018,695,32-68,56.0,27.1,46,0,Completed,HealthTech,22.21,77.3,9.7,Pending
CT00231,Drug_39,Depression,Phase II,2025-06-26,2026-03-18,4517,1239,2170,27-68,72.4,17.8,36,0,Completed,BioMed Inc,48.89,89.7,6.7,Published
CT00232,Drug_28,Cancer,Phase III,2024-09-13,2025-11-07,1486,1045,2179,25-63,45.3,23.1,22,4,Completed,Govt. Research,40.49,83.3,6.0,Not Submitted
CT00233,Drug_14,Asthma,Phase IV,2025-07-31,2026-06-07,3581,499,1577,24-70,45.4,27.8,12,5,Ongoing,BioMed Inc,37.0,69.4,9.2,Published
CT00234,Drug_35,Asthma,Phase IV,2024-02-20,2026-02-01,634,285,1255,21-83,56.6,12.2,31,2,Completed,Govt. Research,27.08,98.6,6.3,Pending
CT00235,Drug_49,Hypertension,Phase I,2024-03-16,2025-10-17,1202,2299,48,35-84,46.9,28.7,45,8,Completed,Govt. Research,42.08,87.3,7.7,Pending
CT00236,Drug_47,Depression,Phase IV,2023-10-24,2026-07-23,3243,1249,789,40-65,50.7,39.4,46,9,Terminated,Govt. Research,17.3,91.8,8.7,Submitted
CT00237,Drug_45,Arthritis,Phase III,2023-11-10,2026-03-13,2687,1284,1266,24-66,63.0,15.7,47,5,Ongoing,HealthTech,35.59,67.8,6.9,Submitted
CT00238,Drug_13,Cancer,Phase II,2025-07-02,2025-12-25,150,135,2206,33-68,87.5,33.8,22,3,Completed,BioMed Inc,49.69,66.6,6.3,Submitted
CT00239,Drug_46,Diabetes Type 2,Phase III,2023-09-16,2025-09-05,3003,226,1937,36-84,75.3,37.2,44,6,Completed,PharmaCorp,16.07,65.7,9.1,Submitted
CT00240,Drug_20,Depression,Phase IV,2025-01-28,2026-01-28,4298,1218,311,34-79,72.2,38.3,16,7,Completed,PharmaCorp,33.86,71.6,8.5,Pending
CT00241,Drug_26,Depression,Phase III,2024-08-01,2026-03-27,4479,1256,2295,27-63,60.6,38.8,39,8,Completed,PharmaCorp,42.29,79.5,10.0,Not Submitted
CT00242,Drug_43,Asthma,Phase II,2024-10-28,2025-12-12,58,2484,656,24-69,94.4,25.6,20,5,Completed,PharmaCorp,45.83,97.8,7.4,Not Submitted
CT00243,Drug_42,Hypertension,Phase III,2024-10-27,2025-10-16,3979,928,672,25-71,66.0,39.3,1,5,Completed,Govt. Research,36.04,81.0,6.2,Not Submitted
CT00244,Drug_24,Hypertension,Phase II,2024-07-12,2026-03-10,3607,1327,2293,23-69,49.6,32.7,36,7,Completed,BioMed Inc,14.54,75.2,8.9,Published
CT00245,Drug_29,Cancer,Phase I,2024-09-09,2025-08-26,940,2208,1769,18-82,77.7,14.9,5,4,Completed,BioMed Inc,16.65,84.7,8.1,Submitted
CT00246,Drug_34,Asthma,Phase I,2024-06-28,2026-08-12,2789,2441,2260,35-64,51.0,24.3,43,2,Completed,HealthTech,1.53,68.9,6.9,Submitted
CT00247,Drug_29,Depression,Phase I,2024-07-13,2025-12-28,4131,1671,265,26-61,63.3,31.5,17,2,Completed,BioMed Inc,38.16,86.3,9.1,Pending
CT00248,Drug_8,Arthritis,Phase II,2024-06-20,2025-11-26,512,317,607,19-77,71.9,17.4,29,5,Completed,BioMed Inc,2.62,84.9,6.8,Pending
CT00249,Drug_16,Asthma,Phase I,2024-06-29,2026-03-20,1151,1369,671,27-82,91.3,29.2,21,1,Completed,BioMed Inc,43.3,92.7,7.0,Published
CT00250,Drug_15,Cancer,Phase III,2025-01-04,2026-01-11,3541,1979,244,22-80,71.2,30.0,32,5,Completed,HealthTech,6.37,99.5,6.4,Published
CT00251,Drug_5,Cancer,Phase II,2024-07-03,2025-11-13,330,901,1378,33-63,82.2,14.9,29,5,Completed,PharmaCorp,9.01,73.8,7.6,Not Submitted
CT00252,Drug_22,Asthma,Phase II,2024-01-07,2025-09-25,758,384,779,18-78,97.6,27.0,16,7,Completed,BioMed Inc,24.09,82.8,7.7,Pending
CT00253,Drug_2,Cancer,Phase IV,2024-02-25,2025-12-22,3261,2043,222,27-75,52.0,33.1,42,6,Completed,HealthTech,37.03,96.8,8.1,Submitted
CT00254,Drug_38,Asthma,Phase III,2025-06-06,2025-12-03,565,1374,472,33-74,59.6,25.0,31,7,Completed,HealthTech,7.38,92.5,8.8,Not Submitted
CT00255,Drug_36,Diabetes Type 2,Phase III,2024-04-21,2025-10-02,2481,138,2493,28-65,65.9,10.4,41,8,Completed,Govt. Research,22.28,82.1,9.6,Submitted
CT00256,Drug_15,Asthma,Phase II,2024-04-20,2026-02-03,4366,1024,292,19-68,67.4,10.3,13,5,Ongoing,HealthTech,24.4,98.1,6.6,Not Submitted
CT00257,Drug_38,Asthma,Phase II,2025-05-11,2026-03-24,4874,1809,1496,33-63,66.8,20.7,9,2,Ongoing,PharmaCorp,11.01,67.0,6.2,Submitted
CT00258,Drug_15,Cancer,Phase I,2024-03-03,2026-02-28,1824,1391,1440,20-72,93.1,37.8,46,9,Completed,BioMed Inc,6.22,97.6,6.1,Published
CT00259,Drug_1,Cancer,Phase II,2025-03-06,2025-10-09,3232,526,97,33-62,82.8,16.9,35,2,Completed,HealthTech,41.9,66.8,6.6,Not Submitted
CT00260,Drug_5,Hypertension,Phase II,2024-02-13,2025-12-22,3830,1528,1077,36-80,77.2,29.0,33,0,Completed,PharmaCorp,25.37,84.2,8.6,Submitted
CT00261,Drug_46,Hypertension,Phase II,2024-06-15,2026-02-13,833,95,470,39-61,61.4,16.7,8,4,Completed,HealthTech,1.21,96.2,8.9,Submitted
CT00262,Drug_41,Diabetes Type 2,Phase I,2023-11-15,2026-03-27,4144,1208,2335,22-64,88.7,19.7,41,3,Completed,HealthTech,40.25,74.2,9.1,Pending
CT00263,Drug_4,Hypertension,Phase I,2023-08-19,2025-10-22,2052,2368,2478,36-69,95.6,35.4,27,8,Terminated,HealthTech,49.05,81.5,7.0,Not Submitted
CT00264,Drug_15,Asthma,Phase III,2024-08-29,2026-04-14,4592,1152,1734,20-67,88.5,31.9,10,8,Completed,HealthTech,30.49,76.4,7.2,Submitted
CT00265,Drug_5,Cancer,Phase II,2024-09-11,2026-07-25,4433,2484,1386,21-77,45.1,12.9,13,4,Completed,HealthTech,25.43,98.3,7.9,Pending
CT00266,Drug_3,Hypertension,Phase II,2023-10-10,2025-10-09,264,2003,524,31-79,78.7,22.9,38,9,Ongoing,PharmaCorp,43.98,93.8,6.3,Submitted
CT00267,Drug_22,Hypertension,Phase III,2025-06-28,2025-08-19,4863,2171,712,37-85,47.7,10.9,46,3,Suspended,BioMed Inc,47.65,89.8,8.4,Not Submitted
CT00268,Drug_5,Diabetes Type 2,Phase III,2025-05-19,2025-10-13,4812,312,1663,37-67,58.7,24.4,18,6,Ongoing,BioMed Inc,37.85,85.6,9.9,Published
CT00269,Drug_33,Depression,Phase I,2025-03-01,2026-05-06,291,597,2076,34-72,48.2,29.9,14,5,Completed,BioMed Inc,22.55,93.7,7.4,Not Submitted
CT00270,Drug_16,Diabetes Type 2,Phase IV,2024-04-20,2026-03-26,3531,996,32,32-74,77.0,13.6,27,3,Completed,BioMed Inc,29.81,78.7,9.0,Not Submitted
CT00271,Drug_18,Asthma,Phase III,2024-08-28,2025-12-27,1791,1873,2470,27-78,81.4,18.7,23,9,Completed,PharmaCorp,35.2,80.7,8.0,Submitted
CT00272,Drug_43,Cancer,Phase I,2024-04-01,2026-07-12,1282,354,1063,31-69,51.1,21.9,7,1,Completed,Govt. Research,10.12,90.6,6.5,Submitted
CT00273,Drug_32,Diabetes Type 2,Phase IV,2024-11-26,2026-01-08,2444,823,1840,36-79,65.3,37.6,42,0,Completed,Govt. Research,22.64,77.5,8.3,Not Submitted
CT00274,Drug_14,Hypertension,Phase IV,2024-07-06,2025-09-28,4381,1997,2165,19-79,69.2,39.8,8,3,Completed,PharmaCorp,41.58,67.2,7.2,Pending
CT00275,Drug_35,Cancer,Phase I,2024-01-22,2025-10-22,940,1320,1314,21-84,64.6,11.3,46,3,Suspended,PharmaCorp,32.91,67.6,6.1,Pending
CT00276,Drug_9,Cancer,Phase II,2024-09-25,2025-11-27,3450,2009,1144,24-80,51.4,32.8,32,0,Completed,HealthTech,20.85,69.0,8.5,Pending
CT00277,Drug_47,Hypertension,Phase IV,2024-05-02,2026-01-22,4455,1687,2193,24-68,67.2,21.2,32,5,Completed,HealthTech,33.34,95.4,9.4,Submitted
CT00278,Drug_37,Diabetes Type 2,Phase III,2025-02-16,2025-10-01,4504,1337,371,39-62,84.8,21.8,18,3,Completed,HealthTech,6.35,81.5,7.4,Submitted
CT00279,Drug_37,Hypertension,Phase II,2025-01-20,2026-06-12,2644,1102,2186,23-67,48.8,32.6,2,0,Completed,BioMed Inc,20.37,90.0,7.6,Not Submitted
CT00280,Drug_31,Depression,Phase II,2025-05-09,2026-05-16,3780,2418,1909,23-77,49.2,37.6,9,0,Completed,HealthTech,39.76,78.8,9.6,Published
CT00281,Drug_16,Cancer,Phase II,2025-03-09,2026-07-23,2070,1019,1294,20-65,63.8,38.5,39,0,Completed,Govt. Research,11.42,74.1,9.3,Submitted
CT00282,Drug_31,Arthritis,Phase III,2024-01-29,2026-05-15,3520,713,524,18-73,94.9,27.3,46,7,Completed,BioMed Inc,9.71,77.2,8.9,Not Submitted
CT00283,Drug_27,Arthritis,Phase III,2025-05-14,2025-12-29,1185,584,458,32-82,80.4,20.7,41,9,Ongoing,HealthTech,47.57,92.8,7.0,Not Submitted
CT00284,Drug_13,Asthma,Phase II,2025-02-02,2026-04-16,395,1618,1933,37-75,81.0,33.6,0,7,Completed,BioMed Inc,10.89,86.9,9.6,Published
CT00285,Drug_7,Hypertension,Phase III,2024-03-17,2026-08-03,2053,1122,1516,27-61,64.2,17.5,28,1,Terminated,Govt. Research,13.42,97.8,6.6,Pending
CT00286,Drug_7,Hypertension,Phase III,2023-12-22,2025-11-13,165,697,1257,25-69,76.5,26.9,49,6,Completed,HealthTech,48.5,88.8,8.5,Not Submitted
CT00287,Drug_43,Asthma,Phase I,2025-06-07,2026-02-25,4408,498,1865,40-69,45.5,20.8,33,7,Completed,Govt. Research,36.87,85.0,6.1,Not Submitted
CT00288,Drug_28,Asthma,Phase II,2023-08-30,2025-10-02,451,1357,883,40-74,78.7,29.7,12,7,Completed,Govt. Research,35.13,86.4,8.6,Not Submitted
CT00289,Drug_23,Asthma,Phase III,2025-06-08,2026-04-06,724,503,1438,20-81,93.4,17.2,0,9,Completed,Govt. Research,42.72,98.0,7.1,Pending
CT00290,Drug_28,Cancer,Phase IV,2024-07-01,2026-06-29,2652,1677,2359,25-68,77.5,15.7,33,6,Completed,HealthTech,6.23,92.6,7.8,Pending
CT00291,Drug_27,Depression,Phase III,2024-05-17,2025-11-07,4514,1647,2288,38-78,91.3,37.5,28,4,Completed,PharmaCorp,35.44,65.8,7.4,Published
CT00292,Drug_30,Hypertension,Phase III,2024-03-29,2026-05-23,983,28,1764,39-85,83.4,13.1,47,0,Ongoing,HealthTech,25.43,83.7,6.7,Submitted
CT00293,Drug_47,Cancer,Phase I,2025-05-30,2026-07-19,2254,2454,932,24-73,51.4,25.2,46,8,Ongoing,Govt. Research,41.54,89.1,8.5,Pending
CT00294,Drug_4,Asthma,Phase III,2024-10-18,2026-07-11,2061,1010,2169,21-77,92.8,16.6,12,6,Completed,HealthTech,25.65,91.2,9.5,Submitted
CT00295,Drug_44,Hypertension,Phase III,2024-07-07,2025-12-20,1848,860,1046,25-80,48.5,11.2,47,1,Ongoing,Govt. Research,31.2,72.5,9.8,Submitted
CT00296,Drug_42,Cancer,Phase II,2025-03-17,2026-08-12,2128,1398,1426,22-68,73.3,11.1,48,5,Completed,PharmaCorp,24.15,95.4,6.8,Pending
CT00297,Drug_42,Depression,Phase II,2023-11-23,2026-05-23,4088,1364,2291,22-62,52.5,15.3,28,1,Ongoing,BioMed Inc,24.17,98.5,8.9,Not Submitted
CT00298,Drug_7,Cancer,Phase II,2024-10-26,2025-10-14,958,1377,323,19-65,45.6,36.0,38,0,Completed,PharmaCorp,38.51,73.3,8.7,Published
CT00299,Drug_4,Depression,Phase I,2024-09-01,2026-04-28,4825,831,2266,27-79,67.4,18.5,23,6,Completed,PharmaCorp,31.61,95.9,7.4,Submitted
CT00300,Drug_26,Asthma,Phase II,2025-06-04,2026-04-12,826,464,2007,36-69,60.6,38.5,25,1,Ongoing,BioMed Inc,31.85,68.4,6.1,Not Submitted
CT00301,Drug_47,Depression,Phase II,2023-08-29,2025-12-02,1483,1634,1047,32-63,70.8,27.4,16,1,Completed,HealthTech,22.79,66.9,8.8,Pending
CT00302,Drug_22,Hypertension,Phase II,2025-06-18,2025-09-27,3435,720,1666,32-82,75.6,23.1,6,4,Ongoing,BioMed Inc,26.79,69.5,9.8,Submitted
CT00303,Drug_7,Asthma,Phase I,2024-07-18,2025-12-23,30,2200,1788,27-82,47.3,27.4,12,4,Completed,HealthTech,37.41,67.0,8.5,Submitted
CT00304,Drug_16,Hypertension,Phase IV,2025-01-27,2025-12-31,1888,926,1024,30-68,51.5,25.5,4,6,Completed,HealthTech,41.38,94.6,7.7,Submitted
CT00305,Drug_13,Arthritis,Phase III,2025-05-02,2026-07-22,4887,1506,1103,34-77,74.6,32.8,25,0,Completed,Govt. Research,34.98,67.1,8.1,Not Submitted
CT00306,Drug_13,Diabetes Type 2,Phase III,2023-10-16,2025-11-22,904,1450,1134,33-74,63.2,18.5,48,7,Completed,Govt. Research,46.24,74.5,6.8,Not Submitted
CT00307,Drug_35,Depression,Phase IV,2025-07-25,2025-09-17,3584,314,707,20-79,83.6,20.6,2,2,Completed,BioMed Inc,41.11,68.6,9.0,Not Submitted
CT00308,Drug_29,Diabetes Type 2,Phase III,2024-11-25,2026-07-04,1409,745,2189,19-73,79.6,36.8,6,3,Ongoing,PharmaCorp,28.31,75.3,9.0,Submitted
CT00309,Drug_9,Diabetes Type 2,Phase I,2024-06-28,2026-07-06,3421,2348,1414,28-79,89.8,38.4,48,8,Completed,BioMed Inc,33.73,68.2,6.6,Submitted
CT00310,Drug_28,Depression,Phase III,2023-09-01,2025-11-11,4341,1973,1165,26-60,81.7,36.8,38,3,Ongoing,HealthTech,46.35,88.4,9.5,Published
CT00311,Drug_12,Asthma,Phase III,2024-01-20,2025-10-17,844,2159,1053,20-67,67.8,22.6,0,9,Ongoing,Govt. Research,31.15,69.7,7.1,Published
CT00312,Drug_18,Arthritis,Phase III,2023-12-29,2026-07-22,2285,2019,1939,39-78,80.7,33.4,48,4,Completed,BioMed Inc,41.33,94.8,9.9,Not Submitted
CT00313,Drug_30,Hypertension,Phase III,2024-01-17,2025-10-29,956,971,1023,36-60,59.6,24.3,16,6,Ongoing,BioMed Inc,34.6,93.6,7.5,Not Submitted
CT00314,Drug_16,Cancer,Phase I,2025-03-29,2025-09-18,2820,1036,236,39-68,61.2,24.9,42,3,Terminated,Govt. Research,27.82,65.5,6.7,Pending
CT00315,Drug_5,Hypertension,Phase II,2024-07-18,2025-08-26,2573,2142,1838,36-61,86.8,16.1,24,0,Ongoing,Govt. Research,12.47,96.4,7.4,Not Submitted
CT00316,Drug_29,Cancer,Phase II,2025-07-13,2026-03-16,3865,2385,1502,23-75,68.7,27.7,2,8,Ongoing,Govt. Research,21.59,66.0,7.8,Published
CT00317,Drug_36,Hypertension,Phase III,2023-12-08,2025-09-25,1816,1483,831,34-80,87.3,15.6,14,3,Terminated,HealthTech,48.4,73.4,6.3,Published
CT00318,Drug_7,Depression,Phase III,2025-02-19,2025-12-02,73,1957,2033,32-68,88.6,19.9,28,8,Completed,Govt. Research,33.06,66.1,8.3,Published
CT00319,Drug_4,Arthritis,Phase II,2023-08-25,2025-11-24,746,1187,880,23-78,90.5,35.7,42,5,Completed,PharmaCorp,28.44,76.8,8.4,Submitted
CT00320,Drug_42,Cancer,Phase IV,2025-05-21,2025-09-01,2756,674,2462,31-80,93.6,16.2,31,0,Ongoing,BioMed Inc,46.68,83.0,9.0,Submitted
CT00321,Drug_35,Asthma,Phase III,2024-07-08,2026-01-14,3190,21,2259,33-62,67.8,12.1,25,2,Completed,Govt. Research,29.53,92.9,6.1,Not Submitted
CT00322,Drug_1,Hypertension,Phase II,2025-01-12,2026-06-19,1933,1166,2095,33-71,61.9,12.1,15,1,Completed,Govt. Research,26.54,76.8,8.2,Pending
CT00323,Drug_6,Hypertension,Phase I,2024-12-06,2025-12-03,1616,313,1805,31-70,75.9,38.2,24,8,Completed,HealthTech,38.09,89.7,6.2,Pending
CT00324,Drug_49,Cancer,Phase II,2024-07-01,2025-10-29,1934,1773,197,28-81,64.7,25.2,27,0,Ongoing,HealthTech,35.78,71.6,8.8,Pending
CT00325,Drug_16,Asthma,Phase II,2023-12-23,2025-09-13,2486,52,1090,21-65,76.9,22.3,8,8,Completed,BioMed Inc,10.06,91.3,6.2,Submitted
CT00326,Drug_11,Asthma,Phase II,2023-11-03,2026-01-04,2757,953,950,28-73,82.4,34.3,0,8,Suspended,PharmaCorp,23.83,73.3,9.6,Published
CT00327,Drug_27,Depression,Phase II,2025-02-28,2025-11-06,869,2400,2330,40-75,81.5,35.1,28,7,Completed,BioMed Inc,23.89,70.0,8.8,Published
CT00328,Drug_32,Depression,Phase II,2024-11-08,2025-09-03,2129,1359,535,27-81,64.9,20.0,21,7,Completed,Govt. Research,19.22,71.5,8.0,Submitted
CT00329,Drug_31,Depression,Phase II,2024-09-16,2026-03-16,22,2421,345,30-84,53.8,30.8,15,0,Completed,PharmaCorp,26.11,71.4,7.8,Pending
CT00330,Drug_14,Depression,Phase IV,2023-09-01,2026-01-11,4275,900,1088,35-61,67.8,33.1,40,7,Completed,PharmaCorp,20.95,83.0,6.5,Pending
CT00331,Drug_26,Depression,Phase I,2023-11-21,2026-08-04,4089,2484,171,32-62,52.6,29.6,43,9,Completed,PharmaCorp,10.37,94.6,7.2,Not Submitted
CT00332,Drug_4,Depression,Phase III,2025-06-06,2025-11-05,4896,1014,603,28-68,92.2,14.5,40,2,Suspended,PharmaCorp,20.91,67.8,9.5,Not Submitted
CT00333,Drug_11,Arthritis,Phase III,2025-02-27,2026-01-24,912,30,1948,28-63,63.3,36.3,6,6,Ongoing,BioMed Inc,4.08,89.7,9.6,Pending
CT00334,Drug_25,Asthma,Phase IV,2025-05-10,2026-06-07,2050,416,2216,30-76,53.2,26.2,13,0,Completed,HealthTech,29.0,87.9,6.0,Submitted
CT00335,Drug_1,Depression,Phase I,2024-08-28,2025-11-03,3180,1024,69,18-81,46.3,18.5,28,0,Completed,HealthTech,42.76,95.5,8.4,Pending
CT00336,Drug_25,Asthma,Phase II,2025-05-21,2025-11-08,2396,345,1911,35-74,79.2,22.8,18,9,Ongoing,Govt. Research,36.4,73.5,8.9,Not Submitted
CT00337,Drug_17,Asthma,Phase IV,2024-07-15,2026-01-25,4695,1848,2268,31-61,78.8,11.1,18,4,Suspended,HealthTech,18.34,80.8,8.5,Pending
CT00338,Drug_30,Diabetes Type 2,Phase IV,2024-10-20,2025-10-05,1953,1157,415,24-76,63.1,13.8,1,4,Completed,HealthTech,4.81,97.4,6.3,Submitted
CT00339,Drug_19,Arthritis,Phase IV,2024-04-26,2025-09-21,1400,2456,673,29-79,48.8,33.0,40,7,Completed,HealthTech,10.51,88.1,6.9,Published
CT00340,Drug_28,Depression,Phase II,2024-09-20,2026-01-31,3701,1837,1142,33-80,66.7,10.0,44,6,Completed,HealthTech,27.5,78.6,7.0,Submitted
CT00341,Drug_45,Hypertension,Phase II,2025-04-09,2025-09-17,1310,724,1109,32-84,61.5,22.5,14,7,Ongoing,Govt. Research,10.75,69.6,9.3,Submitted
CT00342,Drug_47,Cancer,Phase III,2025-06-01,2026-01-18,1660,60,551,19-66,80.9,25.7,2,5,Completed,BioMed Inc,27.43,74.2,7.9,Not Submitted
CT00343,Drug_36,Hypertension,Phase IV,2023-09-29,2026-01-07,2702,333,1347,26-77,77.1,11.6,10,5,Completed,PharmaCorp,11.96,85.3,7.9,Submitted
CT00344,Drug_43,Arthritis,Phase III,2025-05-13,2026-04-01,1007,798,1007,22-69,64.3,39.2,45,1,Completed,HealthTech,42.52,90.1,9.7,Submitted
CT00345,Drug_46,Cancer,Phase III,2024-02-29,2026-02-16,1238,150,1150,32-82,56.5,16.8,29,5,Ongoing,BioMed Inc,20.16,69.4,8.5,Not Submitted
CT00346,Drug_32,Arthritis,Phase II,2024-04-11,2026-03-30,1375,479,877,33-63,97.4,19.1,39,4,Completed,HealthTech,12.65,86.0,9.6,Not Submitted
CT00347,Drug_10,Asthma,Phase IV,2025-05-10,2026-07-17,4285,796,2076,18-80,69.1,19.1,17,2,Completed,HealthTech,40.71,84.3,7.8,Published
CT00348,Drug_13,Cancer,Phase II,2024-11-29,2026-03-16,4636,1835,441,37-85,81.5,16.9,47,5,Completed,PharmaCorp,17.47,83.0,6.6,Pending
CT00349,Drug_19,Asthma,Phase II,2025-01-24,2026-07-21,4155,1367,749,25-82,52.4,10.0,1,7,Completed,PharmaCorp,6.02,89.2,9.7,Submitted
CT00350,Drug_14,Hypertension,Phase III,2023-09-25,2025-10-21,1580,1926,1383,23-69,70.7,31.9,31,8,Completed,PharmaCorp,28.74,94.3,7.8,Not Submitted
CT00351,Drug_4,Hypertension,Phase III,2025-03-18,2025-10-04,1438,973,192,35-60,46.5,39.0,7,0,Ongoing,HealthTech,29.29,76.3,6.7,Published
CT00352,Drug_38,Cancer,Phase II,2024-10-31,2026-02-10,974,382,2170,35-73,71.8,16.7,21,2,Ongoing,HealthTech,35.88,96.1,7.2,Pending
CT00353,Drug_48,Cancer,Phase I,2025-05-18,2026-04-06,1003,1702,1216,20-67,96.1,29.9,5,2,Ongoing,HealthTech,12.39,70.6,6.2,Not Submitted
CT00354,Drug_35,Depression,Phase III,2024-05-29,2025-10-15,994,1189,1179,21-74,65.4,32.3,11,7,Ongoing,PharmaCorp,22.47,71.1,7.9,Pending
CT00355,Drug_4,Arthritis,Phase II,2025-04-15,2025-12-09,4153,2348,840,21-80,47.1,35.5,46,0,Completed,Govt. Research,14.48,74.3,9.4,Pending
CT00356,Drug_48,Depression,Phase III,2025-02-20,2026-07-07,3992,1681,1661,22-75,46.6,22.7,39,4,Ongoing,BioMed Inc,4.51,69.2,9.7,Submitted
CT00357,Drug_21,Arthritis,Phase II,2024-01-26,2026-06-05,933,115,1146,40-69,65.6,19.1,35,2,Completed,Govt. Research,43.89,73.1,9.7,Submitted
CT00358,Drug_4,Depression,Phase III,2025-05-16,2026-01-12,4569,1453,485,34-82,53.5,19.8,14,1,Completed,HealthTech,36.58,68.7,6.5,Not Submitted
CT00359,Drug_4,Asthma,Phase III,2024-02-23,2026-02-18,56,1691,1336,26-73,46.2,31.4,27,7,Terminated,HealthTech,15.42,93.8,7.5,Pending
CT00360,Drug_38,Cancer,Phase I,2025-04-26,2025-12-12,3407,11,980,33-75,85.1,34.5,48,2,Completed,Govt. Research,30.17,69.9,6.1,Not Submitted
CT00361,Drug_31,Hypertension,Phase II,2025-04-04,2026-05-17,1731,2147,1029,25-74,69.3,15.4,44,6,Completed,HealthTech,10.46,91.2,9.4,Not Submitted
CT00362,Drug_33,Arthritis,Phase I,2023-08-17,2026-04-30,3040,359,1151,35-64,60.3,21.1,17,0,Completed,BioMed Inc,44.57,66.7,7.4,Pending
CT00363,Drug_34,Arthritis,Phase I,2024-05-24,2025-12-25,815,1296,1846,30-66,92.7,37.1,1,5,Completed,HealthTech,6.19,98.2,8.5,Not Submitted
CT00364,Drug_11,Hypertension,Phase IV,2024-12-01,2025-09-18,4056,1072,170,37-76,51.2,34.2,12,2,Completed,BioMed Inc,0.69,89.9,8.9,Pending
CT00365,Drug_4,Depression,Phase II,2025-05-05,2025-12-31,4708,2216,2458,22-62,95.7,39.5,44,7,Ongoing,Govt. Research,25.35,65.2,7.7,Pending
CT00366,Drug_33,Arthritis,Phase IV,2025-06-06,2025-10-14,3131,2369,207,26-84,61.6,32.6,14,5,Terminated,Govt. Research,29.36,91.7,7.2,Pending
CT00367,Drug_6,Asthma,Phase II,2024-05-20,2025-10-09,1344,454,1293,31-70,92.1,21.8,19,1,Completed,HealthTech,29.16,83.0,9.8,Pending
CT00368,Drug_12,Cancer,Phase III,2025-04-27,2026-05-21,337,2355,669,34-68,77.0,27.7,28,5,Completed,BioMed Inc,3.2,92.3,9.9,Published
CT00369,Drug_5,Hypertension,Phase IV,2024-04-09,2026-03-24,2416,961,1785,18-69,88.8,29.8,41,6,Completed,HealthTech,16.05,83.3,7.2,Pending
CT00370,Drug_39,Cancer,Phase III,2025-01-25,2025-12-09,2182,45,1080,27-78,97.2,12.4,28,4,Ongoing,PharmaCorp,25.21,87.4,7.9,Submitted
CT00371,Drug_5,Arthritis,Phase III,2024-06-15,2025-09-13,2765,1117,2020,36-81,60.3,26.3,2,2,Completed,PharmaCorp,11.22,92.5,9.9,Submitted
CT00372,Drug_44,Arthritis,Phase III,2025-07-23,2026-01-05,1611,1485,408,33-64,95.9,31.3,18,3,Completed,PharmaCorp,43.69,79.2,6.0,Submitted
CT00373,Drug_16,Hypertension,Phase II,2024-03-10,2026-07-08,3131,1808,1743,32-77,65.6,15.0,2,3,Completed,PharmaCorp,4.81,65.1,7.7,Pending
CT00374,Drug_26,Asthma,Phase IV,2023-10-06,2026-02-02,3950,1855,1592,33-71,65.4,33.4,13,5,Completed,HealthTech,24.63,94.7,6.4,Submitted
CT00375,Drug_8,Diabetes Type 2,Phase IV,2025-02-27,2025-09-05,2016,1418,2135,28-77,63.0,27.5,39,9,Completed,PharmaCorp,34.73,78.3,8.0,Published
CT00376,Drug_37,Hypertension,Phase IV,2025-01-17,2026-07-26,1332,1205,2181,35-72,73.7,38.6,3,0,Ongoing,BioMed Inc,13.46,82.4,6.1,Not Submitted
CT00377,Drug_16,Diabetes Type 2,Phase I,2024-05-25,2026-04-02,1305,1409,84,32-70,53.2,11.3,10,3,Completed,Govt. Research,31.4,65.3,7.6,Pending
CT00378,Drug_38,Depression,Phase III,2023-12-07,2026-06-17,4331,1718,2194,24-82,74.3,18.0,30,9,Completed,Govt. Research,41.55,82.2,6.9,Submitted
CT00379,Drug_39,Diabetes Type 2,Phase IV,2025-05-02,2026-06-18,2403,1395,611,25-78,73.7,28.0,42,3,Completed,PharmaCorp,9.92,99.5,8.1,Published
CT00380,Drug_3,Asthma,Phase II,2025-03-18,2026-01-22,3259,2198,846,30-67,85.4,18.9,31,9,Ongoing,PharmaCorp,45.9,74.7,10.0,Not Submitted
CT00381,Drug_40,Depression,Phase I,2024-12-17,2025-09-20,2159,1310,1538,31-61,89.2,31.4,26,0,Completed,PharmaCorp,27.9,78.8,9.2,Published
CT00382,Drug_6,Diabetes Type 2,Phase III,2024-08-14,2025-10-01,1724,1253,509,28-83,68.3,32.8,29,8,Completed,HealthTech,15.31,89.1,9.4,Submitted
CT00383,Drug_27,Depression,Phase III,2024-08-06,2026-04-28,382,530,1606,33-82,61.0,13.1,42,3,Completed,Govt. Research,21.83,93.5,8.5,Published
CT00384,Drug_43,Diabetes Type 2,Phase IV,2023-11-08,2026-03-04,2624,1816,147,30-72,58.7,25.4,1,6,Completed,PharmaCorp,15.95,79.6,6.2,Not Submitted
CT00385,Drug_38,Asthma,Phase I,2023-10-10,2026-07-07,1736,19,2107,39-85,55.3,25.3,48,2,Ongoing,BioMed Inc,36.39,75.8,6.8,Submitted
CT00386,Drug_37,Diabetes Type 2,Phase IV,2024-10-01,2026-02-15,4471,993,1804,38-64,48.1,21.1,8,9,Completed,PharmaCorp,39.92,97.8,9.7,Not Submitted
CT00387,Drug_34,Diabetes Type 2,Phase II,2024-02-29,2025-08-22,4306,2435,982,33-61,63.1,38.0,27,2,Terminated,Govt. Research,41.73,88.7,7.5,Published
CT00388,Drug_21,Diabetes Type 2,Phase II,2023-11-29,2026-02-21,3758,1666,1652,22-76,59.3,34.8,30,7,Completed,PharmaCorp,49.3,69.2,6.4,Pending
CT00389,Drug_17,Hypertension,Phase II,2023-09-20,2026-07-04,2489,1670,1895,36-70,96.2,30.9,33,7,Ongoing,Govt. Research,39.67,67.4,8.8,Pending
CT00390,Drug_14,Hypertension,Phase IV,2024-07-14,2026-02-09,4815,2209,2311,21-74,74.6,31.4,14,0,Completed,PharmaCorp,30.27,81.9,7.2,Pending
CT00391,Drug_43,Hypertension,Phase III,2024-03-24,2026-07-08,576,729,2038,21-76,63.4,23.9,47,9,Ongoing,BioMed Inc,17.29,72.7,7.1,Pending
CT00392,Drug_46,Asthma,Phase III,2024-07-16,2026-06-20,845,1082,1910,32-60,75.8,37.6,24,1,Completed,PharmaCorp,27.46,73.9,10.0,Not Submitted
CT00393,Drug_21,Depression,Phase II,2025-01-16,2026-05-28,2828,868,1459,22-73,52.4,30.8,35,7,Completed,BioMed Inc,2.53,95.7,9.4,Pending
CT00394,Drug_16,Arthritis,Phase IV,2024-06-18,2026-01-10,4541,1326,556,38-64,68.5,31.9,7,0,Ongoing,BioMed Inc,37.37,68.1,7.6,Not Submitted
CT00395,Drug_17,Diabetes Type 2,Phase II,2024-12-12,2026-05-30,2739,1613,931,20-75,78.2,35.9,8,7,Completed,PharmaCorp,22.57,90.0,9.9,Submitted
CT00396,Drug_26,Diabetes Type 2,Phase IV,2023-11-22,2025-11-12,3528,59,590,26-70,70.9,18.2,36,7,Completed,BioMed Inc,1.49,74.5,8.6,Pending
CT00397,Drug_9,Asthma,Phase III,2025-06-26,2026-04-07,3761,155,1382,37-82,66.3,34.2,47,1,Completed,HealthTech,3.59,91.6,9.0,Not Submitted
CT00398,Drug_43,Diabetes Type 2,Phase II,2025-07-02,2025-08-31,1594,924,1966,30-80,97.7,15.9,44,3,Completed,PharmaCorp,19.68,90.3,6.1,Pending
CT00399,Drug_42,Hypertension,Phase III,2025-06-03,2025-11-09,4018,1472,2013,20-70,91.7,20.4,38,5,Completed,PharmaCorp,29.38,65.3,6.5,Pending
CT00400,Drug_20,Arthritis,Phase II,2023-11-22,2026-02-19,2149,2299,2106,39-77,78.0,20.1,31,8,Completed,BioMed Inc,23.48,82.8,8.5,Pending
CT00401,Drug_30,Cancer,Phase III,2025-01-18,2026-08-03,2423,590,713,30-70,75.2,39.4,16,7,Completed,BioMed Inc,31.15,69.9,9.6,Not Submitted
CT00402,Drug_21,Diabetes Type 2,Phase III,2024-07-15,2026-01-06,3349,1594,2318,38-82,77.9,35.7,34,7,Ongoing,PharmaCorp,24.27,95.3,8.5,Published
CT00403,Drug_49,Hypertension,Phase II,2024-03-15,2026-01-09,608,492,2413,33-77,55.7,31.0,36,6,Completed,HealthTech,33.25,95.5,6.5,Pending
CT00404,Drug_5,Cancer,Phase IV,2025-03-22,2026-03-18,2032,1259,1635,19-79,65.9,31.8,18,8,Ongoing,BioMed Inc,11.35,79.6,6.5,Pending
CT00405,Drug_1,Arthritis,Phase II,2025-04-20,2026-05-20,1567,682,647,20-67,47.1,26.9,43,1,Terminated,BioMed Inc,6.09,80.6,9.4,Submitted
CT00406,Drug_30,Cancer,Phase III,2025-04-30,2026-04-27,314,640,1019,38-81,70.2,38.4,28,2,Completed,Govt. Research,30.02,75.6,6.6,Published
CT00407,Drug_40,Hypertension,Phase IV,2025-01-19,2025-12-26,2005,671,650,27-67,73.8,24.9,6,9,Completed,HealthTech,24.49,90.1,8.1,Not Submitted
CT00408,Drug_37,Depression,Phase III,2024-02-18,2026-07-25,3137,2476,1871,20-73,57.1,21.4,27,7,Completed,HealthTech,1.83,77.6,6.1,Submitted
CT00409,Drug_7,Depression,Phase I,2024-06-03,2026-01-26,1710,997,1215,21-84,96.1,14.9,8,5,Completed,PharmaCorp,19.33,74.4,6.3,Pending
CT00410,Drug_5,Cancer,Phase IV,2024-05-22,2026-07-11,1156,1556,695,38-82,93.2,33.6,27,9,Suspended,HealthTech,5.75,80.1,8.7,Submitted
CT00411,Drug_35,Asthma,Phase III,2024-02-06,2026-04-16,2084,659,1861,21-74,83.3,32.0,5,8,Completed,PharmaCorp,26.8,68.2,8.8,Submitted
CT00412,Drug_14,Cancer,Phase II,2023-09-09,2026-08-04,4475,978,197,23-82,73.3,21.5,28,9,Completed,Govt. Research,20.09,91.1,7.4,Pending
CT00413,Drug_33,Diabetes Type 2,Phase I,2024-04-24,2025-11-08,4815,1110,1629,27-60,91.1,10.8,16,3,Completed,HealthTech,30.85,65.4,6.9,Published
CT00414,Drug_17,Diabetes Type 2,Phase IV,2025-05-18,2025-12-31,4563,450,1697,19-70,51.9,35.2,15,7,Completed,BioMed Inc,40.38,87.6,9.3,Published
CT00415,Drug_9,Depression,Phase III,2024-07-13,2025-10-29,4790,930,994,19-69,86.9,10.3,22,9,Completed,Govt. Research,15.33,71.4,6.9,Submitted
CT00416,Drug_23,Asthma,Phase III,2024-09-24,2026-01-28,1027,779,557,29-71,51.6,31.1,30,2,Completed,PharmaCorp,48.12,73.1,8.2,Pending
CT00417,Drug_5,Hypertension,Phase IV,2025-07-29,2026-05-02,2534,1353,1441,31-64,87.1,39.1,2,2,Terminated,Govt. Research,27.01,87.2,9.9,Not Submitted
CT00418,Drug_16,Diabetes Type 2,Phase IV,2024-01-15,2026-04-21,3546,1836,885,25-76,59.6,23.1,20,7,Completed,PharmaCorp,31.11,99.8,6.6,Submitted
CT00419,Drug_24,Depression,Phase II,2024-05-08,2026-03-03,4701,272,627,31-78,91.5,17.0,25,4,Completed,Govt. Research,34.19,92.2,9.8,Not Submitted
CT00420,Drug_19,Arthritis,Phase II,2024-01-15,2026-04-26,1267,1587,2471,39-85,95.0,31.1,35,2,Ongoing,PharmaCorp,33.5,72.9,6.7,Submitted
CT00421,Drug_11,Depression,Phase II,2024-08-22,2026-06-29,3922,1008,1375,23-65,52.9,34.5,41,9,Completed,HealthTech,25.79,71.2,8.3,Submitted
CT00422,Drug_29,Diabetes Type 2,Phase III,2024-02-12,2026-03-21,1455,709,1253,23-62,69.5,26.4,36,0,Suspended,BioMed Inc,21.72,95.3,7.5,Pending
CT00423,Drug_35,Diabetes Type 2,Phase I,2025-04-08,2025-10-16,591,2359,912,37-72,97.0,39.0,21,2,Terminated,PharmaCorp,3.16,80.5,9.9,Pending
CT00424,Drug_46,Depression,Phase III,2024-12-26,2026-06-02,2402,1613,172,37-81,70.6,11.6,41,8,Ongoing,Govt. Research,1.59,69.8,7.1,Not Submitted
CT00425,Drug_20,Hypertension,Phase IV,2023-10-05,2026-07-25,1265,1251,1984,25-75,90.8,25.1,11,4,Ongoing,PharmaCorp,18.22,95.2,7.6,Not Submitted
CT00426,Drug_40,Cancer,Phase IV,2024-04-13,2025-08-22,2104,1135,279,36-64,76.2,31.6,41,9,Completed,PharmaCorp,17.02,93.6,9.9,Published
CT00427,Drug_42,Diabetes Type 2,Phase II,2024-10-22,2025-10-25,297,2345,641,25-74,64.9,35.9,12,1,Suspended,PharmaCorp,19.69,99.4,8.1,Pending
CT00428,Drug_34,Depression,Phase IV,2025-03-30,2026-03-31,1907,1200,915,38-68,60.1,15.4,10,6,Completed,Govt. Research,7.35,96.8,8.0,Submitted
CT00429,Drug_1,Depression,Phase I,2023-10-31,2026-03-14,4599,1015,2024,32-68,55.8,34.0,15,1,Ongoing,BioMed Inc,37.04,94.8,7.0,Submitted
CT00430,Drug_43,Asthma,Phase IV,2025-06-09,2025-10-12,1285,45,1651,39-60,85.4,26.6,7,3,Suspended,HealthTech,42.92,66.8,8.8,Published
CT00431,Drug_36,Cancer,Phase I,2025-05-03,2026-07-18,4846,753,214,32-69,65.5,21.9,39,6,Terminated,BioMed Inc,46.97,68.7,6.1,Pending
CT00432,Drug_20,Arthritis,Phase II,2025-01-30,2025-08-24,1060,1774,591,39-77,72.1,14.0,39,3,Ongoing,PharmaCorp,24.87,84.9,6.2,Submitted
CT00433,Drug_43,Hypertension,Phase IV,2025-01-05,2026-02-19,937,362,1589,23-62,71.1,36.0,44,6,Completed,Govt. Research,35.19,83.6,8.4,Published
CT00434,Drug_7,Arthritis,Phase I,2025-07-25,2026-05-24,905,1932,850,32-71,75.6,14.7,1,6,Terminated,BioMed Inc,42.85,81.0,7.4,Published
CT00435,Drug_9,Cancer,Phase II,2025-06-25,2026-06-10,2772,82,1846,36-69,90.9,19.3,29,0,Completed,PharmaCorp,21.21,78.9,9.8,Submitted
CT00436,Drug_17,Cancer,Phase III,2024-11-12,2026-08-11,41,1386,1261,38-73,97.0,18.7,29,5,Suspended,HealthTech,15.82,80.1,9.6,Submitted
CT00437,Drug_8,Cancer,Phase III,2024-07-31,2025-10-25,4589,1924,1729,40-68,66.6,36.1,11,8,Completed,HealthTech,46.87,84.9,8.9,Not Submitted
CT00438,Drug_7,Arthritis,Phase III,2025-01-04,2025-12-03,3211,1103,1652,32-69,88.9,30.2,9,1,Completed,HealthTech,26.03,65.1,9.3,Pending
CT00439,Drug_48,Cancer,Phase III,2023-11-24,2026-05-28,2373,2482,2307,24-72,85.5,33.9,43,2,Completed,PharmaCorp,25.11,74.1,8.7,Not Submitted
CT00440,Drug_36,Depression,Phase III,2025-03-03,2026-01-09,4819,717,884,33-63,75.4,17.5,10,9,Completed,Govt. Research,9.33,83.1,6.5,Published
CT00441,Drug_10,Arthritis,Phase II,2025-07-06,2026-05-21,706,1814,1474,25-72,95.7,28.7,14,4,Ongoing,BioMed Inc,5.85,90.3,9.1,Submitted
CT00442,Drug_18,Cancer,Phase II,2024-12-16,2025-08-28,304,965,2253,36-71,55.6,27.2,15,8,Completed,HealthTech,42.18,71.1,6.8,Not Submitted
CT00443,Drug_19,Depression,Phase II,2023-11-16,2025-12-15,4831,2485,699,36-69,50.8,35.0,16,3,Completed,PharmaCorp,30.9,84.1,7.3,Published
CT00444,Drug_39,Asthma,Phase IV,2024-12-24,2026-06-02,3767,169,2020,40-69,90.3,37.2,25,0,Completed,PharmaCorp,16.63,90.0,9.3,Pending
CT00445,Drug_14,Cancer,Phase III,2024-03-29,2026-07-13,782,2206,1432,18-81,68.3,10.4,1,3,Ongoing,BioMed Inc,9.99,80.6,8.1,Submitted
CT00446,Drug_46,Arthritis,Phase III,2023-10-20,2025-12-09,2448,1745,2011,30-68,89.9,30.2,49,5,Completed,HealthTech,28.0,65.9,9.4,Not Submitted
CT00447,Drug_22,Diabetes Type 2,Phase III,2024-03-24,2025-11-11,2527,1595,681,18-78,92.3,11.6,11,4,Completed,PharmaCorp,29.4,80.7,6.9,Pending
CT00448,Drug_14,Cancer,Phase IV,2023-09-29,2026-03-10,48,76,1181,39-84,48.3,26.5,25,0,Completed,BioMed Inc,10.75,75.4,8.4,Not Submitted
CT00449,Drug_44,Diabetes Type 2,Phase II,2024-09-26,2026-04-10,926,2438,1505,19-79,91.8,18.6,22,3,Completed,Govt. Research,42.64,97.5,6.3,Published
CT00450,Drug_41,Depression,Phase III,2025-04-15,2026-08-06,3124,67,953,33-69,68.8,19.2,17,5,Completed,Govt. Research,4.67,69.4,8.6,Pending
CT00451,Drug_17,Asthma,Phase III,2024-05-29,2026-02-07,4019,351,2256,25-79,72.1,20.6,31,9,Completed,Govt. Research,18.13,87.8,9.1,Not Submitted
CT00452,Drug_33,Hypertension,Phase III,2025-06-03,2025-09-18,3014,1163,1459,29-67,78.2,28.6,48,9,Completed,HealthTech,34.18,66.8,8.3,Pending
CT00453,Drug_32,Asthma,Phase I,2023-11-02,2025-11-18,2526,1205,905,38-66,94.1,20.0,37,3,Suspended,BioMed Inc,14.07,80.6,7.1,Published
CT00454,Drug_17,Cancer,Phase IV,2025-02-07,2026-06-06,4685,1242,2199,37-68,46.0,32.0,46,8,Ongoing,BioMed Inc,41.47,84.4,6.1,Pending
CT00455,Drug_4,Diabetes Type 2,Phase IV,2024-02-22,2026-01-14,3629,2411,1346,39-84,70.3,22.1,2,4,Completed,PharmaCorp,37.12,75.4,6.5,Not Submitted
CT00456,Drug_6,Diabetes Type 2,Phase III,2024-09-22,2025-10-20,3573,1504,174,39-81,81.4,12.1,37,7,Terminated,PharmaCorp,39.56,80.9,8.5,Published
CT00457,Drug_41,Arthritis,Phase III,2024-09-23,2026-03-10,1473,1831,2371,22-80,83.3,33.5,2,8,Completed,PharmaCorp,6.4,70.7,9.7,Submitted
CT00458,Drug_28,Diabetes Type 2,Phase IV,2024-01-28,2026-06-17,4853,125,2078,21-80,81.7,18.6,29,9,Completed,BioMed Inc,7.46,75.6,6.8,Not Submitted
CT00459,Drug_18,Arthritis,Phase III,2024-01-18,2025-08-15,3376,671,1115,38-61,52.1,23.0,0,4,Completed,PharmaCorp,14.68,86.7,8.9,Not Submitted
CT00460,Drug_3,Depression,Phase II,2025-01-21,2026-07-04,535,1475,1763,27-85,60.9,30.6,29,5,Completed,BioMed Inc,26.14,75.6,9.5,Published
CT00461,Drug_1,Hypertension,Phase III,2023-11-18,2026-03-26,58,1878,2362,32-61,64.0,20.0,44,0,Completed,BioMed Inc,37.53,96.5,8.1,Published
CT00462,Drug_22,Cancer,Phase III,2025-08-06,2026-03-07,3362,2344,1948,36-71,87.6,11.7,31,6,Completed,Govt. Research,41.91,87.0,8.7,Submitted
CT00463,Drug_50,Arthritis,Phase III,2025-04-04,2025-09-08,906,1026,380,22-62,59.8,21.2,27,3,Completed,PharmaCorp,35.36,80.4,9.3,Not Submitted
CT00464,Drug_9,Hypertension,Phase III,2025-05-29,2026-04-20,2864,320,1890,27-70,56.2,38.3,20,1,Ongoing,Govt. Research,46.47,66.4,7.0,Published
CT00465,Drug_41,Diabetes Type 2,Phase IV,2025-04-05,2026-06-19,2224,217,862,31-65,95.7,29.3,45,4,Completed,HealthTech,37.07,82.5,7.2,Submitted
CT00466,Drug_17,Diabetes Type 2,Phase IV,2025-04-16,2025-08-26,1118,642,393,24-64,45.5,30.1,12,2,Completed,HealthTech,15.66,91.8,6.0,Submitted
CT00467,Drug_11,Hypertension,Phase III,2025-06-14,2025-12-29,1843,2112,1941,35-71,97.9,29.0,26,5,Completed,HealthTech,13.62,74.3,9.9,Published
CT00468,Drug_48,Diabetes Type 2,Phase I,2023-10-16,2026-06-24,3221,666,434,34-76,80.9,16.0,35,7,Completed,BioMed Inc,34.96,93.2,9.7,Not Submitted
CT00469,Drug_29,Depression,Phase IV,2025-04-08,2026-05-13,3175,1433,2218,26-65,88.9,22.6,6,6,Completed,BioMed Inc,10.05,73.8,9.1,Pending
CT00470,Drug_36,Depression,Phase IV,2024-10-13,2026-08-10,3113,1941,638,26-75,60.6,32.5,21,2,Completed,BioMed Inc,5.09,93.8,6.3,Pending
CT00471,Drug_46,Hypertension,Phase I,2025-01-24,2025-09-12,3550,1689,904,27-83,45.8,13.0,9,7,Ongoing,PharmaCorp,26.85,68.0,7.8,Submitted
CT00472,Drug_28,Arthritis,Phase IV,2024-08-09,2025-10-01,3798,246,2384,28-85,84.1,18.3,38,1,Completed,Govt. Research,41.17,95.3,6.4,Pending
CT00473,Drug_36,Arthritis,Phase IV,2025-07-10,2026-03-16,2916,357,607,21-74,89.2,18.3,14,9,Completed,BioMed Inc,5.52,82.5,6.1,Pending
CT00474,Drug_1,Hypertension,Phase III,2024-12-14,2025-12-19,3473,639,2346,20-64,84.2,23.0,14,8,Completed,Govt. Research,39.7,75.4,8.5,Published
CT00475,Drug_8,Arthritis,Phase III,2024-07-14,2025-09-05,3531,1550,602,25-81,52.6,39.4,3,3,Completed,Govt. Research,40.67,74.3,9.8,Submitted
CT00476,Drug_5,Arthritis,Phase II,2024-02-04,2025-08-26,1008,2013,1697,39-72,84.9,12.0,31,0,Completed,Govt. Research,24.37,80.1,9.6,Not Submitted
CT00477,Drug_45,Depression,Phase I,2025-06-14,2025-12-02,4136,1281,582,35-71,85.8,25.6,22,7,Completed,PharmaCorp,3.34,100.0,8.8,Submitted
CT00478,Drug_10,Arthritis,Phase II,2023-09-03,2026-02-18,4984,373,2085,20-85,79.9,15.4,5,6,Completed,PharmaCorp,9.14,72.7,6.4,Published
CT00479,Drug_35,Asthma,Phase IV,2025-06-08,2026-07-07,4046,2378,2100,30-60,85.6,39.1,23,4,Completed,HealthTech,35.52,68.6,7.1,Pending
CT00480,Drug_3,Cancer,Phase I,2024-11-18,2026-01-21,4199,295,1714,26-77,89.8,13.4,19,9,Completed,HealthTech,35.73,85.5,7.3,Not Submitted
CT00481,Drug_24,Diabetes Type 2,Phase II,2025-01-31,2025-12-22,1702,158,2480,21-74,77.5,22.1,36,4,Completed,Govt. Research,44.97,82.1,9.1,Submitted
CT00482,Drug_38,Asthma,Phase II,2025-05-18,2025-10-14,4685,1117,186,29-81,49.7,32.1,19,6,Completed,HealthTech,29.34,83.3,9.2,Pending
CT00483,Drug_36,Arthritis,Phase III,2024-11-15,2025-10-15,3983,2463,538,39-68,70.8,31.1,11,4,Completed,Govt. Research,6.64,88.3,7.5,Submitted
CT00484,Drug_10,Depression,Phase IV,2024-01-26,2026-07-06,953,465,1643,36-72,49.1,22.7,32,7,Completed,PharmaCorp,6.51,74.4,7.7,Not Submitted
CT00485,Drug_28,Hypertension,Phase II,2024-11-24,2025-08-21,3618,1776,975,38-71,66.6,20.4,27,5,Completed,PharmaCorp,36.2,96.9,6.2,Submitted
CT00486,Drug_9,Arthritis,Phase II,2025-06-25,2026-06-05,3253,809,1527,21-81,66.6,21.9,7,4,Completed,PharmaCorp,9.6,80.2,7.2,Submitted
CT00487,Drug_3,Depression,Phase III,2023-11-25,2026-02-10,2000,1194,207,25-75,48.5,17.9,0,8,Completed,BioMed Inc,16.76,69.5,7.8,Submitted
CT00488,Drug_20,Cancer,Phase III,2024-03-19,2026-01-09,1875,1022,862,18-79,63.5,16.2,36,1,Completed,Govt. Research,24.62,91.0,6.5,Pending
CT00489,Drug_24,Arthritis,Phase II,2023-10-18,2026-03-10,3076,1533,1547,35-70,50.9,24.5,21,0,Completed,PharmaCorp,1.73,87.5,7.8,Not Submitted
CT00490,Drug_3,Hypertension,Phase III,2025-06-02,2026-06-01,812,490,2079,37-67,87.8,18.1,5,7,Ongoing,Govt. Research,12.82,76.1,9.4,Not Submitted
CT00491,Drug_23,Depression,Phase I,2024-04-30,2026-03-05,811,1696,1090,38-62,95.2,18.6,20,2,Completed,HealthTech,20.69,86.8,8.3,Pending
CT00492,Drug_14,Depression,Phase II,2025-05-30,2026-06-06,1829,2171,107,38-74,48.8,29.7,31,6,Ongoing,HealthTech,14.34,72.7,6.3,Pending
CT00493,Drug_44,Depression,Phase III,2024-03-24,2026-06-25,2275,1611,1913,40-69,95.6,39.1,34,9,Completed,PharmaCorp,7.25,80.6,6.8,Pending
CT00494,Drug_16,Cancer,Phase III,2025-06-06,2025-10-05,3630,2418,444,38-73,72.7,28.1,14,7,Completed,Govt. Research,36.54,96.5,7.9,Published
CT00495,Drug_43,Arthritis,Phase IV,2025-02-26,2026-05-22,1627,350,646,21-64,60.9,12.3,4,5,Completed,PharmaCorp,40.75,69.7,7.4,Submitted
CT00496,Drug_7,Cancer,Phase II,2024-05-07,2026-02-13,1004,2020,597,19-61,49.1,12.3,45,9,Completed,HealthTech,13.25,78.5,7.4,Submitted
CT00497,Drug_23,Diabetes Type 2,Phase III,2024-02-12,2025-12-27,3696,1876,353,27-75,71.5,38.5,49,8,Completed,PharmaCorp,38.83,93.7,8.1,Not Submitted
CT00498,Drug_50,Diabetes Type 2,Phase III,2025-03-10,2025-11-12,3400,844,1327,21-63,87.1,18.9,47,6,Completed,Govt. Research,19.58,98.9,8.3,Submitted
CT00499,Drug_36,Arthritis,Phase I,2025-02-10,2025-08-31,539,1213,1989,25-77,82.5,12.8,5,9,Completed,HealthTech,25.58,80.9,9.2,Published
CT00500,Drug_27,Cancer,Phase III,2023-09-27,2026-03-03,610,1735,580,22-72,47.7,28.0,24,4,Completed,BioMed Inc,42.87,82.7,7.4,Pending
