campaign_id,drug_name,campaign_name,channel,target_audience,budget_usd,spent_usd,impressions,clicks,conversion_rate,campaign_start,campaign_end,reach_count,engagement_rate,roi_percent,drug_type,seasonal
MKT00001,Drug_18,Campaign_Something52,Direct Mail,Hospitals,3709633.91,1321403.8,1738232,10415,14.74,2025-10-07,2026-08-14,270398,6.6,216.1,Specialty,Yes
MKT00002,Drug_46,Campaign_Group46,Direct Mail,Patients,4320324.52,4486766.01,4558198,56912,7.71,2026-07-03,2026-08-14,1155638,12.7,19.2,OTC,Yes
MKT00003,Drug_37,Campaign_Go2,Conference,Physicians,1628532.45,2891886.4,4624259,2341,3.02,2025-12-22,2026-08-14,1336346,8.8,220.1,Branded,Yes
MKT00004,Drug_31,Campaign_Drop13,Conference,Pharmacists,2756517.15,838424.37,3730281,71122,5.6,2026-01-26,2026-08-14,1828657,11.8,31.6,OTC,No
MKT00005,Drug_41,Campaign_Above56,Print,Hospitals,4465052.18,224066.83,4911054,81141,17.05,2026-06-14,2026-08-14,549737,22.9,77.9,OTC,Yes
MKT00006,Drug_14,Campaign_Other63,TV,Pharmacists,4001362.44,2707346.01,3560714,77726,11.15,2026-02-22,2026-08-14,1881303,7.8,86.7,OTC,No
MKT00007,Drug_32,Campaign_Senior26,Conference,Patients,2325734.28,2175012.14,4387190,63354,13.65,2025-10-23,2026-08-14,733531,21.1,296.9,OTC,No
MKT00008,Drug_19,Campaign_Medical11,TV,Payers,832582.82,2076892.61,417202,63941,16.32,2025-09-19,2026-08-14,255079,23.4,168.7,Generic,No
MKT00009,Drug_46,Campaign_Film68,Webinar,Hospitals,2795929.79,4652622.33,16520,58966,13.67,2025-12-19,2026-08-14,1044229,20.3,228.8,Generic,Yes
MKT00010,Drug_25,Campaign_Economy66,Direct Mail,Patients,4948584.01,1265497.69,1968823,11095,17.27,2026-06-20,2026-08-14,707788,13.7,157.7,Branded,No
MKT00011,Drug_4,Campaign_Standard20,Digital,Hospitals,3789928.06,2344914.9,287259,94029,2.64,2026-03-23,2026-08-14,1132866,14.5,294.6,OTC,No
MKT00012,Drug_22,Campaign_Measure53,Direct Mail,Physicians,4241632.77,1027984.55,3496611,13110,18.17,2025-10-28,2026-08-14,283512,20.7,36.8,Specialty,No
MKT00013,Drug_10,Campaign_Risk16,Print,Patients,951920.58,1547978.98,3079153,44427,16.44,2026-06-17,2026-08-14,875690,2.1,173.6,OTC,No
MKT00014,Drug_46,Campaign_Low63,TV,Payers,4520417.26,3677458.73,2812335,24525,18.16,2026-03-13,2026-08-14,1323951,18.7,235.2,Specialty,No
MKT00015,Drug_14,Campaign_Effort1,Digital,Hospitals,80471.85,951055.86,1279391,57611,14.89,2026-01-29,2026-08-14,1033106,13.7,181.1,OTC,Yes
MKT00016,Drug_47,Campaign_Them20,Digital,Payers,4312436.03,3248743.09,267329,77132,6.21,2026-04-18,2026-08-14,107596,10.5,267.0,OTC,No
MKT00017,Drug_15,Campaign_New99,Print,Payers,1203212.56,626645.09,2870650,51692,3.16,2026-07-31,2026-08-14,499992,19.4,172.2,OTC,Yes
MKT00018,Drug_45,Campaign_Five85,Digital,Physicians,3117339.23,918796.32,1830061,93946,3.46,2026-04-19,2026-08-14,1519595,7.4,244.5,Specialty,No
MKT00019,Drug_48,Campaign_Material33,TV,Pharmacists,1472329.77,115732.42,4874184,33520,10.48,2026-01-07,2026-08-14,521151,22.5,36.3,Branded,No
MKT00020,Drug_4,Campaign_Social29,Direct Mail,Patients,685126.8,3028077.7,2563934,31076,8.43,2026-01-15,2026-08-14,786180,17.5,63.9,OTC,No
MKT00021,Drug_50,Campaign_Though61,TV,Pharmacists,1243018.87,4753586.74,2670951,88495,13.43,2026-06-16,2026-08-14,1382063,15.6,122.1,OTC,No
MKT00022,Drug_12,Campaign_Cause51,Conference,Pharmacists,2369912.15,3152799.26,2796059,22765,10.56,2026-07-21,2026-08-14,1758345,13.6,252.5,Generic,No
MKT00023,Drug_32,Campaign_Age48,Digital,Physicians,4599110.36,4432325.28,1080435,91646,3.38,2026-05-30,2026-08-14,1614039,6.1,116.5,Generic,No
MKT00024,Drug_47,Campaign_Research39,Digital,Payers,1951129.66,2529125.91,1883813,89590,1.04,2026-05-19,2026-08-14,136560,15.8,180.8,Specialty,No
MKT00025,Drug_26,Campaign_Hour47,TV,Payers,288789.02,3266973.39,207119,88011,3.44,2025-12-22,2026-08-14,1300641,18.4,106.7,Specialty,No
MKT00026,Drug_20,Campaign_Shake55,Webinar,Patients,128601.93,4442930.57,4215170,83267,3.79,2026-07-24,2026-08-14,1312824,1.3,237.8,Generic,Yes
MKT00027,Drug_43,Campaign_Article24,Print,Physicians,1057254.31,418420.17,795208,31865,14.68,2025-11-16,2026-08-14,295473,9.8,44.1,Specialty,No
MKT00028,Drug_11,Campaign_Risk69,Webinar,Hospitals,269624.05,2869710.88,1026116,50876,6.42,2026-02-11,2026-08-14,127871,21.0,170.0,Generic,No
MKT00029,Drug_2,Campaign_Magazine35,TV,Payers,1861935.57,2764661.44,1210836,48814,2.78,2026-08-10,2026-08-14,793247,16.2,164.9,OTC,No
MKT00030,Drug_36,Campaign_Majority14,Direct Mail,Patients,1927422.33,163961.39,3865889,81597,15.35,2025-10-12,2026-08-14,1455828,15.8,109.0,Generic,No
MKT00031,Drug_26,Campaign_Or57,Print,Hospitals,4860982.53,753975.74,3961410,84736,18.87,2026-04-14,2026-08-14,928445,6.5,205.6,Specialty,No
MKT00032,Drug_22,Campaign_Respond85,Digital,Pharmacists,1538110.53,2653515.73,1415964,81153,2.91,2026-06-07,2026-08-14,1502264,16.2,-10.9,Generic,Yes
MKT00033,Drug_28,Campaign_Sister57,Webinar,Physicians,2998681.33,2391352.21,846158,32238,19.3,2026-07-29,2026-08-14,881350,19.9,249.3,Branded,No
MKT00034,Drug_44,Campaign_Listen21,Webinar,Hospitals,4095930.28,1653656.84,2507300,33692,19.06,2026-02-22,2026-08-14,278355,10.6,91.3,Generic,No
MKT00035,Drug_31,Campaign_Yes18,Digital,Payers,2569984.11,3350556.01,183730,93872,10.94,2026-02-11,2026-08-14,1129124,5.4,233.8,Generic,No
MKT00036,Drug_23,Campaign_Place46,Print,Patients,3485891.37,1732312.06,4735769,11854,6.62,2025-09-28,2026-08-14,623792,2.9,77.6,OTC,Yes
MKT00037,Drug_49,Campaign_For96,Print,Patients,4872200.32,3691725.71,2198557,72070,3.62,2025-10-23,2026-08-14,1438646,13.1,40.1,OTC,Yes
MKT00038,Drug_26,Campaign_Between56,Print,Physicians,1627520.1,3885292.84,472337,73443,16.65,2025-08-21,2026-08-14,485030,17.4,104.6,Specialty,No
MKT00039,Drug_26,Campaign_It1,Digital,Pharmacists,380310.78,3095752.08,521890,97496,12.49,2026-03-16,2026-08-14,1963665,4.9,235.2,Specialty,No
MKT00040,Drug_5,Campaign_Available46,Digital,Payers,2157270.11,1342713.73,851829,30020,13.37,2026-04-09,2026-08-14,411482,11.1,205.1,Generic,Yes
MKT00041,Drug_34,Campaign_Fact91,Webinar,Pharmacists,2707761.54,3853745.6,794003,33182,17.36,2026-08-02,2026-08-14,1817797,14.6,108.3,Generic,Yes
MKT00042,Drug_47,Campaign_Performance26,Webinar,Physicians,2904132.23,1212319.6,695570,14819,9.43,2026-02-11,2026-08-14,1678328,4.7,280.1,Generic,No
MKT00043,Drug_19,Campaign_Month15,Digital,Physicians,3695427.4,1457930.65,2396903,58382,7.99,2025-12-09,2026-08-14,504494,7.5,110.8,Generic,No
MKT00044,Drug_19,Campaign_Behind25,Digital,Pharmacists,4491444.25,2924222.26,3584907,71441,15.48,2026-05-12,2026-08-14,1152213,15.6,92.2,Specialty,Yes
MKT00045,Drug_45,Campaign_Own37,Digital,Hospitals,2505824.66,3308973.81,1721652,19418,6.65,2026-07-16,2026-08-14,57044,18.4,26.3,Generic,Yes
MKT00046,Drug_13,Campaign_Teach6,TV,Hospitals,725594.47,1785337.21,4507406,92921,7.23,2026-05-27,2026-08-14,1891649,16.3,2.5,OTC,Yes
MKT00047,Drug_45,Campaign_Person18,TV,Physicians,2023008.07,2840703.86,2690117,6431,8.24,2026-02-22,2026-08-14,1846697,18.1,92.0,Generic,No
MKT00048,Drug_36,Campaign_Ball51,TV,Hospitals,785293.3,1194105.4,3736570,19021,17.27,2026-04-13,2026-08-14,272663,15.0,9.4,Branded,No
MKT00049,Drug_26,Campaign_Someone54,Print,Hospitals,919692.75,3816138.85,4743339,99813,15.8,2025-12-20,2026-08-14,606916,21.1,128.0,Branded,No
MKT00050,Drug_7,Campaign_Low96,Digital,Patients,18481.61,4762254.5,3296296,63707,6.54,2025-12-28,2026-08-14,1259608,20.8,255.2,Branded,No
MKT00051,Drug_9,Campaign_Improve43,Webinar,Pharmacists,4649263.72,3353674.43,2658063,55720,3.73,2026-07-19,2026-08-14,1909165,20.1,132.4,Specialty,No
MKT00052,Drug_21,Campaign_His5,Webinar,Patients,3728846.95,1536356.16,4658875,60658,8.46,2025-09-24,2026-08-14,1281416,14.8,133.8,Generic,No
MKT00053,Drug_49,Campaign_Director21,TV,Patients,510377.47,1677291.77,1374130,79253,12.87,2026-03-06,2026-08-14,1547021,24.9,61.1,Generic,No
MKT00054,Drug_38,Campaign_Hope86,Print,Physicians,4601331.12,151369.58,3927772,68435,13.85,2026-06-19,2026-08-14,1275112,1.9,33.2,Branded,No
MKT00055,Drug_4,Campaign_Whether26,Direct Mail,Physicians,4353088.1,3107140.69,4355160,87863,4.81,2025-11-07,2026-08-14,969758,5.7,51.1,Generic,Yes
MKT00056,Drug_46,Campaign_Cover62,Conference,Physicians,4550351.19,2882101.47,3847685,55869,5.74,2026-01-17,2026-08-14,1392030,20.4,161.8,Specialty,Yes
MKT00057,Drug_20,Campaign_House86,Direct Mail,Patients,495596.57,4582252.45,805848,48923,18.67,2026-07-14,2026-08-14,1796209,20.8,169.4,Generic,No
MKT00058,Drug_30,Campaign_Second35,Direct Mail,Payers,408666.56,1933235.1,3592926,10299,8.32,2026-05-11,2026-08-14,1540894,20.7,50.5,Specialty,No
MKT00059,Drug_42,Campaign_Area16,Conference,Patients,347998.97,4478371.05,3376070,70662,6.97,2026-02-05,2026-08-14,1452614,21.9,107.7,OTC,No
MKT00060,Drug_11,Campaign_Minute54,Webinar,Patients,4834942.06,3650388.5,2648451,70749,14.22,2025-11-28,2026-08-14,970852,11.1,162.0,Generic,Yes
MKT00061,Drug_37,Campaign_Rise63,Print,Patients,3305745.3,1385974.95,3641488,33723,9.89,2026-03-22,2026-08-14,1221631,23.4,223.3,OTC,Yes
MKT00062,Drug_9,Campaign_Free71,Conference,Hospitals,898130.59,83795.63,802365,24701,5.69,2026-03-29,2026-08-14,360879,6.0,82.3,Specialty,No
MKT00063,Drug_29,Campaign_Director64,Print,Hospitals,4646505.83,3489340.26,2176280,73045,8.78,2026-06-15,2026-08-14,687875,23.5,66.8,Generic,No
MKT00064,Drug_45,Campaign_Everyone88,Direct Mail,Physicians,2221393.55,2384987.41,664708,44473,3.74,2025-10-20,2026-08-14,590915,14.4,213.7,Generic,No
MKT00065,Drug_31,Campaign_Beyond92,Conference,Patients,3929380.41,4617099.51,3768252,8566,6.31,2026-03-10,2026-08-14,1336791,4.9,144.4,OTC,No
MKT00066,Drug_19,Campaign_Sing17,Direct Mail,Patients,3184579.29,110994.19,1095942,69256,8.95,2025-08-29,2026-08-14,396826,18.7,254.2,OTC,No
MKT00067,Drug_10,Campaign_Usually42,Conference,Physicians,3251777.43,2507533.6,2138378,56640,10.84,2026-03-17,2026-08-14,515941,8.1,47.5,OTC,No
MKT00068,Drug_14,Campaign_News97,Conference,Pharmacists,2204248.4,3787406.89,4456431,9227,15.09,2025-12-10,2026-08-14,1240751,6.3,226.7,Generic,No
MKT00069,Drug_14,Campaign_Then98,Digital,Payers,1980801.67,3791960.09,2289679,15266,8.31,2025-11-01,2026-08-14,262276,5.1,31.9,Branded,No
MKT00070,Drug_48,Campaign_Fund100,TV,Payers,817983.42,3227525.18,99233,31626,11.37,2025-12-24,2026-08-14,1675898,1.7,167.1,Generic,Yes
MKT00071,Drug_13,Campaign_Leave52,TV,Pharmacists,363195.71,1896016.03,3132525,77658,19.07,2025-11-13,2026-08-14,736324,19.4,70.8,Generic,No
MKT00072,Drug_48,Campaign_Experience65,Direct Mail,Physicians,4640677.59,327428.74,2096892,41967,16.55,2025-10-15,2026-08-14,1176930,12.7,12.3,OTC,No
MKT00073,Drug_42,Campaign_State93,Direct Mail,Pharmacists,4683752.25,1451934.76,3489676,93199,5.5,2025-12-17,2026-08-14,61110,24.5,177.4,Generic,No
MKT00074,Drug_1,Campaign_Throughout95,Direct Mail,Payers,3210076.84,3127275.69,2505633,44866,5.06,2025-09-28,2026-08-14,1433030,11.5,142.2,Generic,No
MKT00075,Drug_24,Campaign_Million50,Digital,Pharmacists,1946425.82,3702227.48,172990,75698,13.59,2026-06-27,2026-08-14,718828,21.2,135.5,Specialty,No
MKT00076,Drug_47,Campaign_Fact17,Digital,Patients,135199.14,3924338.02,520397,35378,12.31,2026-03-23,2026-08-14,611736,24.2,169.6,OTC,Yes
MKT00077,Drug_37,Campaign_Level15,Direct Mail,Hospitals,2243804.15,3716719.55,2794065,1923,11.39,2025-12-18,2026-08-14,714819,1.5,99.2,Specialty,No
MKT00078,Drug_7,Campaign_Matter14,Digital,Patients,3298286.94,1557581.48,4192506,63481,3.93,2026-07-24,2026-08-14,132382,3.5,194.5,Specialty,No
MKT00079,Drug_44,Campaign_He3,Conference,Payers,1508431.39,3333156.87,4119770,21845,7.89,2025-08-14,2026-08-14,494613,9.3,21.9,Specialty,Yes
MKT00080,Drug_10,Campaign_Others17,Conference,Hospitals,1718761.94,4651732.63,3682539,56539,15.43,2026-03-01,2026-08-14,1122422,21.9,208.8,OTC,No
MKT00081,Drug_25,Campaign_Foreign20,Conference,Hospitals,2366893.81,659525.23,1923954,56425,14.75,2026-07-04,2026-08-14,1046241,21.1,165.5,Specialty,Yes
MKT00082,Drug_28,Campaign_Star45,TV,Pharmacists,2479639.6,3511877.83,4858403,30721,4.14,2025-12-29,2026-08-14,162223,9.8,135.7,Branded,No
MKT00083,Drug_44,Campaign_Sister65,Conference,Patients,3716895.39,1970859.0,4981121,68556,9.11,2026-03-20,2026-08-14,1971147,5.8,20.8,OTC,No
MKT00084,Drug_11,Campaign_Series2,TV,Pharmacists,2503808.58,1083844.55,4119430,46813,9.41,2026-04-01,2026-08-14,1264839,20.3,69.0,Generic,Yes
MKT00085,Drug_4,Campaign_Clearly99,Conference,Payers,4227920.82,1539603.96,1348966,25332,10.66,2026-02-25,2026-08-14,138382,15.3,74.5,Generic,No
MKT00086,Drug_7,Campaign_White88,Direct Mail,Hospitals,2419054.9,803233.32,247467,76379,9.76,2026-05-06,2026-08-14,1398734,1.8,54.8,Specialty,No
MKT00087,Drug_23,Campaign_Center31,TV,Pharmacists,169240.49,3914566.68,2290154,56165,10.53,2025-10-07,2026-08-14,390525,20.3,285.3,OTC,Yes
MKT00088,Drug_31,Campaign_Her7,Digital,Hospitals,715616.52,1862877.63,1597645,92851,16.45,2025-08-20,2026-08-14,224549,24.0,273.0,Specialty,No
MKT00089,Drug_12,Campaign_Table87,Webinar,Patients,3593627.34,4500884.78,4189640,28570,8.4,2026-03-25,2026-08-14,207020,2.0,154.8,Specialty,No
MKT00090,Drug_4,Campaign_Production44,TV,Payers,2264790.01,4638821.14,3904081,12498,11.49,2026-04-17,2026-08-14,338737,7.9,45.8,OTC,Yes
MKT00091,Drug_8,Campaign_Such55,Print,Patients,2311474.99,4635734.59,2004999,50543,12.53,2026-02-21,2026-08-14,966278,20.7,271.6,Generic,No
MKT00092,Drug_33,Campaign_May77,TV,Pharmacists,4890253.95,751636.19,4787614,73199,18.9,2026-06-28,2026-08-14,1669004,15.0,219.8,Generic,Yes
MKT00093,Drug_42,Campaign_Customer95,Conference,Pharmacists,2861593.35,1665921.15,3026510,69270,13.44,2026-01-25,2026-08-14,288382,24.7,-7.6,OTC,No
MKT00094,Drug_22,Campaign_Color2,Conference,Physicians,593432.52,1493295.4,519841,8339,3.48,2026-08-05,2026-08-14,342727,23.0,137.0,OTC,No
MKT00095,Drug_38,Campaign_Stuff56,Conference,Patients,2174434.35,4429244.12,1377990,57098,12.07,2025-10-22,2026-08-14,809663,5.3,173.6,Generic,No
MKT00096,Drug_28,Campaign_Those62,Digital,Payers,2811013.21,419648.67,2423317,27444,13.58,2025-10-29,2026-08-14,289643,17.2,1.3,Branded,No
MKT00097,Drug_10,Campaign_Decade38,Direct Mail,Hospitals,196953.5,2827410.93,4563579,83533,1.18,2025-10-02,2026-08-14,1095644,16.7,-4.1,Generic,Yes
MKT00098,Drug_41,Campaign_Pretty37,TV,Physicians,1829403.18,2332361.06,2215247,70860,2.43,2026-01-28,2026-08-14,160018,3.7,128.3,Generic,No
MKT00099,Drug_47,Campaign_Professional63,Digital,Payers,4839412.48,4686212.45,3304050,16553,1.36,2025-09-23,2026-08-14,247821,3.1,-19.4,OTC,Yes
MKT00100,Drug_26,Campaign_Foreign11,Print,Patients,3759003.07,4624021.7,663209,77530,1.92,2026-06-07,2026-08-14,647798,14.7,-5.0,Specialty,No
MKT00101,Drug_16,Campaign_Nearly98,TV,Hospitals,1867041.31,2038073.29,4137294,72140,2.7,2026-06-07,2026-08-14,1800178,10.7,32.8,Generic,Yes
MKT00102,Drug_3,Campaign_Realize55,Webinar,Payers,1317937.73,2121388.49,65464,37821,19.2,2025-10-23,2026-08-14,944513,14.1,271.2,Generic,Yes
MKT00103,Drug_8,Campaign_The32,Conference,Physicians,1422930.46,1848844.84,2315276,61540,4.93,2026-06-27,2026-08-14,1317341,6.7,225.2,Branded,No
MKT00104,Drug_16,Campaign_Author80,Digital,Hospitals,4143788.62,3789080.42,804253,61427,4.89,2026-01-13,2026-08-14,1062414,14.4,124.1,Generic,No
MKT00105,Drug_26,Campaign_Fly20,Digital,Patients,2014118.62,485368.36,326846,22178,17.29,2025-11-30,2026-08-14,1307546,10.2,133.3,Specialty,No
MKT00106,Drug_32,Campaign_Material94,TV,Hospitals,4217442.38,561924.39,3769494,37963,15.3,2026-07-19,2026-08-14,1126220,22.3,199.5,Generic,Yes
MKT00107,Drug_20,Campaign_Development66,Webinar,Patients,4544630.84,3384001.93,272842,97438,13.84,2026-04-15,2026-08-14,934219,8.3,131.8,OTC,No
MKT00108,Drug_45,Campaign_Form24,Digital,Pharmacists,2326353.87,85013.02,4912217,5010,9.01,2026-01-14,2026-08-14,318344,21.9,0.5,Generic,No
MKT00109,Drug_39,Campaign_Offer32,Digital,Pharmacists,4726909.41,3222587.73,343518,97139,1.59,2026-06-22,2026-08-14,70743,10.4,216.4,Specialty,No
MKT00110,Drug_12,Campaign_Person36,Digital,Patients,1506757.44,622097.47,4535425,86195,16.7,2026-02-13,2026-08-14,110931,14.9,-1.5,Generic,No
MKT00111,Drug_42,Campaign_Full99,TV,Payers,1307502.74,3774759.85,4054272,86592,17.36,2026-02-19,2026-08-14,193659,7.9,135.5,Specialty,No
MKT00112,Drug_48,Campaign_Health15,Conference,Physicians,545436.86,3551566.36,4199329,67221,10.15,2025-12-22,2026-08-14,237017,20.4,255.7,OTC,No
MKT00113,Drug_25,Campaign_Though34,Webinar,Pharmacists,1236562.3,878938.13,1958142,23956,13.25,2026-03-16,2026-08-14,76059,21.2,17.6,Branded,Yes
MKT00114,Drug_50,Campaign_Management90,Digital,Payers,3865541.92,3634492.33,4137000,1533,10.08,2025-11-08,2026-08-14,1375819,20.4,206.1,Specialty,No
MKT00115,Drug_45,Campaign_Despite32,Digital,Hospitals,2024900.24,3794155.64,4169009,84033,6.63,2026-01-16,2026-08-14,769771,16.4,-5.2,Generic,No
MKT00116,Drug_43,Campaign_Particularly86,Direct Mail,Pharmacists,749332.77,4443070.34,4120790,8654,11.27,2026-06-26,2026-08-14,1218292,8.3,297.8,Generic,No
MKT00117,Drug_43,Campaign_Foreign55,Webinar,Payers,544087.23,3478712.15,882768,1399,14.08,2026-01-28,2026-08-14,156706,16.3,198.3,Generic,Yes
MKT00118,Drug_6,Campaign_Hard26,Webinar,Physicians,2456306.02,4165147.61,2567560,50504,3.94,2025-09-16,2026-08-14,1218972,24.0,290.1,Generic,No
MKT00119,Drug_50,Campaign_Join61,Print,Hospitals,2701378.55,3061715.34,3201884,57776,11.08,2026-01-13,2026-08-14,1461728,16.6,193.8,OTC,Yes
MKT00120,Drug_30,Campaign_Their91,Direct Mail,Pharmacists,3974829.47,3004350.99,2850967,94891,15.74,2026-03-26,2026-08-14,719224,24.0,57.5,Generic,No
MKT00121,Drug_42,Campaign_Organization14,Conference,Pharmacists,3576892.35,3243274.34,3290035,55875,10.04,2026-02-06,2026-08-14,284078,8.3,276.4,Branded,No
MKT00122,Drug_25,Campaign_Weight90,Direct Mail,Physicians,843903.67,1953455.0,3415407,20021,3.98,2026-01-11,2026-08-14,1688929,21.3,180.5,Generic,Yes
MKT00123,Drug_18,Campaign_Sister94,TV,Patients,1391666.99,1101011.22,4784716,44112,17.52,2026-06-25,2026-08-14,300564,18.2,164.3,Specialty,No
MKT00124,Drug_41,Campaign_Best65,Direct Mail,Pharmacists,3471883.44,1986843.96,866520,41740,13.8,2026-06-16,2026-08-14,1514774,20.7,117.3,Branded,Yes
MKT00125,Drug_42,Campaign_Speech79,TV,Patients,911058.21,2850306.1,2988215,71137,13.02,2025-09-21,2026-08-14,26805,18.1,71.1,Specialty,No
MKT00126,Drug_29,Campaign_Mrs24,Direct Mail,Physicians,4018089.38,3313575.61,1970023,67950,13.38,2025-11-03,2026-08-14,990023,12.5,149.6,OTC,Yes
MKT00127,Drug_24,Campaign_Ask25,Direct Mail,Physicians,3290214.49,2194893.87,112313,75418,5.66,2025-10-25,2026-08-14,343639,17.5,97.1,Generic,No
MKT00128,Drug_1,Campaign_Couple76,Print,Payers,2686348.15,1587879.52,3450923,77129,10.35,2026-01-02,2026-08-14,165592,23.4,253.3,OTC,Yes
MKT00129,Drug_8,Campaign_Large81,Webinar,Pharmacists,3224835.85,1188842.64,4844889,74830,7.19,2025-10-13,2026-08-14,493953,11.0,-10.8,Generic,No
MKT00130,Drug_8,Campaign_Manager82,TV,Hospitals,507581.08,883439.24,2017353,45714,16.84,2026-02-26,2026-08-14,1990534,23.8,149.6,Specialty,Yes
MKT00131,Drug_6,Campaign_Stop20,Conference,Hospitals,2744629.99,2289193.79,2318932,23522,12.19,2026-04-19,2026-08-14,1275735,2.2,247.7,Generic,No
MKT00132,Drug_8,Campaign_Night30,Webinar,Physicians,2261985.73,3392144.14,4189323,37041,14.63,2026-02-17,2026-08-14,331875,1.3,-11.2,OTC,No
MKT00133,Drug_32,Campaign_Hour16,Digital,Hospitals,2569695.16,3984122.0,1654533,27595,13.55,2026-05-02,2026-08-14,1712774,12.9,70.3,OTC,Yes
MKT00134,Drug_42,Campaign_Prevent17,Conference,Hospitals,1694958.14,1660770.96,738881,83928,10.19,2026-05-11,2026-08-14,1817015,21.4,-3.5,Branded,No
MKT00135,Drug_43,Campaign_Look52,Direct Mail,Hospitals,2346202.98,2935532.67,2068530,65996,16.29,2026-04-04,2026-08-14,644387,6.9,170.4,OTC,No
MKT00136,Drug_33,Campaign_Skill5,Conference,Payers,4417416.28,2295609.97,3590148,46970,12.69,2025-10-07,2026-08-14,1378792,17.6,81.4,Specialty,No
MKT00137,Drug_15,Campaign_Try36,Direct Mail,Payers,1730819.51,4638227.14,4979178,90272,5.31,2026-02-25,2026-08-14,794773,14.1,287.1,Specialty,No
MKT00138,Drug_2,Campaign_Happen25,Direct Mail,Physicians,234228.73,4236073.83,2449189,53354,6.52,2026-05-16,2026-08-14,738057,8.0,177.2,OTC,No
MKT00139,Drug_38,Campaign_Sort19,Digital,Hospitals,1289843.06,4235501.19,1082866,17778,16.71,2026-02-10,2026-08-14,481473,7.9,159.8,Branded,No
MKT00140,Drug_37,Campaign_Least55,Print,Physicians,2277274.18,2782269.23,4627504,60338,18.88,2025-12-16,2026-08-14,1744541,2.8,273.5,OTC,No
MKT00141,Drug_37,Campaign_Full3,Print,Physicians,2672117.9,2099612.27,986305,53868,11.41,2026-03-24,2026-08-14,297634,13.9,51.5,Generic,No
MKT00142,Drug_31,Campaign_Measure79,Digital,Physicians,2141468.66,3130654.88,4049058,98616,8.33,2025-08-29,2026-08-14,403013,11.8,159.9,Branded,No
MKT00143,Drug_18,Campaign_Whose26,Conference,Payers,4134794.63,770533.45,3626215,9480,12.88,2026-03-22,2026-08-14,316432,7.9,153.7,Specialty,No
MKT00144,Drug_45,Campaign_Arrive12,TV,Payers,4576712.86,4238854.28,4891836,39838,10.19,2025-11-19,2026-08-14,155674,24.3,6.3,Generic,No
MKT00145,Drug_48,Campaign_Eye7,Digital,Pharmacists,2439135.66,1305561.1,1414191,25343,16.99,2026-01-26,2026-08-14,324076,20.6,278.3,Generic,No
MKT00146,Drug_7,Campaign_Cell49,Webinar,Hospitals,388640.14,3969981.14,3066641,92623,16.83,2025-10-06,2026-08-14,1873215,13.6,204.1,Specialty,No
MKT00147,Drug_38,Campaign_Do53,Direct Mail,Patients,2110726.78,1436312.48,1966957,43122,9.67,2026-07-24,2026-08-14,1245041,13.5,264.2,OTC,No
MKT00148,Drug_12,Campaign_Past68,Webinar,Payers,914382.31,2508083.73,3657657,85209,16.29,2026-01-27,2026-08-14,325261,5.6,294.4,Specialty,Yes
MKT00149,Drug_25,Campaign_Among40,Print,Patients,1424647.04,3708065.0,2656493,69819,4.67,2026-01-16,2026-08-14,1374090,16.6,133.5,Generic,Yes
MKT00150,Drug_31,Campaign_In90,Print,Hospitals,4166167.93,1892978.06,2024407,54887,8.1,2026-01-21,2026-08-14,1602217,23.9,237.2,Generic,No
MKT00151,Drug_42,Campaign_Edge82,Conference,Hospitals,2681106.57,1721628.1,2014044,50002,2.51,2026-03-14,2026-08-14,417732,22.6,164.8,OTC,No
MKT00152,Drug_45,Campaign_Exist30,TV,Payers,4144672.65,4262347.22,3323966,15573,16.35,2026-07-09,2026-08-14,919162,3.0,292.7,Specialty,No
MKT00153,Drug_28,Campaign_Though29,Webinar,Patients,4928275.56,335418.62,1503115,35142,19.53,2025-08-23,2026-08-14,1060493,2.3,59.1,Generic,Yes
MKT00154,Drug_20,Campaign_Begin44,Digital,Physicians,2730691.3,4040156.89,1574073,77554,11.96,2025-09-08,2026-08-14,1091996,24.1,-15.6,Specialty,No
MKT00155,Drug_37,Campaign_Trade55,Direct Mail,Physicians,4562188.69,4455711.58,4630372,50519,15.56,2026-04-02,2026-08-14,1588575,5.8,39.5,Specialty,No
MKT00156,Drug_9,Campaign_Blue62,Webinar,Payers,3420495.19,2705356.79,21396,82440,8.63,2025-12-23,2026-08-14,261329,14.2,21.0,OTC,Yes
MKT00157,Drug_7,Campaign_Have8,Direct Mail,Patients,518074.28,3342178.98,2014433,77925,11.67,2026-08-10,2026-08-14,73241,2.8,119.8,Specialty,No
MKT00158,Drug_21,Campaign_Role66,TV,Payers,2095315.55,4135642.17,2445371,34251,7.6,2026-05-26,2026-08-14,1681717,21.2,4.8,Specialty,No
MKT00159,Drug_5,Campaign_Color55,Conference,Physicians,3298110.01,2093356.16,1890298,62175,14.24,2026-05-24,2026-08-14,591683,3.8,50.5,OTC,Yes
MKT00160,Drug_46,Campaign_Small83,Webinar,Hospitals,3529255.64,4218788.08,1408538,12200,5.68,2025-11-19,2026-08-14,773769,16.5,10.8,Specialty,No
MKT00161,Drug_35,Campaign_Challenge7,TV,Payers,4304723.24,1789993.14,3118048,5690,3.91,2025-12-06,2026-08-14,366443,2.4,135.8,Branded,Yes
MKT00162,Drug_12,Campaign_Loss39,Conference,Physicians,3190083.58,1474530.44,975332,87852,18.07,2026-02-22,2026-08-14,1372196,4.8,65.4,OTC,No
MKT00163,Drug_26,Campaign_Game15,Conference,Hospitals,459568.08,4719446.6,3842291,29351,17.42,2026-02-16,2026-08-14,293718,13.3,130.7,Specialty,No
MKT00164,Drug_45,Campaign_Accept35,Webinar,Payers,720790.54,154354.64,3385411,33014,16.86,2025-12-31,2026-08-14,764736,2.1,8.4,Generic,Yes
MKT00165,Drug_2,Campaign_Power47,Digital,Payers,1648327.45,1537294.02,2031881,62827,16.61,2025-12-20,2026-08-14,225756,5.7,145.4,Branded,No
MKT00166,Drug_26,Campaign_Father36,Digital,Physicians,1477278.18,2203747.55,4505313,15234,14.86,2025-11-20,2026-08-14,1858270,4.3,21.6,OTC,No
MKT00167,Drug_36,Campaign_Ago45,Direct Mail,Physicians,1115810.74,1495690.09,2135095,12145,17.62,2026-01-16,2026-08-14,1993950,2.0,11.8,OTC,No
MKT00168,Drug_35,Campaign_Mission92,Print,Hospitals,3090308.05,1357971.06,2433318,15488,4.99,2026-01-26,2026-08-14,1249197,24.3,79.2,OTC,No
MKT00169,Drug_34,Campaign_Interesting54,Webinar,Pharmacists,2154253.27,1782414.09,3636060,48840,17.54,2026-04-19,2026-08-14,314701,11.8,259.8,Generic,No
MKT00170,Drug_32,Campaign_Method32,Conference,Hospitals,3428094.02,1913702.49,2211435,32287,18.44,2026-02-27,2026-08-14,1222000,21.6,232.3,Specialty,No
MKT00171,Drug_5,Campaign_Team41,Direct Mail,Payers,1940975.2,348341.52,4612950,97727,14.6,2026-04-24,2026-08-14,362139,9.6,286.9,Specialty,Yes
MKT00172,Drug_34,Campaign_Then7,Webinar,Payers,1377668.53,3722285.24,1107229,36752,12.39,2026-02-09,2026-08-14,324574,2.0,127.3,OTC,Yes
MKT00173,Drug_38,Campaign_Could24,Print,Payers,2756851.16,811743.61,4926445,66989,5.49,2026-07-31,2026-08-14,1400710,17.7,80.0,Branded,Yes
MKT00174,Drug_35,Campaign_That6,Direct Mail,Physicians,492832.76,201698.32,3016457,21657,17.46,2025-08-23,2026-08-14,200509,1.9,290.7,Generic,No
MKT00175,Drug_46,Campaign_Attack1,Conference,Payers,4943405.1,2835868.07,1160235,69520,11.96,2025-09-05,2026-08-14,137259,14.3,102.2,Generic,No
MKT00176,Drug_42,Campaign_Crime7,Print,Payers,3281593.37,3210906.49,839344,9062,12.6,2025-11-03,2026-08-14,1495176,4.3,-17.1,Branded,Yes
MKT00177,Drug_8,Campaign_Agent85,TV,Hospitals,619590.12,3650538.59,4533176,34991,12.52,2026-04-10,2026-08-14,1222219,17.1,242.4,Specialty,Yes
MKT00178,Drug_49,Campaign_Institution96,Digital,Physicians,3115818.92,425925.81,3764102,76167,17.47,2025-08-13,2026-08-14,1161181,22.4,34.1,Generic,No
MKT00179,Drug_49,Campaign_Note42,Digital,Hospitals,381416.66,828421.32,1581993,36329,3.6,2026-05-01,2026-08-14,892706,23.9,209.7,Generic,No
MKT00180,Drug_14,Campaign_Expect28,Print,Pharmacists,2536067.3,879211.98,160085,95279,2.17,2025-12-02,2026-08-14,526730,13.7,-15.2,Specialty,No
MKT00181,Drug_43,Campaign_Entire37,Webinar,Hospitals,1461406.51,2851505.12,2647843,83793,5.26,2026-04-17,2026-08-14,33012,13.8,15.5,Generic,No
MKT00182,Drug_8,Campaign_Other61,Print,Hospitals,3506807.15,4271214.18,4321246,94348,10.34,2026-07-19,2026-08-14,1226294,1.9,134.7,Specialty,No
MKT00183,Drug_12,Campaign_Until36,Conference,Pharmacists,2440489.26,3392317.7,4443380,47019,9.92,2026-01-22,2026-08-14,1760420,19.5,1.7,Specialty,Yes
MKT00184,Drug_39,Campaign_Would78,Print,Hospitals,3931515.7,1514022.11,2091078,16396,10.73,2025-11-03,2026-08-14,1552456,23.9,264.4,OTC,No
MKT00185,Drug_45,Campaign_Page13,Webinar,Payers,1156493.07,4095903.09,3708051,50992,3.17,2025-11-08,2026-08-14,1982403,11.5,220.0,OTC,No
MKT00186,Drug_12,Campaign_When56,Digital,Payers,3284333.54,3216660.36,2563843,21025,16.06,2025-10-27,2026-08-14,131351,20.0,85.0,Branded,No
MKT00187,Drug_1,Campaign_Chance24,Conference,Patients,3442316.74,3306103.58,433056,96462,6.74,2025-11-06,2026-08-14,1904457,20.1,171.2,Branded,No
MKT00188,Drug_36,Campaign_Nor33,Webinar,Physicians,2392810.08,4595541.87,3416680,49644,18.35,2026-02-06,2026-08-14,619432,19.9,209.0,Branded,No
MKT00189,Drug_29,Campaign_Enter63,Direct Mail,Payers,4292945.24,4561998.45,455025,91885,16.96,2026-08-08,2026-08-14,1608221,19.2,221.7,Specialty,Yes
MKT00190,Drug_21,Campaign_This47,Digital,Physicians,741771.3,1854300.55,1188335,16524,2.21,2026-07-28,2026-08-14,615558,6.2,106.6,Specialty,No
MKT00191,Drug_8,Campaign_Worry43,TV,Hospitals,3794483.6,3053828.81,3237798,40728,2.02,2025-09-04,2026-08-14,2072,19.0,267.6,Specialty,No
MKT00192,Drug_3,Campaign_As39,Conference,Patients,668618.52,973687.32,3371306,62567,12.95,2025-09-03,2026-08-14,254392,4.5,281.4,Generic,No
MKT00193,Drug_9,Campaign_Probably15,TV,Payers,792953.15,1980119.26,3653471,17044,2.47,2025-09-08,2026-08-14,708221,18.1,42.6,Specialty,Yes
MKT00194,Drug_37,Campaign_Because13,Print,Hospitals,1015420.55,1316015.24,4447274,79021,11.86,2025-12-17,2026-08-14,758983,1.1,271.6,OTC,No
MKT00195,Drug_14,Campaign_Foreign86,Direct Mail,Patients,3308772.87,1766514.94,4148098,75923,2.5,2026-03-26,2026-08-14,1278852,23.1,208.1,OTC,No
MKT00196,Drug_42,Campaign_Nation2,Print,Hospitals,3198672.54,3243573.51,1583114,59079,10.11,2026-04-03,2026-08-14,530455,20.9,264.2,Specialty,Yes
MKT00197,Drug_11,Campaign_Race88,Digital,Physicians,2234973.05,1013125.63,2889060,55884,8.96,2026-03-22,2026-08-14,1375811,17.4,115.9,OTC,Yes
MKT00198,Drug_6,Campaign_Treat71,Direct Mail,Hospitals,1579176.33,869677.46,4690505,12837,12.23,2025-09-27,2026-08-14,853072,3.3,191.6,Specialty,Yes
MKT00199,Drug_36,Campaign_Her99,Webinar,Hospitals,3067732.83,1823927.65,4162501,62326,7.77,2025-12-25,2026-08-14,1476521,20.8,55.3,Generic,No
MKT00200,Drug_17,Campaign_Hold17,Digital,Hospitals,729502.75,475571.4,1648230,64299,3.66,2025-12-14,2026-08-14,1280,22.0,220.4,Specialty,No
MKT00201,Drug_49,Campaign_Blue43,Direct Mail,Patients,3147008.52,3907620.51,4852707,56125,17.0,2026-05-17,2026-08-14,1758204,17.5,166.2,Branded,Yes
MKT00202,Drug_3,Campaign_Have47,TV,Hospitals,69639.67,4601000.75,4432277,19169,6.69,2026-03-16,2026-08-14,152012,24.4,133.9,Branded,No
MKT00203,Drug_6,Campaign_Hot95,Digital,Patients,730900.02,3847409.72,332306,53014,2.28,2026-05-06,2026-08-14,867073,3.2,201.7,Specialty,No
MKT00204,Drug_8,Campaign_Entire47,Webinar,Patients,3542551.63,2553101.65,1508567,6471,10.51,2026-04-22,2026-08-14,1178447,18.0,156.8,Branded,Yes
MKT00205,Drug_33,Campaign_Exactly96,Digital,Pharmacists,4371110.47,3237485.18,3127573,2414,17.68,2026-03-29,2026-08-14,1101416,13.6,224.9,Generic,No
MKT00206,Drug_20,Campaign_Full100,Print,Hospitals,387244.19,3867748.35,1612815,3935,6.33,2026-01-19,2026-08-14,1503792,4.5,254.7,Generic,No
MKT00207,Drug_24,Campaign_Garden76,Webinar,Payers,3197447.66,332155.17,1081029,35360,9.56,2025-12-01,2026-08-14,918677,16.8,236.2,Generic,No
MKT00208,Drug_35,Campaign_Main68,Conference,Patients,318910.37,2009904.57,4591391,63285,8.65,2026-07-07,2026-08-14,1947352,20.2,78.4,OTC,No
MKT00209,Drug_11,Campaign_Agreement78,Webinar,Hospitals,4396058.55,694427.18,1902261,79092,1.92,2026-05-18,2026-08-14,685292,5.0,292.4,Generic,Yes
MKT00210,Drug_28,Campaign_Later48,Digital,Payers,1964408.03,440112.61,3282720,2732,17.5,2025-10-28,2026-08-14,205967,20.0,187.9,Specialty,No
MKT00211,Drug_43,Campaign_Hand31,Webinar,Physicians,3708468.11,3644275.82,1955827,34483,15.42,2025-12-14,2026-08-14,1839224,3.2,83.5,Generic,Yes
MKT00212,Drug_1,Campaign_Collection84,Direct Mail,Payers,872033.2,4119449.74,2712062,33899,2.82,2026-05-09,2026-08-14,329244,15.2,-6.4,Generic,No
MKT00213,Drug_16,Campaign_Statement36,Print,Patients,4308138.33,406801.02,850931,83212,3.51,2026-03-01,2026-08-14,275652,20.2,296.2,Generic,No
MKT00214,Drug_20,Campaign_Reveal27,Conference,Patients,2151560.26,862354.69,2233427,95229,1.2,2026-01-13,2026-08-14,1740371,4.5,171.7,OTC,No
MKT00215,Drug_3,Campaign_Technology75,Digital,Patients,1052197.64,1063837.4,4588558,47208,19.73,2025-09-16,2026-08-14,1632570,14.7,52.8,Specialty,No
MKT00216,Drug_34,Campaign_That50,TV,Pharmacists,2866521.49,4114090.1,4312386,63912,8.91,2025-11-10,2026-08-14,1390340,11.2,137.2,Branded,No
MKT00217,Drug_19,Campaign_Mean12,Webinar,Payers,1447925.18,4385563.19,1304362,84219,18.68,2026-02-02,2026-08-14,589658,15.6,107.2,Branded,No
MKT00218,Drug_43,Campaign_Mother14,Print,Hospitals,1442380.67,3673055.49,4542917,62897,8.98,2025-09-26,2026-08-14,1331763,11.2,284.4,Specialty,No
MKT00219,Drug_35,Campaign_Require17,Webinar,Hospitals,581581.46,3823626.54,2217703,49632,2.97,2026-03-20,2026-08-14,253551,7.0,137.7,Generic,No
MKT00220,Drug_29,Campaign_Popular81,TV,Patients,1077348.81,1648194.49,1179464,7687,7.52,2026-02-24,2026-08-14,1550418,7.1,135.1,Generic,No
MKT00221,Drug_9,Campaign_Whether96,Direct Mail,Payers,3991338.87,1962869.1,4507535,11324,8.95,2026-01-06,2026-08-14,407058,21.8,234.3,Generic,Yes
MKT00222,Drug_37,Campaign_Talk78,Print,Physicians,2622657.07,1349946.04,4370327,72692,4.36,2026-08-13,2026-08-14,758470,4.8,105.1,Generic,Yes
MKT00223,Drug_32,Campaign_Perhaps16,Print,Payers,1781148.5,4600432.7,3929081,20323,2.02,2026-02-19,2026-08-14,1752182,4.0,42.9,Generic,No
MKT00224,Drug_45,Campaign_Father6,Print,Hospitals,4647571.92,3494112.53,1188729,63017,7.01,2025-12-08,2026-08-14,1892489,3.3,225.9,OTC,No
MKT00225,Drug_21,Campaign_Onto76,Conference,Patients,3988963.96,1641752.86,3911782,1450,11.25,2026-08-05,2026-08-14,1710657,2.8,271.2,Generic,No
MKT00226,Drug_34,Campaign_Allow84,Webinar,Payers,1558258.11,655563.11,3993907,91665,5.85,2026-04-02,2026-08-14,586597,1.3,-5.4,Generic,No
MKT00227,Drug_23,Campaign_Raise25,Conference,Pharmacists,562555.43,939112.54,761884,70322,19.21,2026-06-16,2026-08-14,1786762,4.8,255.2,Generic,No
MKT00228,Drug_39,Campaign_Room25,Digital,Patients,929865.65,983580.95,419875,47785,10.15,2026-01-09,2026-08-14,1499076,5.6,120.1,Branded,Yes
MKT00229,Drug_35,Campaign_East91,TV,Pharmacists,3379091.4,2953019.24,3719690,15747,3.48,2026-04-20,2026-08-14,467848,7.5,72.5,OTC,No
MKT00230,Drug_33,Campaign_Tax58,Webinar,Patients,2819702.79,4334675.66,739239,19615,8.86,2026-07-05,2026-08-14,1768776,4.0,-7.5,Specialty,No
MKT00231,Drug_14,Campaign_Box13,Webinar,Hospitals,4904080.73,4170309.81,557704,34019,14.45,2025-10-11,2026-08-14,1357003,3.3,45.8,Generic,No
MKT00232,Drug_45,Campaign_Continue10,Digital,Physicians,77334.97,339295.54,1065232,91618,10.26,2026-03-28,2026-08-14,1564924,14.0,86.5,Generic,No
MKT00233,Drug_7,Campaign_Miss70,TV,Payers,4385198.35,3404927.23,1223334,66829,7.29,2026-08-07,2026-08-14,1254341,18.2,2.6,OTC,Yes
MKT00234,Drug_43,Campaign_Leader80,Digital,Payers,81203.36,809055.08,2760512,17035,3.02,2025-12-21,2026-08-14,1539706,16.1,40.4,Generic,No
MKT00235,Drug_3,Campaign_Whom44,Print,Patients,2129548.56,1493169.09,4271851,74878,9.73,2026-02-09,2026-08-14,1124423,14.4,215.8,OTC,No
MKT00236,Drug_16,Campaign_General39,Print,Physicians,4583777.63,2612553.08,3793148,97995,2.85,2025-11-16,2026-08-14,247257,11.6,199.8,OTC,Yes
MKT00237,Drug_3,Campaign_Cost93,TV,Physicians,3295492.89,4037202.76,356951,39456,8.05,2026-07-27,2026-08-14,1640424,16.2,226.3,Specialty,No
MKT00238,Drug_13,Campaign_Indicate61,Print,Hospitals,2920665.35,1140194.73,2052678,81634,3.21,2025-08-17,2026-08-14,855194,22.6,32.9,OTC,No
MKT00239,Drug_10,Campaign_Prove98,Digital,Pharmacists,1574361.54,4195016.18,1757983,95264,13.85,2026-04-15,2026-08-14,281736,16.1,-6.2,OTC,No
MKT00240,Drug_20,Campaign_Statement26,Conference,Payers,4830976.28,3528083.62,1327832,55347,15.68,2026-02-24,2026-08-14,1931777,2.5,129.9,OTC,No
MKT00241,Drug_14,Campaign_New69,Direct Mail,Patients,849440.54,3238091.86,1474998,19863,5.63,2026-06-03,2026-08-14,322449,14.7,89.7,Branded,Yes
MKT00242,Drug_9,Campaign_Glass93,Webinar,Physicians,1356738.73,642278.38,4113643,59210,2.42,2025-12-01,2026-08-14,509213,13.6,228.6,Generic,No
MKT00243,Drug_39,Campaign_Expert20,Webinar,Payers,2270249.09,2278913.22,608363,21987,7.59,2025-09-11,2026-08-14,617492,11.8,152.4,Generic,No
MKT00244,Drug_36,Campaign_Office6,Digital,Payers,640232.79,1324243.14,2159338,33120,11.65,2025-09-01,2026-08-14,920194,14.7,278.0,Specialty,Yes
MKT00245,Drug_14,Campaign_Environmental17,TV,Payers,2123500.83,2825145.34,4883163,64421,15.59,2025-11-19,2026-08-14,89882,17.1,-0.4,Generic,Yes
MKT00246,Drug_38,Campaign_Later25,Print,Physicians,206321.45,3234909.08,3323365,37951,8.66,2026-07-19,2026-08-14,1953795,1.9,96.4,Generic,No
MKT00247,Drug_23,Campaign_Since54,Direct Mail,Hospitals,4621352.64,318436.82,635725,39658,7.95,2025-08-29,2026-08-14,1467579,12.5,109.7,Branded,Yes
MKT00248,Drug_18,Campaign_Process71,Direct Mail,Payers,1617474.29,3093876.56,3805447,90390,18.26,2025-10-04,2026-08-14,1300975,20.6,20.3,Specialty,Yes
MKT00249,Drug_9,Campaign_Beyond92,Print,Physicians,3172674.88,2393462.75,2181475,30178,9.54,2026-06-01,2026-08-14,1805121,13.7,166.6,Specialty,No
MKT00250,Drug_47,Campaign_Soldier33,Digital,Physicians,4353930.09,4026526.42,2966960,63189,9.5,2025-10-03,2026-08-14,1425286,2.6,-7.1,OTC,Yes
MKT00251,Drug_40,Campaign_Term98,Print,Patients,4093447.77,3808698.42,2096042,41316,8.79,2025-09-02,2026-08-14,1413100,19.6,208.1,OTC,No
MKT00252,Drug_28,Campaign_Development72,Conference,Hospitals,4368219.97,1985201.48,3418278,13877,7.9,2026-05-31,2026-08-14,1780210,23.6,-8.0,OTC,Yes
MKT00253,Drug_5,Campaign_Night45,TV,Hospitals,3604340.16,4685901.42,830656,78680,14.84,2025-11-06,2026-08-14,1297724,21.4,259.5,Specialty,No
MKT00254,Drug_36,Campaign_Real47,Webinar,Hospitals,976781.72,2819225.28,3736796,11028,6.35,2026-07-02,2026-08-14,1844399,9.7,0.8,Generic,No
MKT00255,Drug_17,Campaign_Have58,Print,Physicians,1839077.22,4625678.42,2905841,72311,8.2,2026-05-05,2026-08-14,1699457,13.8,126.0,Specialty,Yes
MKT00256,Drug_17,Campaign_Opportunity81,Digital,Physicians,2565038.27,3453870.81,3675372,96710,6.36,2025-12-24,2026-08-14,170593,15.2,29.7,Branded,No
MKT00257,Drug_25,Campaign_Rate92,Conference,Hospitals,1691382.25,1959206.8,4166788,63317,11.84,2026-06-19,2026-08-14,1839267,18.2,22.6,Branded,No
MKT00258,Drug_42,Campaign_Become16,Webinar,Physicians,4776617.32,1125967.48,1077358,16459,19.25,2026-07-24,2026-08-14,1414421,17.0,210.8,Specialty,No
MKT00259,Drug_11,Campaign_Social56,Conference,Hospitals,4036116.39,2236635.14,3439478,89788,8.42,2025-10-20,2026-08-14,1545331,5.8,227.8,OTC,No
MKT00260,Drug_26,Campaign_Control9,Digital,Patients,3996768.82,4493351.11,3905777,79430,19.4,2026-07-16,2026-08-14,1210066,21.2,216.5,OTC,Yes
MKT00261,Drug_30,Campaign_Practice62,TV,Pharmacists,1811915.51,629437.72,2188658,72563,13.48,2025-12-24,2026-08-14,652276,21.4,109.3,Generic,No
MKT00262,Drug_6,Campaign_Nation54,Direct Mail,Pharmacists,3776644.11,2212219.68,3750927,72467,16.11,2026-03-07,2026-08-14,852657,10.7,297.1,OTC,No
MKT00263,Drug_17,Campaign_Discover68,Conference,Pharmacists,3074122.73,1668294.97,3649697,3139,7.33,2025-10-30,2026-08-14,1967451,4.1,88.8,Specialty,No
MKT00264,Drug_44,Campaign_Style65,Webinar,Pharmacists,1882320.02,4163576.33,2449340,69018,5.26,2025-08-25,2026-08-14,840004,15.6,58.5,Specialty,No
MKT00265,Drug_28,Campaign_Attack3,Digital,Patients,1548316.79,3860458.62,2815539,90959,11.96,2026-07-20,2026-08-14,1360111,9.6,298.9,Branded,No
MKT00266,Drug_45,Campaign_Then22,Webinar,Physicians,3946288.22,2652503.13,4376491,40703,19.82,2025-10-24,2026-08-14,874897,18.8,292.7,OTC,Yes
MKT00267,Drug_10,Campaign_Affect77,Webinar,Patients,2988031.96,1995251.82,427716,11052,14.49,2025-11-15,2026-08-14,26588,8.6,169.4,OTC,No
MKT00268,Drug_35,Campaign_Later36,Conference,Payers,194606.98,3285644.0,171609,63285,13.95,2025-08-17,2026-08-14,1117261,7.3,46.9,Generic,No
MKT00269,Drug_14,Campaign_Great90,Webinar,Physicians,118278.23,4575029.92,4407865,35578,9.55,2025-10-08,2026-08-14,688808,21.8,56.3,Specialty,No
MKT00270,Drug_5,Campaign_Probably17,Direct Mail,Hospitals,4211433.61,490069.91,3119490,18976,17.71,2026-02-04,2026-08-14,371056,15.8,146.7,Generic,Yes
MKT00271,Drug_41,Campaign_Across38,Webinar,Payers,458197.85,4314877.58,3191782,32963,14.24,2026-04-11,2026-08-14,1935979,3.1,228.4,Branded,No
MKT00272,Drug_47,Campaign_Interesting6,Digital,Payers,2601615.23,1415835.22,1372558,29486,13.82,2026-08-04,2026-08-14,1130824,17.5,4.8,Specialty,Yes
MKT00273,Drug_18,Campaign_Foreign73,Conference,Patients,3047232.4,25219.61,1863864,65879,6.56,2026-03-12,2026-08-14,1949982,19.1,200.1,Specialty,Yes
MKT00274,Drug_41,Campaign_Green8,Digital,Payers,4580650.99,3558104.02,1239491,28384,19.2,2026-02-03,2026-08-14,1619793,6.6,13.0,Specialty,No
MKT00275,Drug_45,Campaign_Film89,Webinar,Patients,2577486.58,3785497.98,2902436,74365,5.76,2026-03-15,2026-08-14,1948123,24.2,250.1,Specialty,No
MKT00276,Drug_42,Campaign_Well25,Digital,Payers,978203.69,1466318.44,4800247,93678,10.95,2025-11-15,2026-08-14,1765730,9.9,150.3,Specialty,No
MKT00277,Drug_13,Campaign_Assume95,Direct Mail,Patients,1310745.91,3737654.38,3050339,4471,7.45,2026-05-05,2026-08-14,1621806,23.6,296.7,OTC,No
MKT00278,Drug_46,Campaign_Also51,Digital,Physicians,253791.55,3831498.21,1380652,67471,4.43,2025-09-10,2026-08-14,1910814,8.0,221.0,Specialty,No
MKT00279,Drug_24,Campaign_Whose64,Webinar,Payers,1118066.28,3243082.23,3352167,3957,3.74,2026-05-06,2026-08-14,1571911,15.6,139.1,OTC,Yes
MKT00280,Drug_37,Campaign_Sing88,TV,Patients,4077549.67,190281.11,3908856,40135,6.56,2026-02-06,2026-08-14,84256,13.4,25.2,Generic,No
MKT00281,Drug_43,Campaign_Commercial69,Conference,Pharmacists,3786824.28,3205272.13,7474,13927,14.09,2026-08-07,2026-08-14,127136,24.8,153.6,Generic,No
MKT00282,Drug_42,Campaign_Six66,Print,Pharmacists,418894.94,4475885.94,3079613,77624,19.52,2026-01-02,2026-08-14,920974,10.8,16.6,Generic,No
MKT00283,Drug_33,Campaign_Street10,TV,Payers,2403191.57,2979411.43,1424659,95421,17.21,2025-11-27,2026-08-14,1152643,5.3,269.7,OTC,No
MKT00284,Drug_39,Campaign_Material22,TV,Patients,1516095.02,1764398.0,3481291,91889,5.14,2025-09-26,2026-08-14,1324673,21.0,53.6,OTC,Yes
MKT00285,Drug_11,Campaign_Where57,Digital,Physicians,3253244.34,2706893.75,1361680,6077,2.49,2026-01-04,2026-08-14,828896,2.0,256.9,OTC,No
MKT00286,Drug_27,Campaign_Quality97,TV,Payers,4807089.31,4767134.55,4496853,33469,14.05,2025-09-09,2026-08-14,1272396,22.2,77.2,OTC,No
MKT00287,Drug_10,Campaign_Space66,TV,Physicians,3157126.91,2271031.34,947409,88204,1.57,2026-04-17,2026-08-14,1733961,3.7,51.0,Specialty,No
MKT00288,Drug_21,Campaign_Sing50,TV,Patients,3731040.75,4040235.6,4964074,39986,17.32,2025-11-11,2026-08-14,1273904,14.7,77.4,Generic,No
MKT00289,Drug_28,Campaign_Instead72,Digital,Pharmacists,1996659.67,669271.65,2700354,96958,16.69,2026-06-01,2026-08-14,1295149,18.1,206.4,Generic,No
MKT00290,Drug_25,Campaign_Chance100,Webinar,Patients,173112.07,275825.93,3410004,52764,16.08,2026-05-13,2026-08-14,433149,9.1,148.1,Specialty,Yes
MKT00291,Drug_2,Campaign_Experience50,TV,Physicians,2096312.83,1875758.86,3245536,56890,11.5,2026-01-02,2026-08-14,1286320,21.3,14.4,Generic,No
MKT00292,Drug_39,Campaign_Campaign52,Print,Pharmacists,2558869.98,665619.53,4749748,62073,19.5,2026-01-12,2026-08-14,1569750,15.2,23.9,Generic,No
MKT00293,Drug_16,Campaign_Similar78,TV,Payers,2468473.02,1589879.5,3450010,6893,9.71,2026-06-15,2026-08-14,1021076,10.5,101.1,Generic,No
MKT00294,Drug_5,Campaign_Political35,Digital,Pharmacists,1175380.01,3435476.4,3668421,57384,19.74,2025-10-01,2026-08-14,818806,8.8,88.3,Specialty,No
MKT00295,Drug_18,Campaign_Contain27,Webinar,Payers,2380213.42,2141114.75,904264,42133,17.76,2026-04-20,2026-08-14,1498536,3.7,252.6,Generic,No
MKT00296,Drug_8,Campaign_Sure24,Digital,Payers,3592784.21,1545222.35,1495903,83655,3.4,2025-08-26,2026-08-14,493895,16.4,163.1,OTC,No
MKT00297,Drug_35,Campaign_Special1,Direct Mail,Pharmacists,1564267.82,4279761.3,82801,57715,18.0,2025-10-27,2026-08-14,235990,9.7,39.7,Generic,No
MKT00298,Drug_8,Campaign_Partner21,Direct Mail,Pharmacists,3173673.31,50211.22,4839824,71747,6.79,2026-01-18,2026-08-14,59513,8.7,-10.9,Generic,Yes
MKT00299,Drug_44,Campaign_Chair74,Webinar,Physicians,774638.16,3908265.92,4702655,24558,15.6,2025-09-23,2026-08-14,653554,23.8,12.8,Branded,Yes
MKT00300,Drug_36,Campaign_Cover28,Webinar,Pharmacists,1397450.37,2983983.85,710353,69578,1.0,2026-01-18,2026-08-14,403402,7.5,204.1,Branded,No
MKT00301,Drug_27,Campaign_Finish76,Print,Hospitals,4420800.27,227755.13,1653316,75334,6.24,2026-04-14,2026-08-14,1499976,22.0,251.1,Branded,No
MKT00302,Drug_5,Campaign_Present90,Webinar,Pharmacists,3136845.62,168768.97,4928373,56359,15.41,2025-11-20,2026-08-14,345451,24.4,230.4,Specialty,No
MKT00303,Drug_22,Campaign_Always2,Conference,Physicians,438339.13,829263.4,3676676,71226,19.47,2026-02-13,2026-08-14,226313,20.7,232.8,OTC,Yes
MKT00304,Drug_41,Campaign_Reason66,Direct Mail,Hospitals,1330537.73,4691661.16,3558239,12710,4.25,2026-05-22,2026-08-14,1090839,1.5,63.5,Specialty,No
MKT00305,Drug_6,Campaign_Star59,TV,Hospitals,4969866.46,415974.26,3807653,65828,9.73,2026-01-18,2026-08-14,877626,21.8,296.5,Generic,No
MKT00306,Drug_24,Campaign_Own65,Digital,Patients,1357823.21,3547813.36,2398327,98911,12.16,2025-09-25,2026-08-14,39447,6.1,7.7,OTC,Yes
MKT00307,Drug_22,Campaign_Between91,Direct Mail,Hospitals,2906739.71,1930634.39,126687,64900,19.1,2026-04-30,2026-08-14,1991475,9.5,242.8,Generic,No
MKT00308,Drug_50,Campaign_Number93,Webinar,Payers,2756233.07,1139715.91,4063281,99565,9.61,2025-10-04,2026-08-14,1556751,24.8,11.0,Generic,Yes
MKT00309,Drug_18,Campaign_Ever68,Digital,Physicians,2017794.15,2762146.55,4810465,40346,18.74,2026-04-26,2026-08-14,1483426,10.7,65.6,OTC,No
MKT00310,Drug_10,Campaign_Why34,TV,Patients,178551.11,1770460.55,2380896,69635,19.59,2026-07-01,2026-08-14,1156555,16.7,138.5,OTC,No
MKT00311,Drug_15,Campaign_Free39,Digital,Pharmacists,1428841.39,1492324.05,3364639,56976,18.89,2026-06-14,2026-08-14,1131415,8.5,-2.9,OTC,No
MKT00312,Drug_18,Campaign_Reason29,Digital,Hospitals,4767212.77,1153988.79,2184639,39298,15.23,2026-07-20,2026-08-14,463120,9.9,106.1,Branded,No
MKT00313,Drug_1,Campaign_Before38,Direct Mail,Patients,105762.71,2200234.17,2319227,20024,3.4,2026-08-05,2026-08-14,1550717,15.3,92.0,OTC,Yes
MKT00314,Drug_7,Campaign_Whatever91,Digital,Payers,3581260.67,818255.91,2789014,1758,12.45,2025-09-15,2026-08-14,836950,23.8,187.1,Generic,No
MKT00315,Drug_25,Campaign_Whatever35,TV,Patients,4464820.63,4090089.14,1749799,2235,15.32,2026-04-29,2026-08-14,1289511,7.8,209.8,Specialty,Yes
MKT00316,Drug_15,Campaign_Keep71,Print,Payers,3814309.27,2842406.49,3453532,28909,19.14,2025-10-14,2026-08-14,1002520,6.9,9.0,Specialty,No
MKT00317,Drug_25,Campaign_Black16,Digital,Patients,1623015.35,306516.75,3747140,38761,15.78,2026-03-02,2026-08-14,630365,1.6,-7.8,Generic,No
MKT00318,Drug_7,Campaign_Voice22,Webinar,Patients,2607134.75,2196523.92,2473813,53055,11.24,2026-06-25,2026-08-14,1088158,5.9,228.3,OTC,No
MKT00319,Drug_8,Campaign_Election29,Digital,Pharmacists,4339062.11,3023885.74,1345543,81636,4.9,2025-12-19,2026-08-14,154179,7.3,149.0,Specialty,No
MKT00320,Drug_12,Campaign_Eye6,TV,Pharmacists,4877534.06,4136422.42,2459933,36701,9.68,2026-01-07,2026-08-14,519414,2.5,151.1,OTC,Yes
MKT00321,Drug_34,Campaign_Key69,Conference,Pharmacists,494175.05,117584.94,3185285,31698,13.13,2026-04-19,2026-08-14,406123,14.5,293.8,OTC,Yes
MKT00322,Drug_47,Campaign_Civil31,TV,Patients,630505.49,2192840.68,823536,79311,7.17,2026-02-10,2026-08-14,1282671,4.0,120.1,Generic,No
MKT00323,Drug_20,Campaign_Serious38,Direct Mail,Hospitals,4779494.88,3389507.06,3943674,51117,9.67,2026-06-01,2026-08-14,83398,13.3,42.8,Generic,No
MKT00324,Drug_38,Campaign_Share6,Direct Mail,Patients,4364395.86,945432.95,1131439,11265,1.33,2025-12-27,2026-08-14,238438,5.5,197.8,Specialty,No
MKT00325,Drug_32,Campaign_His82,Print,Pharmacists,1063265.4,1066353.5,1848737,9138,17.7,2026-05-16,2026-08-14,172835,23.5,241.0,Specialty,No
MKT00326,Drug_7,Campaign_Rise19,Digital,Patients,4850819.23,2352985.69,1232621,13873,1.66,2025-10-03,2026-08-14,784998,8.4,140.8,Specialty,No
MKT00327,Drug_34,Campaign_Near36,Print,Hospitals,1052920.14,4246151.76,3647050,35771,8.78,2026-04-11,2026-08-14,122177,3.2,201.4,OTC,No
MKT00328,Drug_23,Campaign_Cover18,Webinar,Payers,451691.18,1914710.81,3478697,70818,10.71,2026-07-22,2026-08-14,1739626,21.1,144.5,Generic,No
MKT00329,Drug_45,Campaign_Force35,Webinar,Physicians,3412609.51,2328112.41,3383778,74925,19.48,2026-04-23,2026-08-14,1093326,10.6,110.4,Specialty,No
MKT00330,Drug_37,Campaign_Capital7,Print,Pharmacists,2703582.12,3053460.85,1765425,5693,18.77,2025-08-30,2026-08-14,1411950,20.7,-9.0,Specialty,No
MKT00331,Drug_19,Campaign_Something83,Digital,Patients,1205928.49,1495211.81,4374790,31201,13.28,2026-05-20,2026-08-14,1531702,8.5,35.6,Generic,No
MKT00332,Drug_36,Campaign_A32,Digital,Hospitals,4642106.43,4162677.29,1106479,52343,12.1,2026-06-15,2026-08-14,107707,13.0,133.5,OTC,No
MKT00333,Drug_18,Campaign_Draw27,TV,Pharmacists,2027156.99,4617116.57,4871568,9344,7.96,2025-10-15,2026-08-14,612216,11.7,106.9,OTC,No
MKT00334,Drug_39,Campaign_Safe69,Print,Pharmacists,2020503.89,3123223.86,589159,2853,1.78,2025-08-27,2026-08-14,1900387,14.4,249.7,Specialty,Yes
MKT00335,Drug_7,Campaign_Camera15,Print,Payers,3162811.0,3066493.32,84750,34597,6.09,2025-10-11,2026-08-14,524487,10.6,14.7,Branded,No
MKT00336,Drug_4,Campaign_Feel1,Direct Mail,Physicians,1161667.27,3234676.0,2838022,37785,17.11,2026-04-24,2026-08-14,758257,12.9,-4.0,Generic,Yes
MKT00337,Drug_11,Campaign_Issue84,Webinar,Patients,2938369.05,934736.36,3482612,4028,13.32,2026-07-22,2026-08-14,683063,17.3,7.9,Generic,Yes
MKT00338,Drug_21,Campaign_Above45,Print,Patients,1826285.89,3516725.8,430106,66933,16.47,2025-11-23,2026-08-14,1795159,11.0,197.0,Generic,No
MKT00339,Drug_49,Campaign_Idea81,Webinar,Pharmacists,3478094.08,1668756.31,2659860,75600,16.9,2026-07-30,2026-08-14,873217,17.4,170.2,Specialty,No
MKT00340,Drug_25,Campaign_Get78,TV,Hospitals,1246060.27,4768126.03,771672,34155,2.18,2026-02-19,2026-08-14,1131773,18.1,182.3,Generic,No
MKT00341,Drug_12,Campaign_Knowledge48,Webinar,Pharmacists,935454.99,3611643.93,1805267,64337,7.41,2026-02-20,2026-08-14,925046,19.0,30.2,OTC,No
MKT00342,Drug_23,Campaign_Light42,Conference,Payers,1256570.68,2804160.58,103964,23702,13.84,2026-03-15,2026-08-14,1912295,12.3,145.2,Generic,No
MKT00343,Drug_48,Campaign_Skill11,Print,Physicians,4680314.78,4379169.82,3675552,31963,17.21,2025-10-28,2026-08-14,100897,1.1,225.7,Branded,No
MKT00344,Drug_44,Campaign_Pm91,TV,Payers,4247652.34,4656342.85,2828545,39880,16.23,2025-11-18,2026-08-14,1498851,19.1,198.8,Generic,No
MKT00345,Drug_35,Campaign_Seat71,TV,Hospitals,4146202.99,3927667.21,4571733,52789,9.02,2025-09-25,2026-08-14,1821475,22.8,120.4,Branded,No
MKT00346,Drug_36,Campaign_International34,Conference,Patients,3905666.37,3632883.84,4785271,43757,18.71,2026-06-10,2026-08-14,7475,16.7,13.1,OTC,No
MKT00347,Drug_39,Campaign_Dinner93,TV,Hospitals,3188384.1,295849.18,2043635,79603,6.71,2026-01-01,2026-08-14,877710,13.6,258.6,Specialty,No
MKT00348,Drug_26,Campaign_Take18,Direct Mail,Payers,501012.13,3390346.79,3211721,58076,8.14,2026-05-27,2026-08-14,1578858,14.4,148.4,Specialty,No
MKT00349,Drug_31,Campaign_Couple53,Conference,Patients,1630013.08,1614943.89,4241821,24213,4.45,2026-05-30,2026-08-14,1605027,16.4,264.7,OTC,No
MKT00350,Drug_38,Campaign_Couple79,Webinar,Physicians,2813724.91,4463932.33,563522,44877,5.31,2026-08-10,2026-08-14,926364,25.0,120.4,Generic,Yes
MKT00351,Drug_9,Campaign_Reach38,Webinar,Pharmacists,537691.14,2938404.39,3083834,29337,1.17,2026-08-02,2026-08-14,764287,2.5,55.8,Specialty,No
MKT00352,Drug_17,Campaign_Able42,Webinar,Physicians,160280.76,1782283.34,1350062,96143,6.86,2025-10-01,2026-08-14,1878430,1.5,78.4,Branded,No
MKT00353,Drug_1,Campaign_Computer8,Webinar,Pharmacists,476208.47,1630400.17,4606433,86440,6.82,2026-05-29,2026-08-14,550377,24.1,113.8,Branded,No
MKT00354,Drug_44,Campaign_I81,Webinar,Physicians,549267.53,2665416.49,790067,65858,2.28,2025-08-13,2026-08-14,897707,11.6,176.6,OTC,No
MKT00355,Drug_33,Campaign_Us2,Webinar,Patients,556596.56,2361732.63,1617237,21367,7.47,2025-10-31,2026-08-14,697726,15.7,226.1,OTC,Yes
MKT00356,Drug_46,Campaign_Never46,Direct Mail,Patients,958959.4,1879245.81,1762943,98442,6.73,2026-06-02,2026-08-14,82277,19.1,57.6,Specialty,Yes
MKT00357,Drug_10,Campaign_Standard29,Print,Patients,2500492.29,1004535.48,3422297,59238,16.18,2026-06-29,2026-08-14,1028130,18.8,40.1,Specialty,No
MKT00358,Drug_43,Campaign_Produce94,Print,Pharmacists,1434398.71,3824084.86,4685345,33638,3.97,2026-08-02,2026-08-14,1035808,16.5,44.9,OTC,Yes
MKT00359,Drug_9,Campaign_Try36,TV,Patients,4302061.18,2083205.38,1875688,11266,14.78,2026-04-15,2026-08-14,681918,12.3,279.0,Generic,No
MKT00360,Drug_10,Campaign_Do23,TV,Hospitals,4381931.52,479205.25,3726766,3434,3.47,2025-11-15,2026-08-14,835985,14.8,32.5,Specialty,No
MKT00361,Drug_25,Campaign_Walk33,Webinar,Pharmacists,4602046.27,414510.42,3689943,38398,10.43,2025-12-26,2026-08-14,408147,18.5,90.6,OTC,No
MKT00362,Drug_37,Campaign_Return3,Conference,Patients,2361084.1,1146767.94,3490113,62549,14.99,2026-04-26,2026-08-14,1382515,21.4,135.5,Generic,No
MKT00363,Drug_48,Campaign_Professional69,Webinar,Patients,3872468.57,2652940.4,176663,58148,12.52,2025-10-13,2026-08-14,1619120,4.1,158.0,OTC,Yes
MKT00364,Drug_18,Campaign_Skin85,Print,Physicians,2959004.25,714555.89,3572408,12969,13.27,2026-05-23,2026-08-14,111154,7.7,254.6,Generic,No
MKT00365,Drug_4,Campaign_Look100,Digital,Hospitals,730419.24,1036006.7,619371,87607,4.92,2025-08-27,2026-08-14,1846484,10.5,16.1,Specialty,No
MKT00366,Drug_47,Campaign_Above100,TV,Hospitals,3182136.02,2410666.93,4622519,53455,16.72,2026-06-19,2026-08-14,945606,17.0,14.6,OTC,No
MKT00367,Drug_41,Campaign_Tax75,Conference,Pharmacists,4186734.97,1049161.08,4419628,34078,19.09,2025-12-16,2026-08-14,1182184,10.5,81.3,OTC,Yes
MKT00368,Drug_24,Campaign_May14,TV,Hospitals,1746223.98,4119418.54,3386901,6501,3.93,2026-02-19,2026-08-14,1575754,6.7,112.2,Specialty,No
MKT00369,Drug_46,Campaign_Receive93,Conference,Patients,3735909.88,2834091.04,2682320,33631,17.88,2026-01-18,2026-08-14,850461,1.8,99.6,Branded,No
MKT00370,Drug_50,Campaign_Something96,Print,Pharmacists,3874841.06,416538.14,4791868,49170,8.56,2025-11-26,2026-08-14,229087,21.2,105.4,Specialty,No
MKT00371,Drug_16,Campaign_Clearly89,TV,Payers,3221480.8,675752.35,6808,65987,14.28,2026-01-16,2026-08-14,442130,11.1,252.5,Generic,No
MKT00372,Drug_44,Campaign_Experience49,Webinar,Physicians,4417538.73,940859.53,4624794,30302,10.63,2026-03-26,2026-08-14,1438582,8.9,247.7,Generic,No
MKT00373,Drug_39,Campaign_Green84,TV,Physicians,732658.59,3025343.35,3068424,74103,16.07,2026-02-28,2026-08-14,865774,13.7,237.8,Generic,No
MKT00374,Drug_27,Campaign_Simple33,Digital,Payers,4218649.04,511593.68,3865428,36423,1.86,2025-12-18,2026-08-14,1510787,4.0,221.7,Generic,No
MKT00375,Drug_46,Campaign_Rock81,Print,Pharmacists,3057548.03,212574.19,2286526,74110,7.15,2025-10-02,2026-08-14,1853143,10.5,-7.1,OTC,No
MKT00376,Drug_30,Campaign_Message82,Conference,Payers,4279754.86,3497967.54,2378529,52919,1.9,2025-08-27,2026-08-14,1710829,19.0,27.8,OTC,Yes
MKT00377,Drug_12,Campaign_Support78,Digital,Hospitals,2668061.33,2297617.4,3530564,43894,18.89,2026-06-17,2026-08-14,851707,18.7,214.3,Branded,Yes
MKT00378,Drug_29,Campaign_Sort71,Conference,Patients,1646533.06,4074962.98,3115729,10010,4.23,2026-05-25,2026-08-14,1684287,19.5,170.4,Branded,Yes
MKT00379,Drug_23,Campaign_Ten27,TV,Payers,4486996.35,3806753.22,2842254,33186,9.07,2026-01-25,2026-08-14,499601,12.2,195.7,Branded,Yes
MKT00380,Drug_30,Campaign_Late57,Direct Mail,Payers,4388243.93,1316469.45,3168973,89742,13.19,2025-09-23,2026-08-14,324555,9.9,209.4,Generic,Yes
MKT00381,Drug_33,Campaign_Tonight29,TV,Hospitals,1345711.51,926883.21,1243148,94775,9.77,2026-08-13,2026-08-14,37389,21.0,271.6,Generic,Yes
MKT00382,Drug_19,Campaign_Room42,Print,Pharmacists,3723100.02,2480704.16,3275766,4570,11.19,2026-08-09,2026-08-14,341669,5.2,183.2,Specialty,Yes
MKT00383,Drug_18,Campaign_Enough35,Webinar,Patients,465560.6,389099.3,4775332,44847,4.88,2026-03-19,2026-08-14,761651,18.4,68.2,Specialty,Yes
MKT00384,Drug_28,Campaign_Dinner27,Conference,Patients,439029.89,3039572.11,691953,63187,2.27,2025-11-19,2026-08-14,635626,22.3,6.6,Specialty,Yes
MKT00385,Drug_34,Campaign_Hair75,Digital,Physicians,2561908.23,63400.28,4244692,93473,5.89,2025-10-03,2026-08-14,1515651,7.9,118.3,OTC,No
MKT00386,Drug_46,Campaign_Wear81,TV,Patients,188450.34,3855889.53,2564720,95405,7.03,2025-11-10,2026-08-14,1344499,5.7,207.2,OTC,No
MKT00387,Drug_15,Campaign_Suggest97,Conference,Patients,2174427.9,4275893.17,1531565,50776,8.9,2025-12-17,2026-08-14,786231,13.3,70.2,Specialty,No
MKT00388,Drug_20,Campaign_Begin51,Digital,Patients,3955830.62,4781780.89,3676711,34594,6.62,2026-05-08,2026-08-14,660627,6.2,18.4,Branded,No
MKT00389,Drug_41,Campaign_Personal20,TV,Patients,4448473.63,1654994.56,4712031,72431,1.68,2026-02-14,2026-08-14,823798,21.9,299.6,Generic,No
MKT00390,Drug_6,Campaign_Maybe58,Direct Mail,Hospitals,1281359.35,2699436.47,1421901,6858,2.8,2026-05-09,2026-08-14,938333,6.9,114.0,Specialty,Yes
MKT00391,Drug_20,Campaign_Decide30,Direct Mail,Physicians,394131.53,4142899.54,4959433,4909,13.8,2026-07-16,2026-08-14,759070,8.5,49.2,Specialty,No
MKT00392,Drug_27,Campaign_Cover94,Webinar,Payers,3156965.41,2220956.53,3460374,33107,2.2,2026-04-23,2026-08-14,362566,22.3,32.7,Specialty,No
MKT00393,Drug_50,Campaign_Tax93,TV,Physicians,1331515.88,1583795.5,3818663,17094,1.88,2026-05-16,2026-08-14,638172,5.9,256.1,Specialty,No
MKT00394,Drug_21,Campaign_Middle56,Print,Pharmacists,127006.41,239116.51,3136148,12623,16.42,2025-10-15,2026-08-14,527292,22.2,242.3,Branded,No
MKT00395,Drug_6,Campaign_Movement48,Direct Mail,Payers,664677.92,1894582.02,2099448,97611,1.78,2026-01-05,2026-08-14,582969,6.0,176.3,OTC,Yes
MKT00396,Drug_41,Campaign_Increase19,Conference,Physicians,4692395.18,383283.93,3859866,82248,2.31,2026-08-09,2026-08-14,160663,22.9,155.1,Specialty,No
MKT00397,Drug_6,Campaign_Author62,Print,Physicians,4376630.79,1745566.07,3930514,70644,11.44,2026-05-27,2026-08-14,705575,8.6,284.5,Specialty,No
MKT00398,Drug_5,Campaign_Into12,Print,Physicians,4149790.85,1649838.47,1448785,25984,9.41,2026-04-19,2026-08-14,1500856,6.9,53.0,OTC,No
MKT00399,Drug_47,Campaign_Without64,TV,Physicians,1703972.97,3108231.7,3764325,93501,19.32,2026-02-26,2026-08-14,622270,12.5,112.9,Branded,Yes
MKT00400,Drug_16,Campaign_Way24,Conference,Physicians,3575468.45,1760337.64,4803763,66988,18.8,2025-11-02,2026-08-14,1415690,9.9,-12.1,Generic,Yes
MKT00401,Drug_6,Campaign_Kitchen59,Conference,Physicians,4785503.76,1847098.33,1024884,85270,13.54,2026-03-29,2026-08-14,859577,5.8,113.9,Generic,No
MKT00402,Drug_11,Campaign_I24,Digital,Hospitals,2842229.68,1378051.43,3814093,63714,2.37,2026-02-22,2026-08-14,650226,9.1,102.9,Branded,No
MKT00403,Drug_37,Campaign_Budget23,Direct Mail,Hospitals,1672150.08,2920270.99,3439051,63535,10.56,2026-02-14,2026-08-14,1734398,18.1,283.8,OTC,Yes
MKT00404,Drug_4,Campaign_Word25,Direct Mail,Payers,3998653.88,1871933.89,1683251,60750,1.86,2026-05-07,2026-08-14,239904,21.0,94.6,Branded,No
MKT00405,Drug_6,Campaign_And73,Print,Patients,2157384.02,4553479.59,4624449,99325,18.25,2026-05-12,2026-08-14,391224,20.7,247.1,Specialty,Yes
MKT00406,Drug_48,Campaign_Scene63,Print,Physicians,2890945.02,4282003.01,3527212,30020,13.54,2025-11-11,2026-08-14,799277,19.2,225.3,OTC,Yes
MKT00407,Drug_19,Campaign_Go94,TV,Patients,2710644.59,1141016.83,2204807,66371,11.9,2026-04-26,2026-08-14,1155007,1.1,27.1,Specialty,No
MKT00408,Drug_36,Campaign_Produce24,Conference,Hospitals,1094915.1,1942047.0,3455459,85422,9.13,2026-07-27,2026-08-14,1658201,11.2,288.1,OTC,No
MKT00409,Drug_32,Campaign_Rest83,Direct Mail,Pharmacists,13330.4,3047823.39,3305748,65632,10.68,2026-02-07,2026-08-14,1505420,5.1,181.9,Generic,No
MKT00410,Drug_1,Campaign_Rest37,Digital,Physicians,4994191.9,83214.27,2965325,61568,8.61,2026-07-21,2026-08-14,1819703,2.8,170.9,OTC,No
MKT00411,Drug_28,Campaign_Ago3,Direct Mail,Payers,2089990.55,1095440.02,1795383,47390,2.89,2026-01-22,2026-08-14,1725380,18.7,-16.3,Specialty,No
MKT00412,Drug_44,Campaign_Boy40,Direct Mail,Patients,1426244.19,1371717.88,2607921,22379,13.56,2025-08-19,2026-08-14,1558532,20.0,203.7,OTC,Yes
MKT00413,Drug_33,Campaign_Popular21,Webinar,Payers,3831749.22,1934493.45,3809761,44924,19.93,2026-03-12,2026-08-14,839651,20.6,-2.2,OTC,Yes
MKT00414,Drug_47,Campaign_Wonder23,Webinar,Physicians,2966698.32,4269252.33,1766924,76024,3.14,2025-11-24,2026-08-14,639451,22.4,39.3,Branded,No
MKT00415,Drug_9,Campaign_Bit51,Direct Mail,Patients,4403494.79,466888.13,4242550,3463,19.89,2026-01-14,2026-08-14,995985,15.2,11.6,OTC,Yes
MKT00416,Drug_31,Campaign_Religious88,Print,Patients,3907694.04,320669.55,164146,94016,18.09,2026-04-02,2026-08-14,526979,25.0,101.0,Generic,Yes
MKT00417,Drug_32,Campaign_Alone78,Conference,Physicians,1416028.63,3190885.52,4523483,66813,17.99,2026-08-06,2026-08-14,803703,12.6,234.6,OTC,No
MKT00418,Drug_33,Campaign_Last25,Conference,Pharmacists,2965298.87,1752749.61,187632,92039,16.79,2026-05-28,2026-08-14,1909162,22.2,206.4,Specialty,No
MKT00419,Drug_44,Campaign_New9,Direct Mail,Physicians,2518482.75,857170.2,3440697,68681,18.55,2026-04-14,2026-08-14,744017,3.7,14.1,OTC,Yes
MKT00420,Drug_44,Campaign_Military19,Conference,Payers,4775867.5,3370158.91,953118,41535,5.68,2025-11-24,2026-08-14,759743,4.6,235.5,OTC,No
MKT00421,Drug_35,Campaign_Organization10,TV,Hospitals,1205454.99,1169899.88,2543399,28428,9.31,2025-08-24,2026-08-14,1532280,15.2,127.5,Generic,Yes
MKT00422,Drug_45,Campaign_Like55,Print,Hospitals,1426334.09,2717242.73,1124235,98734,10.12,2026-07-20,2026-08-14,430385,4.0,-9.6,Branded,Yes
MKT00423,Drug_8,Campaign_Experience32,Print,Hospitals,4602936.75,1964987.33,4504451,88079,2.29,2026-05-13,2026-08-14,1538252,2.8,51.6,Generic,No
MKT00424,Drug_26,Campaign_Stay59,Conference,Patients,2294476.17,1737031.36,1819037,66103,19.64,2025-12-14,2026-08-14,337536,5.7,231.3,Specialty,No
MKT00425,Drug_1,Campaign_Believe83,Direct Mail,Patients,2291699.99,3462874.32,632930,18235,14.1,2026-01-16,2026-08-14,1490251,19.9,214.7,Generic,Yes
MKT00426,Drug_40,Campaign_Collection52,Direct Mail,Physicians,4342360.91,2946295.97,773548,82706,9.58,2025-08-18,2026-08-14,952790,23.3,40.3,Specialty,No
MKT00427,Drug_13,Campaign_Group13,Webinar,Patients,1487292.18,2468872.12,4110467,4364,19.85,2026-02-08,2026-08-14,1899799,9.0,-7.8,Generic,No
MKT00428,Drug_48,Campaign_Decade93,Direct Mail,Payers,3487519.22,619166.44,3399506,56688,6.17,2026-02-12,2026-08-14,1436990,24.4,74.5,Specialty,No
MKT00429,Drug_1,Campaign_Without68,Conference,Physicians,3610400.14,2813146.6,4425729,26397,7.4,2026-04-15,2026-08-14,1969305,20.4,234.4,Generic,No
MKT00430,Drug_46,Campaign_Account18,Direct Mail,Payers,2217567.75,3326745.66,2180761,73765,4.63,2025-10-11,2026-08-14,966650,6.4,280.3,OTC,Yes
MKT00431,Drug_28,Campaign_Money94,Webinar,Hospitals,1676462.98,3911963.18,1904669,97716,4.54,2026-02-21,2026-08-14,1395633,15.1,163.3,Specialty,No
MKT00432,Drug_45,Campaign_Bad97,Webinar,Payers,3735811.63,1440647.33,701251,91989,4.58,2026-08-11,2026-08-14,588082,24.6,9.2,Generic,Yes
MKT00433,Drug_35,Campaign_Analysis2,Conference,Hospitals,1287059.57,1272372.05,3593397,68893,12.61,2026-02-03,2026-08-14,497680,21.4,140.7,Specialty,Yes
MKT00434,Drug_48,Campaign_Likely78,Digital,Patients,4098356.42,3595364.4,1929844,72510,6.59,2026-04-08,2026-08-14,1524972,9.7,299.6,Branded,No
MKT00435,Drug_23,Campaign_He13,Webinar,Physicians,2087893.26,2246440.42,221352,58825,19.08,2025-11-03,2026-08-14,1067245,8.4,280.4,Branded,Yes
MKT00436,Drug_16,Campaign_Rise49,Conference,Pharmacists,101702.82,1951076.47,3197706,5541,16.52,2026-06-14,2026-08-14,1934698,20.7,297.8,Generic,No
MKT00437,Drug_48,Campaign_Whole50,TV,Payers,2850663.06,775176.96,2601654,74081,4.06,2025-10-27,2026-08-14,67789,14.2,203.8,OTC,No
MKT00438,Drug_43,Campaign_Model3,Direct Mail,Physicians,980144.7,2086770.13,1761284,61700,16.85,2025-12-06,2026-08-14,585266,4.9,116.3,Generic,No
MKT00439,Drug_34,Campaign_Forward15,Direct Mail,Pharmacists,2338160.48,3486779.83,3170950,95153,7.57,2025-09-13,2026-08-14,1743524,8.9,265.8,Generic,No
MKT00440,Drug_44,Campaign_Next2,Print,Physicians,4043594.0,2165399.63,2712819,126,5.33,2026-03-16,2026-08-14,1960023,16.9,266.5,Specialty,No
MKT00441,Drug_39,Campaign_Including98,Webinar,Pharmacists,958165.12,4189742.17,3147820,31125,15.86,2025-10-20,2026-08-14,163154,4.7,26.2,OTC,No
MKT00442,Drug_3,Campaign_True83,Conference,Physicians,1048482.99,25182.79,689111,10695,17.28,2025-11-23,2026-08-14,1465495,17.8,228.1,Generic,No
MKT00443,Drug_39,Campaign_Way6,Digital,Hospitals,2374491.47,867939.19,1584135,33854,19.25,2026-01-11,2026-08-14,959871,18.0,274.2,Branded,No
MKT00444,Drug_29,Campaign_Detail17,Direct Mail,Pharmacists,2387740.66,2952086.48,524529,18097,8.98,2026-05-01,2026-08-14,766293,7.5,267.5,Branded,No
MKT00445,Drug_11,Campaign_Sure32,Print,Physicians,2273812.94,3227152.39,2225410,60978,11.68,2025-08-22,2026-08-14,749079,10.6,206.2,Specialty,Yes
MKT00446,Drug_44,Campaign_End99,Conference,Pharmacists,3475519.96,1326989.0,1195150,75006,12.68,2025-12-21,2026-08-14,460161,23.5,152.0,Generic,No
MKT00447,Drug_49,Campaign_Project11,Print,Hospitals,1352798.74,4521369.31,2434039,74523,12.93,2026-05-10,2026-08-14,369816,19.0,228.6,Generic,No
MKT00448,Drug_34,Campaign_Week35,Digital,Pharmacists,1310033.73,1590433.88,3878477,15453,8.64,2026-01-22,2026-08-14,901569,19.9,145.2,Branded,No
MKT00449,Drug_15,Campaign_Relationship19,Conference,Pharmacists,121581.85,1976657.01,376420,81886,3.89,2025-08-31,2026-08-14,854719,13.4,82.8,OTC,No
MKT00450,Drug_12,Campaign_In81,Direct Mail,Physicians,1914856.08,4686734.36,4653530,78251,2.34,2026-07-14,2026-08-14,1466063,6.1,62.9,OTC,No
MKT00451,Drug_5,Campaign_Final77,Conference,Payers,986908.31,2302717.87,27832,6712,18.21,2025-09-04,2026-08-14,1307038,15.2,153.0,OTC,No
MKT00452,Drug_24,Campaign_Party2,Direct Mail,Hospitals,2962075.6,2943697.02,2315095,79621,7.96,2025-09-07,2026-08-14,1152875,19.5,125.9,Generic,Yes
MKT00453,Drug_9,Campaign_Determine2,TV,Physicians,914041.74,2595155.54,4979344,52628,4.43,2025-09-26,2026-08-14,1500184,1.1,147.8,Branded,No
MKT00454,Drug_33,Campaign_He14,Direct Mail,Patients,4473709.95,856136.92,2956435,18239,19.69,2026-02-21,2026-08-14,1764273,3.7,63.4,Specialty,No
MKT00455,Drug_23,Campaign_Arrive70,Print,Pharmacists,4246581.47,4759248.19,739120,29499,16.26,2026-05-27,2026-08-14,705097,12.4,169.0,Specialty,Yes
MKT00456,Drug_4,Campaign_That95,Digital,Patients,3828197.92,288255.58,1935461,41716,19.64,2025-11-26,2026-08-14,1941267,11.5,191.9,Generic,No
MKT00457,Drug_28,Campaign_Republican44,Conference,Physicians,4044535.69,4720861.47,310103,1372,6.3,2025-10-27,2026-08-14,1643268,24.6,238.2,Specialty,No
MKT00458,Drug_32,Campaign_Successful91,TV,Payers,4798320.51,2249039.4,761343,43479,9.8,2026-08-11,2026-08-14,656641,3.2,168.8,Generic,No
MKT00459,Drug_25,Campaign_Capital11,TV,Hospitals,1605846.61,914162.73,3356128,56163,16.37,2026-01-14,2026-08-14,1487290,8.8,221.9,Specialty,No
MKT00460,Drug_11,Campaign_Mother26,TV,Physicians,4899497.41,805433.16,705374,4105,11.49,2026-02-26,2026-08-14,959932,20.6,34.2,Generic,Yes
MKT00461,Drug_24,Campaign_Machine18,Print,Payers,4453708.1,3148506.85,309134,83044,7.74,2026-07-15,2026-08-14,1214650,15.7,18.7,Specialty,No
MKT00462,Drug_8,Campaign_Work62,Direct Mail,Physicians,1815841.53,3413323.8,33627,47881,4.01,2026-06-03,2026-08-14,57446,14.5,37.5,Specialty,Yes
MKT00463,Drug_22,Campaign_Account98,TV,Payers,4321728.77,4314240.15,4145966,84605,11.67,2025-12-20,2026-08-14,341989,18.8,250.8,Generic,No
MKT00464,Drug_44,Campaign_You73,Digital,Patients,4487550.93,1139109.15,3531374,73000,12.37,2025-10-19,2026-08-14,1298724,2.0,158.0,Branded,Yes
MKT00465,Drug_16,Campaign_Firm57,Digital,Payers,190080.68,2082248.8,774531,42791,14.69,2026-04-20,2026-08-14,267535,23.7,125.7,OTC,No
MKT00466,Drug_35,Campaign_Cause21,Conference,Hospitals,4381052.22,4661865.01,3598746,22480,16.02,2026-05-01,2026-08-14,302669,5.6,223.9,Specialty,No
MKT00467,Drug_50,Campaign_Buy40,Digital,Patients,2171890.59,2057272.62,3477409,90839,3.24,2025-10-20,2026-08-14,1931258,3.0,19.7,Generic,No
MKT00468,Drug_8,Campaign_Blue43,Direct Mail,Pharmacists,4058606.39,2208692.64,11505,96413,12.93,2025-10-14,2026-08-14,1806009,9.1,-18.0,Branded,No
MKT00469,Drug_19,Campaign_Perhaps62,Direct Mail,Patients,564708.32,1388504.74,678663,30841,15.85,2025-12-18,2026-08-14,30325,17.9,79.5,Generic,No
MKT00470,Drug_20,Campaign_Magazine20,TV,Patients,869213.18,4181210.66,4295973,30227,8.39,2026-06-29,2026-08-14,1999114,6.6,59.6,Generic,No
MKT00471,Drug_31,Campaign_Suffer32,Direct Mail,Pharmacists,4894092.86,1758156.93,2625609,368,6.24,2025-08-21,2026-08-14,610105,2.2,78.3,Branded,No
MKT00472,Drug_19,Campaign_Remain8,Direct Mail,Patients,2086740.77,3052418.18,1064675,61498,10.11,2025-08-26,2026-08-14,1643331,2.4,291.5,Specialty,Yes
MKT00473,Drug_17,Campaign_Up70,TV,Patients,3994292.13,880563.8,1185343,84676,6.89,2026-04-23,2026-08-14,1603706,7.2,161.7,OTC,No
MKT00474,Drug_14,Campaign_Difference89,Conference,Pharmacists,3753718.11,2957486.19,1587295,65133,10.69,2026-06-22,2026-08-14,333888,4.2,168.5,Specialty,No
MKT00475,Drug_1,Campaign_Continue35,Direct Mail,Pharmacists,3932385.86,4483362.63,2062358,23925,6.86,2026-08-11,2026-08-14,1697590,9.9,189.8,Branded,No
MKT00476,Drug_48,Campaign_Visit81,Direct Mail,Hospitals,3825465.68,3729907.08,4281301,57498,9.03,2025-08-31,2026-08-14,697559,5.2,107.3,Specialty,No
MKT00477,Drug_41,Campaign_Yeah70,Print,Patients,4570658.3,329584.96,4959696,88062,18.39,2025-09-30,2026-08-14,1616728,9.3,293.3,Branded,Yes
MKT00478,Drug_37,Campaign_Improve16,Conference,Patients,2967008.51,3044856.05,2499305,94107,18.42,2025-10-18,2026-08-14,1947498,11.7,291.4,OTC,Yes
MKT00479,Drug_26,Campaign_Decide3,TV,Patients,2133019.46,2683838.02,4995563,72347,19.85,2026-06-27,2026-08-14,323390,18.8,226.2,Specialty,No
MKT00480,Drug_14,Campaign_House6,Print,Hospitals,4626897.05,1628465.02,1175421,28308,10.24,2026-07-10,2026-08-14,1540505,6.5,47.7,OTC,Yes
MKT00481,Drug_20,Campaign_Effect14,Webinar,Patients,1791194.54,4045758.63,525554,62029,4.19,2026-02-27,2026-08-14,1878740,12.4,261.7,Branded,Yes
MKT00482,Drug_42,Campaign_Give70,Print,Pharmacists,3157186.96,3801238.47,3910642,42853,17.89,2026-04-26,2026-08-14,831091,20.6,12.3,Specialty,Yes
MKT00483,Drug_33,Campaign_Ago38,Conference,Pharmacists,4277538.18,3115066.24,3374069,24607,12.34,2026-06-29,2026-08-14,75847,24.7,181.6,Branded,Yes
MKT00484,Drug_3,Campaign_Laugh14,Direct Mail,Pharmacists,4580926.87,3573351.57,3963458,22711,15.21,2026-08-07,2026-08-14,954330,14.4,126.3,Generic,Yes
MKT00485,Drug_30,Campaign_Heavy66,TV,Pharmacists,4747656.3,931213.89,4486600,84361,4.09,2025-10-27,2026-08-14,287901,11.4,-7.5,Specialty,No
MKT00486,Drug_40,Campaign_Teach54,Conference,Payers,3303064.36,4418152.28,2368830,81126,7.07,2025-10-26,2026-08-14,1646281,16.2,269.3,Specialty,No
MKT00487,Drug_32,Campaign_Meeting19,Print,Pharmacists,3603799.83,3208214.55,2291760,41023,6.23,2025-10-19,2026-08-14,1586344,12.7,287.5,Branded,Yes
MKT00488,Drug_4,Campaign_Begin1,Digital,Hospitals,2492628.28,2248184.13,529017,57910,11.64,2026-07-04,2026-08-14,413809,5.0,270.4,Branded,No
MKT00489,Drug_23,Campaign_Ago29,TV,Payers,1431613.53,930954.14,2682916,63454,19.95,2025-12-14,2026-08-14,1432921,12.0,41.6,Branded,Yes
MKT00490,Drug_1,Campaign_Quickly4,Digital,Patients,90735.83,3278850.31,2836434,60943,12.63,2026-02-04,2026-08-14,877314,24.5,86.6,Generic,No
MKT00491,Drug_40,Campaign_Clear30,Webinar,Pharmacists,1117983.27,468758.05,984319,68066,11.88,2026-08-06,2026-08-14,1239603,16.4,285.8,Branded,No
MKT00492,Drug_30,Campaign_Future55,Webinar,Patients,4899997.13,1538190.23,1668362,60282,15.42,2026-08-05,2026-08-14,804308,7.8,14.1,Generic,Yes
MKT00493,Drug_22,Campaign_Huge50,Direct Mail,Pharmacists,4033845.33,2756282.73,1906652,30335,7.25,2025-09-23,2026-08-14,929611,23.7,166.7,Specialty,No
MKT00494,Drug_20,Campaign_Describe19,Conference,Pharmacists,2400389.57,3103026.27,2877355,95678,5.81,2025-09-20,2026-08-14,995548,10.3,135.4,Generic,No
MKT00495,Drug_23,Campaign_Determine46,Direct Mail,Payers,1724519.62,88098.21,399971,20739,16.92,2026-02-14,2026-08-14,298824,10.4,28.6,Branded,Yes
MKT00496,Drug_7,Campaign_Especially84,Conference,Pharmacists,331078.42,47243.89,1140323,39241,19.25,2025-10-10,2026-08-14,1458987,15.8,263.7,OTC,No
MKT00497,Drug_1,Campaign_Smile37,Print,Pharmacists,60582.96,539458.21,578990,7471,9.01,2026-04-03,2026-08-14,180604,14.7,22.9,Generic,No
MKT00498,Drug_23,Campaign_Physical29,Direct Mail,Physicians,3777752.27,3689137.67,336033,96887,1.78,2026-05-17,2026-08-14,1699963,8.0,169.7,OTC,No
MKT00499,Drug_47,Campaign_Check88,Digital,Hospitals,4928011.1,2724256.56,4087244,92649,4.4,2025-08-24,2026-08-14,1449592,12.2,81.8,Generic,Yes
MKT00500,Drug_12,Campaign_Who50,Print,Hospitals,1276606.27,2922344.5,2082377,18278,17.28,2025-09-12,2026-08-14,498779,9.0,113.8,Specialty,No
