inventory_id,drug_name,batch_number,warehouse_location,drug_type,quantity_in_stock,reorder_level,safety_stock,reorder_quantity,supplier,lead_time_days,storage_cost_per_unit,expiry_date,manufacturing_date,batch_quality_score,shipping_method,holding_days,stockout_risk
INV000001,Drug_54,BATCH-6631-A,WH-A,Liquid,51324,2894,1083,9199,Supplier_19,39,4.17,2027-05-22,2026-01-06,88.5,Sea,54,Medium
INV000002,Drug_71,BATCH-1752-B,WH-G,Capsule,31952,2569,864,10173,Supplier_2,36,0.77,2027-01-17,2025-03-29,94.9,Air,57,Low
INV000003,Drug_61,BATCH-8529-A,WH-J,Cream,11032,3776,440,12055,Supplier_13,21,3.16,2026-11-04,2024-09-27,86.7,Express,50,Low
INV000004,Drug_69,BATCH-3035-C,WH-G,Liquid,88645,1937,732,19784,Supplier_11,20,0.08,2028-05-19,2026-06-11,90.8,Express,56,Medium
INV000005,Drug_28,BATCH-8230-H,WH-H,Tablet,64302,1373,371,6757,Supplier_2,36,4.24,2028-10-07,2024-11-14,94.4,Land,128,Low
INV000006,Drug_32,BATCH-1011-G,WH-F,Inhaler,33683,3859,2109,9271,Supplier_1,26,3.62,2027-02-05,2024-10-05,89.4,Sea,161,High
INV000007,Drug_77,BATCH-4314-C,WH-H,Injectable,47378,3797,1748,5288,Supplier_3,47,2.66,2028-11-13,2026-05-13,86.0,Land,9,Low
INV000008,Drug_11,BATCH-5945-C,WH-A,Liquid,93630,2181,873,16584,Supplier_12,31,3.66,2028-03-08,2026-02-13,86.2,Air,78,Medium
INV000009,Drug_68,BATCH-5489-B,WH-A,Liquid,29965,2474,559,16750,Supplier_7,1,0.48,2026-12-21,2025-06-23,86.9,Sea,99,Medium
INV000010,Drug_58,BATCH-6905-E,WH-I,Injectable,12389,3434,1754,2263,Supplier_1,38,2.65,2029-01-22,2024-09-01,97.5,Land,79,Medium
INV000011,Drug_68,BATCH-2350-F,WH-D,Tablet,93929,2301,1926,8503,Supplier_9,14,1.46,2028-11-12,2026-01-18,94.9,Land,172,Medium
INV000012,Drug_47,BATCH-3711-A,WH-C,Capsule,70370,1058,688,11831,Supplier_18,26,4.86,2027-06-26,2024-10-03,86.0,Air,120,High
INV000013,Drug_10,BATCH-7493-E,WH-F,Capsule,85649,1367,1066,1325,Supplier_20,46,4.29,2026-11-05,2025-11-13,90.9,Sea,134,High
INV000014,Drug_73,BATCH-4836-G,WH-J,Inhaler,35621,3266,51,2841,Supplier_6,42,3.67,2028-09-03,2026-01-29,89.2,Express,72,High
INV000015,Drug_15,BATCH-2494-B,WH-I,Liquid,6605,4684,1077,18013,Supplier_9,7,4.67,2027-01-21,2024-10-16,93.7,Land,84,High
INV000016,Drug_8,BATCH-1017-D,WH-J,Injectable,44427,66,1699,10435,Supplier_8,55,1.74,2028-06-17,2025-06-24,92.8,Express,109,Medium
INV000017,Drug_71,BATCH-8812-B,WH-D,Cream,65619,4720,1683,12994,Supplier_18,56,4.51,2026-11-18,2024-09-08,92.2,Express,73,Medium
INV000018,Drug_65,BATCH-3174-D,WH-I,Tablet,70321,1852,664,18218,Supplier_15,55,1.63,2028-01-29,2024-10-09,89.7,Land,167,Low
INV000019,Drug_26,BATCH-9510-H,WH-E,Capsule,18509,2673,1766,9062,Supplier_1,54,3.67,2026-09-07,2026-04-17,87.1,Sea,146,Low
INV000020,Drug_74,BATCH-1152-A,WH-G,Tablet,19617,179,66,3311,Supplier_14,12,3.68,2028-09-12,2026-07-03,96.1,Land,147,Low
INV000021,Drug_69,BATCH-6629-B,WH-C,Tablet,44633,1523,1739,1890,Supplier_18,24,0.1,2029-05-02,2025-04-14,98.2,Air,138,Low
INV000022,Drug_20,BATCH-7919-C,WH-C,Inhaler,30575,999,2285,15940,Supplier_19,19,1.81,2027-03-10,2025-03-16,99.2,Sea,20,Low
INV000023,Drug_22,BATCH-8826-B,WH-C,Tablet,15427,4046,2011,15294,Supplier_19,9,0.11,2029-02-24,2026-05-16,85.9,Land,91,Low
INV000024,Drug_42,BATCH-4751-G,WH-H,Injectable,55444,1118,726,16075,Supplier_10,35,4.99,2029-07-06,2025-05-24,96.1,Land,128,High
INV000025,Drug_67,BATCH-2463-B,WH-F,Inhaler,3771,4361,1479,9356,Supplier_20,4,0.62,2028-09-20,2025-08-09,95.9,Sea,178,High
INV000026,Drug_57,BATCH-2690-F,WH-I,Injectable,70577,1673,2152,16864,Supplier_6,45,2.72,2027-03-09,2025-08-03,99.2,Land,144,Low
INV000027,Drug_15,BATCH-7022-E,WH-I,Inhaler,92008,2945,1276,4646,Supplier_17,42,3.95,2027-06-08,2024-12-07,88.8,Land,45,Low
INV000028,Drug_27,BATCH-3246-G,WH-H,Injectable,78102,2786,2496,10358,Supplier_14,32,1.01,2028-01-02,2024-09-24,96.1,Air,123,High
INV000029,Drug_75,BATCH-3181-C,WH-A,Inhaler,50856,2362,2021,3008,Supplier_13,46,2.43,2028-08-12,2025-03-04,85.8,Sea,23,High
INV000030,Drug_63,BATCH-2120-A,WH-F,Inhaler,83922,1996,943,5602,Supplier_8,6,3.04,2027-10-24,2024-12-30,94.5,Sea,80,High
INV000031,Drug_12,BATCH-3688-H,WH-D,Liquid,45059,666,189,2164,Supplier_10,28,0.81,2028-03-25,2025-05-06,90.3,Sea,113,High
INV000032,Drug_66,BATCH-6753-D,WH-D,Injectable,70224,1919,1474,17406,Supplier_9,28,3.89,2027-06-16,2025-07-11,96.5,Land,123,High
INV000033,Drug_58,BATCH-3480-G,WH-C,Liquid,28180,350,1090,9829,Supplier_5,40,1.5,2028-07-28,2026-04-29,97.9,Land,117,Low
INV000034,Drug_8,BATCH-8248-D,WH-I,Inhaler,24644,1034,1845,2261,Supplier_4,51,1.06,2028-10-19,2025-10-22,90.5,Land,6,Low
INV000035,Drug_59,BATCH-2420-B,WH-B,Capsule,76447,3741,2488,4065,Supplier_6,29,2.8,2029-01-29,2024-08-30,92.9,Air,24,Medium
INV000036,Drug_17,BATCH-3293-B,WH-A,Inhaler,18833,4551,360,4494,Supplier_6,42,2.06,2029-01-05,2024-10-29,86.8,Air,123,Low
INV000037,Drug_66,BATCH-7291-F,WH-J,Capsule,54311,3476,1949,14371,Supplier_13,54,4.6,2027-06-05,2025-05-12,91.3,Sea,99,High
INV000038,Drug_54,BATCH-8035-F,WH-C,Capsule,40796,210,905,13165,Supplier_4,5,4.4,2028-10-07,2025-05-20,90.4,Sea,141,Medium
INV000039,Drug_59,BATCH-3290-D,WH-D,Capsule,48193,75,1478,12428,Supplier_8,5,2.42,2029-05-18,2025-08-31,87.7,Air,25,Medium
INV000040,Drug_73,BATCH-5537-B,WH-D,Capsule,47142,132,996,15851,Supplier_5,37,1.8,2029-02-19,2025-09-15,98.4,Land,12,Low
INV000041,Drug_8,BATCH-5065-E,WH-F,Injectable,53616,222,54,16661,Supplier_2,41,1.63,2028-12-06,2025-03-23,87.2,Air,171,Medium
INV000042,Drug_72,BATCH-1439-E,WH-A,Cream,95695,1048,1565,2359,Supplier_9,55,1.35,2027-04-04,2024-09-20,94.5,Land,169,Medium
INV000043,Drug_60,BATCH-4366-D,WH-A,Injectable,37587,3191,599,13022,Supplier_11,28,2.73,2027-07-26,2026-03-13,98.4,Land,33,High
INV000044,Drug_40,BATCH-7418-E,WH-B,Cream,40949,2932,245,3387,Supplier_20,41,4.03,2029-01-28,2026-05-22,98.7,Land,39,Low
INV000045,Drug_3,BATCH-1894-D,WH-D,Injectable,14650,4151,851,7335,Supplier_20,47,1.56,2027-04-13,2025-12-28,96.9,Air,42,High
INV000046,Drug_51,BATCH-9108-G,WH-G,Capsule,76500,2893,2038,13708,Supplier_11,9,0.96,2029-01-30,2024-08-30,87.6,Express,94,High
INV000047,Drug_33,BATCH-2847-D,WH-F,Tablet,91030,4670,1542,989,Supplier_7,29,2.38,2027-01-30,2026-03-24,97.3,Express,167,Medium
INV000048,Drug_1,BATCH-9185-B,WH-I,Inhaler,84697,2160,778,18147,Supplier_14,14,0.35,2028-07-26,2026-03-05,89.1,Sea,72,Medium
INV000049,Drug_28,BATCH-9655-A,WH-G,Cream,49799,3134,1301,1522,Supplier_6,38,3.51,2027-01-12,2026-07-10,98.8,Land,135,Medium
INV000050,Drug_75,BATCH-6916-F,WH-E,Tablet,78260,2095,1612,13587,Supplier_4,54,2.6,2028-05-02,2025-05-24,95.6,Express,113,Low
INV000051,Drug_10,BATCH-3162-G,WH-F,Capsule,90570,810,1045,6873,Supplier_6,52,2.49,2027-04-08,2025-11-12,96.8,Land,115,Low
INV000052,Drug_6,BATCH-7895-F,WH-J,Cream,68997,254,1513,18086,Supplier_3,40,1.51,2029-05-02,2025-08-21,86.3,Sea,16,High
INV000053,Drug_55,BATCH-9951-C,WH-I,Tablet,13807,3152,1986,7316,Supplier_6,34,4.52,2028-08-02,2026-04-15,93.7,Land,36,Medium
INV000054,Drug_45,BATCH-8717-B,WH-A,Injectable,2024,2085,1887,18243,Supplier_3,37,0.46,2028-09-06,2026-04-28,97.3,Land,179,Low
INV000055,Drug_9,BATCH-1273-B,WH-I,Capsule,95123,1602,462,9707,Supplier_1,49,4.35,2028-05-17,2026-04-21,97.9,Land,67,Medium
INV000056,Drug_70,BATCH-1225-E,WH-F,Injectable,78283,874,503,3262,Supplier_18,42,1.89,2027-12-24,2024-12-08,85.4,Express,158,Low
INV000057,Drug_8,BATCH-4534-A,WH-D,Injectable,97370,3006,807,19646,Supplier_4,14,4.4,2027-07-22,2026-05-02,99.1,Land,47,Low
INV000058,Drug_9,BATCH-1990-G,WH-E,Capsule,29118,3798,1032,18654,Supplier_6,18,3.65,2028-09-26,2025-04-18,85.7,Sea,111,Medium
INV000059,Drug_61,BATCH-9300-E,WH-A,Cream,87263,2495,96,11068,Supplier_17,33,0.53,2027-07-27,2025-03-15,94.2,Land,176,Low
INV000060,Drug_5,BATCH-9209-G,WH-G,Inhaler,21131,3946,606,2753,Supplier_18,54,4.16,2027-09-04,2025-04-03,95.4,Land,42,Low
INV000061,Drug_37,BATCH-7939-G,WH-H,Liquid,65264,888,244,17628,Supplier_6,34,3.41,2028-12-07,2025-10-21,86.6,Air,33,Low
INV000062,Drug_53,BATCH-2350-C,WH-E,Liquid,68337,4745,1052,10179,Supplier_2,28,0.17,2027-04-25,2026-07-18,85.7,Sea,59,Medium
INV000063,Drug_24,BATCH-5546-B,WH-B,Inhaler,49673,3733,314,6157,Supplier_12,36,0.68,2028-05-13,2025-02-03,96.8,Express,56,Low
INV000064,Drug_18,BATCH-6077-B,WH-H,Capsule,16819,2011,404,11927,Supplier_12,45,3.18,2028-02-20,2024-09-19,90.8,Land,119,Low
INV000065,Drug_54,BATCH-9377-D,WH-J,Liquid,9818,987,1403,4778,Supplier_4,48,3.32,2028-04-04,2026-05-30,86.6,Sea,23,Low
INV000066,Drug_48,BATCH-3545-F,WH-G,Inhaler,156,2981,1983,5821,Supplier_16,37,3.74,2029-04-17,2024-08-15,96.4,Air,39,Low
INV000067,Drug_49,BATCH-7401-B,WH-J,Tablet,15452,474,2152,2166,Supplier_20,23,3.6,2028-08-11,2026-02-02,97.7,Land,52,Low
INV000068,Drug_58,BATCH-6081-G,WH-I,Inhaler,47920,3360,90,10748,Supplier_10,42,3.3,2029-05-26,2025-02-17,93.8,Land,114,Low
INV000069,Drug_49,BATCH-4909-A,WH-D,Cream,68783,3101,2208,14064,Supplier_10,17,3.83,2027-11-13,2025-11-12,87.4,Sea,35,Low
INV000070,Drug_49,BATCH-5005-B,WH-I,Inhaler,69173,2955,423,18834,Supplier_7,11,2.88,2027-02-12,2025-08-01,85.2,Land,7,High
INV000071,Drug_11,BATCH-8118-B,WH-D,Injectable,88448,2187,371,11879,Supplier_14,32,1.31,2028-12-18,2025-10-07,95.5,Air,167,Low
INV000072,Drug_70,BATCH-8428-A,WH-C,Injectable,821,4096,2009,15175,Supplier_7,37,4.56,2029-02-23,2026-05-14,93.3,Air,92,Low
INV000073,Drug_18,BATCH-6067-C,WH-C,Capsule,82405,3260,2131,14367,Supplier_12,15,0.1,2027-11-27,2025-11-30,94.8,Land,56,Low
INV000074,Drug_45,BATCH-2956-A,WH-J,Injectable,52069,2744,802,2214,Supplier_11,4,1.84,2028-10-14,2025-09-23,97.2,Air,75,Low
INV000075,Drug_16,BATCH-3248-A,WH-B,Tablet,40294,3645,1928,4824,Supplier_17,39,3.65,2028-07-24,2026-05-17,91.5,Express,55,Medium
INV000076,Drug_23,BATCH-3684-H,WH-J,Inhaler,46656,1317,103,6068,Supplier_11,30,2.14,2029-07-14,2025-06-16,86.9,Air,60,Low
INV000077,Drug_69,BATCH-6680-E,WH-C,Tablet,46875,3626,1606,14826,Supplier_3,10,0.13,2027-03-03,2024-09-02,99.1,Land,103,Low
INV000078,Drug_51,BATCH-3735-F,WH-H,Capsule,79982,471,1803,1004,Supplier_19,23,0.34,2026-11-27,2025-09-09,93.2,Sea,25,Low
INV000079,Drug_68,BATCH-3079-E,WH-H,Injectable,39983,3316,2187,17918,Supplier_4,24,3.25,2028-04-08,2026-03-07,94.2,Sea,133,Medium
INV000080,Drug_17,BATCH-2934-A,WH-B,Liquid,11011,1707,1010,867,Supplier_8,36,4.82,2029-06-04,2026-01-21,99.0,Land,112,Low
INV000081,Drug_29,BATCH-6488-G,WH-B,Inhaler,65895,2150,1510,584,Supplier_14,52,2.76,2028-10-26,2025-10-14,99.0,Land,57,Medium
INV000082,Drug_1,BATCH-5456-B,WH-B,Liquid,20972,3989,1674,11516,Supplier_20,58,2.54,2026-12-03,2026-03-22,93.6,Land,10,Low
INV000083,Drug_3,BATCH-5308-B,WH-J,Cream,74427,734,2198,19838,Supplier_14,5,1.6,2028-01-27,2026-06-09,89.5,Land,86,Low
INV000084,Drug_39,BATCH-9128-H,WH-G,Capsule,73172,2276,1650,3640,Supplier_16,37,1.29,2027-11-14,2025-04-22,100.0,Land,83,Medium
INV000085,Drug_60,BATCH-9368-F,WH-F,Cream,86068,4438,989,19332,Supplier_15,43,0.11,2029-07-30,2025-05-10,95.2,Land,51,Medium
INV000086,Drug_70,BATCH-1908-H,WH-A,Liquid,98386,2472,853,16596,Supplier_12,19,1.37,2029-08-06,2025-07-14,91.1,Land,100,Medium
INV000087,Drug_55,BATCH-3734-F,WH-B,Liquid,44637,1127,1222,7926,Supplier_16,37,2.25,2028-03-05,2026-05-15,93.4,Land,110,Low
INV000088,Drug_69,BATCH-3577-E,WH-A,Liquid,85177,4035,1743,11399,Supplier_20,53,1.0,2028-04-24,2025-10-31,91.2,Land,86,Medium
INV000089,Drug_49,BATCH-2685-B,WH-G,Cream,16960,3890,2457,5603,Supplier_19,8,0.45,2026-09-10,2024-11-12,98.3,Express,35,Low
INV000090,Drug_30,BATCH-4742-A,WH-F,Capsule,70919,3366,1253,6351,Supplier_5,7,3.59,2026-12-04,2026-02-14,92.2,Sea,161,Medium
INV000091,Drug_32,BATCH-1721-A,WH-B,Inhaler,30843,2893,2435,12559,Supplier_12,40,4.47,2028-05-07,2025-06-19,97.4,Land,147,Medium
INV000092,Drug_59,BATCH-5006-A,WH-B,Inhaler,42659,3489,1865,15427,Supplier_5,13,4.68,2029-05-28,2026-03-22,97.6,Air,62,Low
INV000093,Drug_45,BATCH-8729-F,WH-B,Tablet,73041,4161,522,10257,Supplier_10,37,3.09,2029-01-17,2026-02-23,97.4,Sea,27,Medium
INV000094,Drug_20,BATCH-7274-C,WH-H,Tablet,96817,4321,561,300,Supplier_17,27,0.27,2028-10-20,2026-05-18,95.8,Land,170,Medium
INV000095,Drug_36,BATCH-3932-A,WH-G,Liquid,32305,1953,2088,5178,Supplier_15,18,3.71,2027-07-19,2025-04-08,97.8,Express,45,Low
INV000096,Drug_25,BATCH-7870-D,WH-A,Capsule,90044,4274,1189,9704,Supplier_8,24,0.56,2027-04-15,2025-07-23,90.8,Land,19,High
INV000097,Drug_15,BATCH-6272-D,WH-D,Capsule,17745,3344,1996,11188,Supplier_8,41,3.35,2028-01-24,2026-07-24,86.7,Land,91,High
INV000098,Drug_5,BATCH-7819-F,WH-D,Injectable,71959,475,324,14731,Supplier_8,2,3.9,2028-02-29,2024-08-14,97.6,Air,7,Low
INV000099,Drug_54,BATCH-5444-B,WH-G,Injectable,71573,2451,2411,6734,Supplier_10,16,3.63,2028-12-11,2025-03-07,92.5,Land,5,High
INV000100,Drug_79,BATCH-7108-B,WH-B,Cream,50834,799,327,17033,Supplier_20,14,4.76,2028-06-04,2025-11-08,86.9,Express,79,Low
INV000101,Drug_3,BATCH-9225-A,WH-D,Injectable,30531,4889,616,11831,Supplier_13,17,3.69,2028-02-14,2025-04-05,86.7,Sea,143,Medium
INV000102,Drug_31,BATCH-3938-D,WH-A,Inhaler,61014,4624,100,11893,Supplier_16,6,3.47,2028-07-12,2025-01-06,87.4,Air,80,High
INV000103,Drug_27,BATCH-9450-A,WH-D,Inhaler,17982,93,938,3367,Supplier_9,35,1.32,2027-03-27,2026-06-16,96.3,Land,8,Medium
INV000104,Drug_9,BATCH-7568-B,WH-A,Cream,90960,1609,804,5580,Supplier_16,17,4.62,2028-09-19,2025-05-02,95.7,Land,29,Low
INV000105,Drug_13,BATCH-8620-E,WH-B,Tablet,78639,4244,945,14023,Supplier_10,45,0.91,2028-10-03,2025-09-01,88.1,Land,175,High
INV000106,Drug_77,BATCH-6090-F,WH-B,Liquid,43446,3518,1548,11829,Supplier_3,38,4.53,2026-11-03,2026-01-23,97.7,Land,98,Low
INV000107,Drug_5,BATCH-2415-H,WH-J,Capsule,90742,4001,1774,4056,Supplier_14,40,1.57,2026-10-01,2025-02-17,89.2,Land,172,Low
INV000108,Drug_58,BATCH-1130-F,WH-C,Tablet,13079,4316,2060,1275,Supplier_13,57,0.66,2029-06-16,2026-07-23,96.9,Sea,100,Low
INV000109,Drug_77,BATCH-4287-E,WH-H,Inhaler,44928,197,2438,15955,Supplier_4,6,4.14,2028-05-15,2024-10-28,92.3,Land,112,High
INV000110,Drug_7,BATCH-5979-D,WH-F,Tablet,7328,2220,1030,11114,Supplier_4,48,0.02,2027-02-15,2025-06-01,96.0,Air,103,High
INV000111,Drug_32,BATCH-8600-F,WH-F,Cream,74936,161,1726,901,Supplier_6,38,4.16,2026-10-04,2025-10-06,90.7,Sea,99,Low
INV000112,Drug_6,BATCH-9083-D,WH-I,Liquid,74317,4213,2468,3548,Supplier_19,49,1.32,2028-10-26,2025-01-04,90.2,Land,104,High
INV000113,Drug_52,BATCH-9954-D,WH-H,Inhaler,73903,877,828,8385,Supplier_11,21,4.42,2029-03-28,2026-01-18,97.6,Express,95,Low
INV000114,Drug_57,BATCH-3466-A,WH-B,Cream,71008,1802,1076,7036,Supplier_8,35,3.46,2027-11-28,2025-01-23,85.5,Land,48,High
INV000115,Drug_30,BATCH-7718-A,WH-F,Tablet,39018,2989,896,13504,Supplier_14,23,3.33,2029-01-06,2025-10-14,99.6,Land,132,Medium
INV000116,Drug_70,BATCH-4817-F,WH-A,Capsule,11020,3778,139,10838,Supplier_8,12,1.83,2027-03-09,2024-11-28,94.7,Sea,27,Low
INV000117,Drug_28,BATCH-1157-F,WH-I,Injectable,82492,3666,397,2449,Supplier_14,57,0.31,2028-11-22,2025-05-06,91.5,Air,27,Low
INV000118,Drug_8,BATCH-1023-G,WH-D,Cream,27885,3773,874,10905,Supplier_7,29,4.15,2028-09-23,2026-07-28,94.4,Sea,59,Low
INV000119,Drug_18,BATCH-6038-B,WH-D,Inhaler,82857,2327,2162,19806,Supplier_18,27,0.86,2026-09-30,2025-12-28,86.8,Express,165,Low
INV000120,Drug_65,BATCH-4361-D,WH-I,Tablet,25278,209,781,9574,Supplier_12,6,1.87,2029-06-07,2025-01-29,92.7,Express,81,Medium
INV000121,Drug_38,BATCH-7878-H,WH-C,Injectable,99590,3415,1346,8318,Supplier_14,21,3.01,2028-05-06,2024-09-03,99.8,Express,67,Low
INV000122,Drug_30,BATCH-1981-C,WH-E,Injectable,72097,2283,55,2751,Supplier_15,7,2.42,2028-07-16,2026-07-27,88.5,Air,107,High
INV000123,Drug_74,BATCH-5584-B,WH-A,Tablet,83501,1063,1877,12750,Supplier_18,43,1.0,2028-07-25,2025-10-31,95.8,Land,64,Medium
INV000124,Drug_41,BATCH-1719-D,WH-F,Liquid,14152,601,2430,2414,Supplier_12,41,0.71,2028-11-25,2025-11-10,91.5,Land,84,Medium
INV000125,Drug_74,BATCH-9515-G,WH-C,Tablet,96006,1225,1830,8734,Supplier_10,16,0.62,2027-11-13,2025-07-28,94.8,Land,99,Low
INV000126,Drug_77,BATCH-7102-H,WH-A,Inhaler,72968,1213,2342,17301,Supplier_12,5,4.32,2029-07-09,2025-04-16,88.1,Land,73,High
INV000127,Drug_42,BATCH-2391-B,WH-J,Capsule,49483,1358,1461,2660,Supplier_8,15,0.17,2026-12-16,2025-05-23,92.1,Land,118,Medium
INV000128,Drug_31,BATCH-9280-C,WH-F,Inhaler,427,1542,2281,12128,Supplier_6,21,4.89,2027-03-27,2025-11-19,99.7,Sea,108,High
INV000129,Drug_39,BATCH-7461-B,WH-J,Injectable,88401,1291,714,3455,Supplier_19,58,1.0,2028-04-29,2024-08-26,87.9,Air,112,High
INV000130,Drug_19,BATCH-2020-G,WH-B,Capsule,70875,4581,1239,5534,Supplier_1,4,0.56,2028-01-12,2024-10-17,94.5,Sea,93,Low
INV000131,Drug_67,BATCH-3141-D,WH-H,Cream,75714,4877,481,12481,Supplier_13,5,2.89,2028-07-18,2025-06-30,93.6,Air,25,Low
INV000132,Drug_29,BATCH-5778-E,WH-B,Injectable,7138,1827,473,7030,Supplier_16,7,0.41,2028-02-21,2025-11-11,93.5,Sea,135,High
INV000133,Drug_53,BATCH-6161-G,WH-D,Liquid,8148,109,92,7954,Supplier_18,35,3.02,2027-02-15,2024-10-02,94.2,Air,14,High
INV000134,Drug_39,BATCH-6345-F,WH-C,Tablet,94307,1683,1887,7140,Supplier_12,36,4.25,2027-02-13,2024-08-14,92.5,Sea,91,Medium
INV000135,Drug_36,BATCH-8417-E,WH-I,Cream,15054,2501,1827,10922,Supplier_5,57,0.25,2027-05-26,2025-08-26,85.3,Land,174,Low
INV000136,Drug_8,BATCH-4827-B,WH-B,Inhaler,57641,385,1830,3832,Supplier_13,15,4.0,2028-06-28,2025-12-24,98.5,Express,95,Medium
INV000137,Drug_72,BATCH-4321-C,WH-C,Capsule,45571,880,898,16229,Supplier_8,28,1.98,2026-11-07,2025-06-26,97.4,Express,178,Low
INV000138,Drug_76,BATCH-2785-C,WH-G,Cream,68415,1642,491,214,Supplier_6,2,0.81,2029-02-26,2025-07-04,87.6,Sea,141,Low
INV000139,Drug_23,BATCH-2731-C,WH-D,Liquid,13325,4430,152,11781,Supplier_3,56,0.89,2028-06-15,2024-09-12,91.2,Air,127,Low
INV000140,Drug_55,BATCH-8365-H,WH-F,Tablet,98177,1009,1824,14357,Supplier_20,57,4.59,2028-10-02,2025-05-27,96.6,Air,8,Low
INV000141,Drug_72,BATCH-6145-G,WH-C,Cream,85356,4216,757,11706,Supplier_4,5,0.56,2026-09-22,2025-03-08,99.7,Express,94,Low
INV000142,Drug_64,BATCH-2978-F,WH-A,Inhaler,13631,1171,1292,8408,Supplier_12,7,4.34,2028-10-12,2025-07-12,99.3,Land,100,High
INV000143,Drug_7,BATCH-4401-H,WH-F,Capsule,70971,2273,1953,10171,Supplier_13,22,2.73,2026-10-19,2024-08-30,98.5,Air,33,High
INV000144,Drug_45,BATCH-6051-H,WH-D,Cream,9630,3866,1067,18533,Supplier_2,49,0.2,2028-03-01,2025-05-18,87.4,Express,90,High
INV000145,Drug_49,BATCH-5341-B,WH-B,Tablet,59135,1148,1444,8472,Supplier_19,31,2.33,2026-10-04,2026-02-05,98.7,Sea,51,High
INV000146,Drug_68,BATCH-2481-C,WH-G,Inhaler,24891,192,392,3279,Supplier_4,32,4.09,2027-11-29,2026-04-13,98.2,Express,81,Low
INV000147,Drug_41,BATCH-5984-A,WH-J,Cream,1749,3028,2130,8327,Supplier_13,8,3.63,2029-07-15,2026-03-04,90.7,Sea,91,High
INV000148,Drug_54,BATCH-4522-F,WH-E,Capsule,13572,1096,2120,9410,Supplier_19,41,2.45,2028-05-08,2025-01-27,90.9,Sea,35,High
INV000149,Drug_53,BATCH-3430-B,WH-F,Tablet,68498,1118,836,15214,Supplier_8,42,4.3,2027-05-04,2026-05-16,91.9,Land,55,High
INV000150,Drug_20,BATCH-5066-F,WH-F,Liquid,90821,4237,83,15846,Supplier_8,11,0.61,2027-11-20,2025-04-02,94.8,Express,173,Medium
INV000151,Drug_39,BATCH-7492-A,WH-I,Liquid,27234,3390,185,18408,Supplier_16,1,4.55,2026-09-13,2024-10-10,88.9,Express,40,Low
INV000152,Drug_49,BATCH-5896-E,WH-B,Injectable,66553,4823,127,4064,Supplier_11,47,4.23,2028-09-29,2026-03-06,85.3,Land,172,Low
INV000153,Drug_24,BATCH-3848-A,WH-F,Cream,12544,3485,870,10861,Supplier_18,40,3.54,2028-09-07,2025-11-07,87.1,Sea,99,Low
INV000154,Drug_69,BATCH-7625-H,WH-I,Capsule,41221,3829,436,19097,Supplier_4,19,4.09,2027-12-31,2025-02-23,91.6,Land,19,High
INV000155,Drug_61,BATCH-5093-B,WH-D,Cream,86157,4527,810,10522,Supplier_1,44,2.72,2028-11-23,2025-09-08,89.2,Express,82,Low
INV000156,Drug_31,BATCH-8570-B,WH-F,Tablet,38317,1015,207,6910,Supplier_1,38,3.38,2026-08-26,2025-10-24,96.5,Land,162,High
INV000157,Drug_29,BATCH-3290-B,WH-G,Injectable,22166,1229,2489,8716,Supplier_14,42,2.81,2028-02-23,2024-11-18,86.6,Land,162,Low
INV000158,Drug_39,BATCH-1195-A,WH-A,Capsule,68447,2484,2071,14586,Supplier_4,56,1.78,2027-02-20,2024-10-11,98.8,Land,159,Medium
INV000159,Drug_19,BATCH-4641-C,WH-E,Cream,36289,550,2471,13538,Supplier_11,37,2.85,2028-12-16,2025-11-13,98.4,Land,44,Low
INV000160,Drug_60,BATCH-4246-G,WH-D,Capsule,74926,4604,981,15516,Supplier_18,56,1.29,2026-12-31,2025-05-29,98.6,Land,49,Low
INV000161,Drug_8,BATCH-7098-B,WH-J,Tablet,63577,99,461,10403,Supplier_16,7,2.21,2029-07-26,2025-04-19,96.1,Land,179,Low
INV000162,Drug_72,BATCH-5240-B,WH-B,Injectable,35589,1019,2390,5088,Supplier_17,39,1.41,2028-10-05,2024-09-23,86.6,Express,94,Medium
INV000163,Drug_53,BATCH-1357-B,WH-B,Capsule,27384,1037,1864,11525,Supplier_2,55,0.62,2028-03-05,2026-08-11,91.6,Land,60,Low
INV000164,Drug_54,BATCH-4239-H,WH-B,Tablet,24798,4677,630,19288,Supplier_4,25,1.62,2028-06-25,2025-12-24,87.0,Land,58,Medium
INV000165,Drug_72,BATCH-3110-B,WH-G,Liquid,43760,1165,1495,9586,Supplier_3,54,4.26,2027-05-16,2026-03-26,99.8,Sea,89,Low
INV000166,Drug_68,BATCH-6432-B,WH-D,Capsule,19737,3982,521,15845,Supplier_15,22,1.91,2027-01-14,2026-02-25,90.0,Air,13,High
INV000167,Drug_18,BATCH-1699-H,WH-F,Injectable,48124,1529,1391,6460,Supplier_2,27,3.74,2026-09-07,2026-05-08,93.8,Express,122,Low
INV000168,Drug_50,BATCH-1829-C,WH-G,Inhaler,60505,4484,2499,11467,Supplier_19,41,0.88,2028-07-09,2026-05-28,96.7,Sea,69,Medium
INV000169,Drug_32,BATCH-8096-G,WH-I,Inhaler,61405,3174,1876,15619,Supplier_9,47,2.13,2027-02-27,2025-10-02,98.8,Express,112,Low
INV000170,Drug_33,BATCH-9128-A,WH-B,Capsule,33656,3617,1047,13286,Supplier_10,38,0.58,2028-05-25,2025-11-21,96.3,Land,133,Medium
INV000171,Drug_27,BATCH-7270-G,WH-J,Capsule,82276,1708,2312,3104,Supplier_19,48,0.7,2027-08-29,2026-02-19,95.1,Land,145,Low
INV000172,Drug_43,BATCH-3831-F,WH-I,Tablet,69661,1926,2275,11692,Supplier_5,39,3.09,2027-06-16,2025-11-29,92.0,Express,42,Medium
INV000173,Drug_11,BATCH-4517-C,WH-E,Cream,97112,2101,1797,1323,Supplier_14,15,3.04,2029-07-25,2025-04-26,94.1,Land,177,High
INV000174,Drug_58,BATCH-5505-E,WH-F,Inhaler,72377,4426,1514,13630,Supplier_10,55,1.07,2028-07-10,2025-04-12,86.4,Express,109,Low
INV000175,Drug_48,BATCH-8307-C,WH-F,Cream,3754,2865,1344,15199,Supplier_16,2,2.38,2027-10-01,2026-05-20,98.3,Air,44,Low
INV000176,Drug_12,BATCH-1567-D,WH-C,Inhaler,40528,1020,2359,18854,Supplier_6,8,4.32,2028-11-01,2025-02-02,93.2,Land,147,Medium
INV000177,Drug_69,BATCH-5835-H,WH-J,Capsule,38136,257,2145,19308,Supplier_8,44,0.88,2028-11-09,2026-08-11,85.6,Land,134,Medium
INV000178,Drug_25,BATCH-7750-H,WH-G,Injectable,44649,309,361,8321,Supplier_2,43,0.11,2028-02-13,2024-10-30,98.8,Sea,158,Low
INV000179,Drug_7,BATCH-1999-B,WH-G,Injectable,95479,4408,227,18842,Supplier_18,6,3.26,2028-10-17,2025-05-12,92.3,Land,79,Low
INV000180,Drug_35,BATCH-5583-G,WH-H,Inhaler,65455,832,255,3846,Supplier_20,20,0.28,2028-10-17,2024-09-28,98.0,Land,37,Low
INV000181,Drug_49,BATCH-3248-G,WH-E,Inhaler,62219,554,2352,13373,Supplier_8,27,4.9,2028-05-03,2025-06-11,97.9,Express,89,Low
INV000182,Drug_78,BATCH-4267-D,WH-B,Tablet,89196,1623,833,7225,Supplier_5,45,3.05,2028-03-31,2025-08-21,97.2,Sea,63,Low
INV000183,Drug_78,BATCH-9907-A,WH-C,Capsule,46357,4348,1353,12749,Supplier_17,23,2.36,2026-11-28,2026-03-08,85.9,Land,99,High
INV000184,Drug_6,BATCH-7266-F,WH-I,Capsule,16087,1809,490,15053,Supplier_16,48,2.16,2028-08-30,2026-07-21,88.7,Sea,30,Low
INV000185,Drug_10,BATCH-8859-H,WH-F,Cream,20910,3844,1222,17855,Supplier_5,40,2.87,2028-01-14,2026-03-21,98.1,Land,107,Medium
INV000186,Drug_25,BATCH-6636-F,WH-H,Tablet,20411,3640,828,9189,Supplier_17,17,0.46,2028-10-31,2026-01-03,98.5,Land,25,High
INV000187,Drug_76,BATCH-7363-E,WH-H,Liquid,54578,4190,290,11526,Supplier_4,58,4.65,2027-02-22,2025-12-12,91.9,Land,84,Low
INV000188,Drug_72,BATCH-3946-A,WH-E,Injectable,35020,1451,2319,3663,Supplier_1,13,3.13,2029-02-26,2026-05-28,91.6,Land,75,Medium
INV000189,Drug_28,BATCH-6224-D,WH-A,Injectable,8838,838,2150,14588,Supplier_6,4,0.93,2028-08-25,2025-08-05,87.6,Air,70,High
INV000190,Drug_62,BATCH-1480-E,WH-F,Capsule,73524,3379,1695,14275,Supplier_1,20,2.82,2027-01-21,2025-03-05,99.5,Air,41,Low
INV000191,Drug_27,BATCH-1959-H,WH-G,Tablet,62332,2894,2325,10747,Supplier_4,42,0.67,2027-03-05,2025-11-30,88.2,Air,18,Low
INV000192,Drug_43,BATCH-9674-F,WH-I,Liquid,5574,4035,200,5141,Supplier_2,25,0.1,2029-03-18,2026-01-23,87.9,Land,112,High
INV000193,Drug_39,BATCH-4813-C,WH-B,Injectable,59126,4062,1469,16210,Supplier_13,22,3.16,2028-04-25,2025-01-10,94.9,Express,139,High
INV000194,Drug_2,BATCH-2640-D,WH-B,Tablet,66124,2142,1620,1097,Supplier_14,52,3.25,2027-03-06,2026-04-18,88.6,Air,170,Low
INV000195,Drug_28,BATCH-4951-E,WH-J,Liquid,51074,3017,278,8444,Supplier_17,48,2.92,2029-07-04,2026-03-07,99.1,Air,177,Low
INV000196,Drug_25,BATCH-9743-A,WH-A,Inhaler,24244,1119,1568,805,Supplier_11,17,0.93,2028-07-27,2024-09-06,85.2,Land,154,Low
INV000197,Drug_16,BATCH-4594-G,WH-E,Capsule,5722,1725,927,3877,Supplier_3,40,3.02,2028-06-03,2025-01-18,85.1,Land,176,Low
INV000198,Drug_62,BATCH-6813-C,WH-B,Cream,52373,2662,2179,4747,Supplier_7,11,0.29,2026-12-02,2025-08-02,92.6,Air,85,Low
INV000199,Drug_32,BATCH-3885-D,WH-C,Injectable,97466,4446,1219,8852,Supplier_10,25,3.05,2028-05-08,2024-10-30,92.3,Sea,84,Medium
INV000200,Drug_78,BATCH-6210-F,WH-B,Injectable,39314,337,2130,17358,Supplier_11,5,2.77,2027-01-28,2026-02-10,87.5,Sea,107,High
INV000201,Drug_27,BATCH-1462-F,WH-D,Liquid,93284,835,1385,5456,Supplier_10,21,3.28,2027-12-27,2025-11-17,92.4,Sea,39,Low
INV000202,Drug_51,BATCH-3328-D,WH-C,Cream,98333,2366,108,16533,Supplier_8,26,4.48,2027-12-06,2025-07-20,91.2,Sea,106,High
INV000203,Drug_31,BATCH-9064-E,WH-I,Inhaler,58093,2888,1165,14930,Supplier_5,16,4.25,2027-04-05,2025-09-10,98.4,Sea,135,Low
INV000204,Drug_71,BATCH-3876-H,WH-J,Tablet,25323,3687,736,5356,Supplier_2,56,4.9,2028-02-05,2025-12-26,85.1,Land,122,Low
INV000205,Drug_42,BATCH-1621-B,WH-B,Capsule,21965,2678,1582,5973,Supplier_15,40,4.88,2027-02-05,2025-08-13,99.6,Land,99,Medium
INV000206,Drug_37,BATCH-1920-D,WH-G,Tablet,74208,1315,1786,11086,Supplier_16,21,3.86,2026-12-23,2025-03-01,94.4,Air,59,Low
INV000207,Drug_49,BATCH-4584-A,WH-C,Liquid,63749,3033,1965,16130,Supplier_4,48,4.78,2026-09-07,2025-07-29,87.3,Land,13,Low
INV000208,Drug_60,BATCH-9625-H,WH-J,Injectable,43126,3065,1831,3718,Supplier_16,32,4.34,2028-10-30,2024-08-20,85.7,Land,73,High
INV000209,Drug_69,BATCH-1011-F,WH-H,Inhaler,89137,120,925,6975,Supplier_12,4,3.64,2026-08-19,2026-07-20,93.1,Express,32,Low
INV000210,Drug_46,BATCH-4300-C,WH-D,Injectable,59307,4980,681,5578,Supplier_14,38,0.39,2028-05-03,2024-09-24,88.5,Sea,147,Medium
INV000211,Drug_40,BATCH-6582-C,WH-D,Tablet,26966,2510,683,13834,Supplier_12,58,0.25,2028-11-24,2024-10-06,89.5,Land,117,Low
INV000212,Drug_34,BATCH-6301-A,WH-I,Inhaler,12516,661,875,6873,Supplier_16,53,4.19,2028-06-24,2025-12-14,88.7,Land,35,Low
INV000213,Drug_47,BATCH-1359-C,WH-C,Capsule,25875,3573,2338,6644,Supplier_16,8,2.45,2026-09-09,2026-07-02,94.8,Sea,63,Medium
INV000214,Drug_66,BATCH-3320-B,WH-G,Liquid,29180,3752,165,14376,Supplier_12,9,4.07,2028-10-11,2024-09-11,93.3,Express,86,High
INV000215,Drug_64,BATCH-9622-F,WH-A,Capsule,70523,2626,2478,9579,Supplier_2,45,1.57,2026-11-12,2025-09-10,86.2,Land,58,Low
INV000216,Drug_60,BATCH-2188-F,WH-G,Liquid,19474,240,2365,3927,Supplier_14,17,1.99,2026-11-27,2025-12-15,92.9,Land,179,Medium
INV000217,Drug_13,BATCH-7481-B,WH-J,Capsule,58551,1797,1954,14425,Supplier_11,41,3.5,2028-06-03,2024-10-16,96.9,Air,46,High
INV000218,Drug_61,BATCH-6514-E,WH-B,Tablet,52699,2175,1079,18573,Supplier_9,13,4.58,2028-02-22,2026-03-01,86.2,Sea,27,Medium
INV000219,Drug_41,BATCH-6285-C,WH-F,Cream,82241,1678,2427,15668,Supplier_7,9,0.45,2028-02-13,2024-12-07,98.3,Land,113,Low
INV000220,Drug_27,BATCH-3580-G,WH-I,Inhaler,15784,3422,2277,4545,Supplier_12,6,4.31,2028-02-12,2025-04-23,93.7,Sea,90,Medium
INV000221,Drug_48,BATCH-8982-F,WH-F,Liquid,24102,3046,1526,8374,Supplier_17,27,3.97,2027-11-04,2024-10-26,99.3,Land,69,Medium
INV000222,Drug_41,BATCH-3854-F,WH-C,Tablet,91651,66,2363,13252,Supplier_9,42,1.58,2028-01-24,2024-10-30,87.2,Sea,93,Medium
INV000223,Drug_53,BATCH-4657-C,WH-A,Injectable,23072,4960,135,19298,Supplier_6,37,1.78,2029-02-14,2026-01-17,99.9,Land,58,Low
INV000224,Drug_6,BATCH-7199-E,WH-D,Injectable,66253,1647,1116,7246,Supplier_12,39,0.24,2026-09-30,2025-08-18,94.7,Land,122,Low
INV000225,Drug_73,BATCH-5825-C,WH-D,Capsule,46504,1116,1743,4386,Supplier_20,43,0.09,2029-01-08,2025-11-05,93.5,Air,109,Medium
INV000226,Drug_29,BATCH-3911-A,WH-H,Injectable,6409,3189,2445,16922,Supplier_10,24,2.39,2026-09-15,2026-05-28,92.7,Land,15,Low
INV000227,Drug_19,BATCH-7415-A,WH-J,Cream,84775,3501,220,10053,Supplier_9,9,0.49,2026-12-08,2024-12-02,85.4,Land,67,Medium
INV000228,Drug_3,BATCH-3983-F,WH-J,Liquid,68426,2309,150,6168,Supplier_12,57,0.98,2029-07-17,2025-09-13,99.1,Sea,26,High
INV000229,Drug_34,BATCH-4619-B,WH-G,Capsule,7926,2300,286,12656,Supplier_1,42,4.24,2027-01-11,2025-09-20,94.7,Air,121,High
INV000230,Drug_71,BATCH-9129-C,WH-J,Liquid,12234,2823,948,15698,Supplier_2,11,2.86,2028-08-20,2025-09-19,86.4,Sea,168,Low
INV000231,Drug_75,BATCH-6425-B,WH-G,Liquid,19793,4254,1846,7884,Supplier_19,35,3.17,2028-05-18,2026-04-02,85.3,Sea,62,Low
INV000232,Drug_75,BATCH-4899-F,WH-G,Tablet,4154,333,2227,15743,Supplier_1,29,0.95,2029-03-31,2026-05-07,85.8,Express,24,Medium
INV000233,Drug_54,BATCH-6234-C,WH-B,Injectable,16190,3038,1629,8561,Supplier_16,8,4.15,2027-10-19,2025-05-15,94.1,Land,148,Medium
INV000234,Drug_38,BATCH-2453-F,WH-I,Inhaler,89444,4882,132,6705,Supplier_16,17,4.34,2026-11-28,2026-06-12,94.2,Air,97,High
INV000235,Drug_20,BATCH-8317-A,WH-F,Liquid,15669,652,2107,6587,Supplier_18,7,2.62,2028-03-30,2025-04-16,92.5,Air,54,Medium
INV000236,Drug_26,BATCH-5345-D,WH-B,Cream,32327,1413,679,11491,Supplier_18,12,4.56,2027-12-05,2026-03-29,89.6,Air,94,Low
INV000237,Drug_43,BATCH-5088-B,WH-A,Cream,6608,3402,2038,13006,Supplier_13,48,4.23,2029-02-02,2026-05-31,93.0,Land,108,Medium
INV000238,Drug_30,BATCH-6742-E,WH-A,Inhaler,16708,4125,1022,19596,Supplier_12,15,3.66,2028-09-07,2026-04-22,92.7,Air,131,Medium
INV000239,Drug_49,BATCH-2770-A,WH-A,Injectable,89159,4636,2488,2810,Supplier_9,53,3.67,2029-01-11,2026-03-26,85.3,Land,117,Medium
INV000240,Drug_73,BATCH-1788-G,WH-D,Injectable,76069,850,309,2673,Supplier_5,29,0.54,2027-06-28,2025-04-13,89.2,Sea,78,Medium
INV000241,Drug_32,BATCH-8179-G,WH-D,Capsule,97575,809,1495,2888,Supplier_9,45,1.36,2027-01-29,2026-03-16,85.8,Express,17,Low
INV000242,Drug_64,BATCH-3725-G,WH-I,Capsule,24620,1543,51,5004,Supplier_13,50,0.34,2028-05-07,2025-10-04,98.5,Sea,19,Low
INV000243,Drug_71,BATCH-9078-G,WH-A,Capsule,77524,4850,2299,1490,Supplier_16,50,0.05,2028-01-11,2025-12-13,95.9,Land,77,Low
INV000244,Drug_44,BATCH-6754-G,WH-C,Injectable,31032,3984,1616,10427,Supplier_10,24,0.8,2029-02-09,2026-04-16,99.9,Land,31,Low
INV000245,Drug_33,BATCH-2661-H,WH-C,Liquid,19834,864,1416,19191,Supplier_16,37,4.4,2026-10-19,2025-06-25,89.5,Land,140,Low
INV000246,Drug_63,BATCH-4695-C,WH-H,Tablet,69463,4948,872,18272,Supplier_14,14,1.21,2029-06-28,2026-03-29,98.2,Land,92,High
INV000247,Drug_63,BATCH-8393-B,WH-B,Inhaler,50655,422,1153,6711,Supplier_2,11,4.85,2027-01-18,2025-03-22,94.0,Land,158,Low
INV000248,Drug_59,BATCH-1547-E,WH-F,Inhaler,16357,3048,42,8397,Supplier_19,35,2.99,2029-01-21,2025-12-31,91.8,Land,40,High
INV000249,Drug_22,BATCH-1328-F,WH-D,Inhaler,32294,2941,2115,8914,Supplier_11,17,1.19,2027-08-21,2025-08-03,88.3,Land,153,Low
INV000250,Drug_46,BATCH-5278-B,WH-J,Capsule,96954,3841,2161,6872,Supplier_19,59,2.49,2026-11-08,2025-10-05,96.1,Express,56,Low
INV000251,Drug_22,BATCH-2215-F,WH-F,Tablet,16893,3369,181,19927,Supplier_11,55,1.1,2028-01-25,2026-04-01,98.6,Land,143,Low
INV000252,Drug_18,BATCH-3787-G,WH-E,Cream,34784,2239,1314,16649,Supplier_14,27,4.92,2027-10-08,2024-11-03,88.5,Express,12,Low
INV000253,Drug_70,BATCH-3636-B,WH-I,Injectable,93650,2499,2206,19994,Supplier_15,44,4.24,2028-04-20,2025-03-08,87.6,Air,61,High
INV000254,Drug_63,BATCH-9962-B,WH-I,Cream,53319,4017,1649,3181,Supplier_7,3,0.14,2029-03-08,2025-04-16,95.4,Land,114,Low
INV000255,Drug_24,BATCH-6536-H,WH-A,Capsule,2959,872,1796,12985,Supplier_15,55,4.74,2026-12-12,2025-11-13,99.7,Express,178,Low
INV000256,Drug_70,BATCH-1507-G,WH-C,Liquid,39940,271,1180,14866,Supplier_8,2,3.61,2028-11-26,2025-04-26,96.2,Sea,134,High
INV000257,Drug_8,BATCH-3703-G,WH-A,Capsule,97492,3987,1082,3015,Supplier_4,4,0.42,2029-05-24,2026-05-11,89.3,Express,68,Low
INV000258,Drug_68,BATCH-3573-A,WH-F,Tablet,59427,1437,2155,5296,Supplier_18,18,3.36,2029-05-06,2026-05-23,91.3,Air,15,Low
INV000259,Drug_5,BATCH-2659-F,WH-C,Capsule,34919,3938,1180,14150,Supplier_14,20,3.24,2026-10-09,2026-06-26,90.8,Express,138,Low
INV000260,Drug_10,BATCH-4367-D,WH-A,Inhaler,85721,2210,228,18601,Supplier_18,21,1.1,2027-06-06,2026-03-05,97.8,Land,100,Low
INV000261,Drug_7,BATCH-7705-E,WH-F,Liquid,73850,3320,1847,6873,Supplier_4,14,3.79,2029-07-01,2026-08-11,96.6,Air,80,Low
INV000262,Drug_1,BATCH-5612-E,WH-E,Liquid,41804,1975,1384,1942,Supplier_2,8,0.44,2026-10-24,2025-11-14,93.8,Express,68,Low
INV000263,Drug_53,BATCH-4891-B,WH-H,Injectable,66237,4743,986,5920,Supplier_6,2,2.45,2027-01-16,2026-06-29,89.1,Sea,105,High
INV000264,Drug_18,BATCH-1813-G,WH-B,Injectable,60479,3001,466,3709,Supplier_11,26,0.06,2026-10-26,2025-11-07,99.1,Air,97,High
INV000265,Drug_30,BATCH-9043-C,WH-H,Inhaler,24418,4630,1340,12473,Supplier_1,19,4.84,2027-10-07,2026-06-05,94.8,Air,48,Low
INV000266,Drug_9,BATCH-1893-F,WH-E,Liquid,81087,4043,1173,3734,Supplier_15,42,3.76,2026-09-22,2025-02-24,99.6,Land,146,Low
INV000267,Drug_20,BATCH-1062-G,WH-H,Inhaler,64056,2648,1711,14885,Supplier_12,28,0.8,2027-07-14,2026-08-11,93.7,Express,87,Low
INV000268,Drug_2,BATCH-2435-E,WH-J,Liquid,5374,1716,895,5336,Supplier_18,29,1.71,2026-09-04,2025-03-27,97.3,Air,137,Medium
INV000269,Drug_28,BATCH-8869-D,WH-D,Tablet,18326,3131,1223,5785,Supplier_5,5,0.81,2027-10-05,2024-11-05,97.2,Land,103,Low
INV000270,Drug_65,BATCH-2589-A,WH-D,Capsule,43734,3935,1932,8754,Supplier_11,43,3.84,2028-02-25,2025-04-25,90.1,Air,29,High
INV000271,Drug_59,BATCH-4390-C,WH-J,Injectable,96562,4807,1540,11673,Supplier_19,28,0.3,2027-10-13,2025-06-25,99.5,Land,106,Medium
INV000272,Drug_48,BATCH-5781-B,WH-D,Tablet,64601,2164,104,1834,Supplier_1,41,4.2,2026-10-20,2026-03-06,85.3,Air,77,Low
INV000273,Drug_8,BATCH-8758-B,WH-F,Capsule,19146,2802,1353,17108,Supplier_17,48,4.71,2028-11-27,2025-05-18,96.5,Sea,126,Medium
INV000274,Drug_80,BATCH-6052-G,WH-D,Injectable,74310,3218,1392,15317,Supplier_8,26,3.39,2028-10-24,2026-03-05,99.5,Air,75,Low
INV000275,Drug_79,BATCH-8715-H,WH-I,Inhaler,84659,1604,594,1922,Supplier_16,59,1.07,2029-04-27,2025-04-07,90.1,Land,121,Low
INV000276,Drug_62,BATCH-5341-B,WH-I,Tablet,22010,1130,1139,8811,Supplier_11,5,1.81,2029-07-13,2025-10-26,94.7,Express,86,Low
INV000277,Drug_63,BATCH-9914-G,WH-C,Cream,11603,3984,2241,4064,Supplier_19,15,2.39,2028-01-04,2025-06-09,93.4,Land,134,Low
INV000278,Drug_3,BATCH-4029-F,WH-G,Cream,48492,137,2308,1267,Supplier_11,46,3.03,2028-10-18,2025-10-18,96.4,Air,120,Medium
INV000279,Drug_1,BATCH-7249-F,WH-E,Injectable,61572,2750,423,6638,Supplier_15,9,3.35,2028-02-28,2026-04-29,98.0,Land,14,Medium
INV000280,Drug_69,BATCH-4056-H,WH-I,Tablet,71004,2753,845,18003,Supplier_8,32,2.78,2027-08-11,2026-01-30,94.0,Land,134,Low
INV000281,Drug_71,BATCH-1731-E,WH-B,Capsule,89163,3009,869,7471,Supplier_14,52,1.76,2028-10-22,2025-01-30,97.2,Air,64,High
INV000282,Drug_53,BATCH-8204-H,WH-C,Capsule,45435,2468,1301,11525,Supplier_1,26,4.46,2029-07-04,2024-10-16,89.7,Air,49,Low
INV000283,Drug_2,BATCH-5315-D,WH-J,Tablet,22587,2472,382,12028,Supplier_10,37,0.42,2029-01-14,2025-04-16,88.4,Air,140,Low
INV000284,Drug_3,BATCH-5400-A,WH-E,Cream,36693,4197,1447,14332,Supplier_7,15,2.34,2027-11-03,2026-03-25,91.5,Land,123,Low
INV000285,Drug_68,BATCH-3476-B,WH-E,Tablet,76027,1797,545,17213,Supplier_18,41,3.88,2027-12-07,2025-06-09,95.2,Land,11,Medium
INV000286,Drug_36,BATCH-2404-F,WH-J,Cream,9974,90,417,13642,Supplier_12,4,0.31,2028-10-29,2026-05-03,87.8,Land,76,High
INV000287,Drug_69,BATCH-9871-G,WH-G,Cream,54922,2188,1691,2034,Supplier_2,53,3.53,2027-11-21,2025-12-16,95.2,Sea,25,Medium
INV000288,Drug_37,BATCH-4727-A,WH-H,Inhaler,54048,88,1420,15326,Supplier_18,53,4.1,2028-09-03,2026-05-31,90.9,Sea,101,High
INV000289,Drug_3,BATCH-7342-G,WH-H,Inhaler,3708,3134,2225,2553,Supplier_7,36,3.31,2029-07-08,2026-05-29,96.9,Express,51,Low
INV000290,Drug_65,BATCH-9773-H,WH-A,Capsule,96087,3729,917,14078,Supplier_20,20,0.07,2029-07-12,2025-11-27,85.6,Sea,5,Low
INV000291,Drug_56,BATCH-4860-H,WH-A,Injectable,99422,2201,1008,19639,Supplier_12,27,0.91,2027-02-14,2026-03-17,95.0,Express,144,Medium
INV000292,Drug_23,BATCH-5896-B,WH-C,Liquid,54601,3987,607,11332,Supplier_20,21,1.72,2027-01-16,2025-01-13,94.7,Land,132,Medium
INV000293,Drug_14,BATCH-7468-A,WH-A,Tablet,54012,2140,1980,8403,Supplier_14,22,1.18,2027-08-01,2025-04-15,99.1,Air,98,Low
INV000294,Drug_13,BATCH-9226-C,WH-A,Cream,27646,258,44,10522,Supplier_10,7,4.81,2029-04-05,2026-05-06,95.7,Land,136,High
INV000295,Drug_68,BATCH-2970-H,WH-J,Tablet,68303,649,1998,11495,Supplier_9,47,3.26,2029-03-25,2026-03-07,96.9,Express,38,Low
INV000296,Drug_20,BATCH-3832-C,WH-H,Injectable,62596,654,2300,3357,Supplier_15,54,1.49,2028-05-22,2025-09-29,98.6,Land,91,Low
INV000297,Drug_31,BATCH-4471-D,WH-A,Injectable,55286,2573,43,9826,Supplier_20,31,4.65,2027-06-22,2025-05-02,95.1,Express,36,Medium
INV000298,Drug_25,BATCH-3067-A,WH-I,Liquid,42446,3759,2440,17540,Supplier_10,17,3.71,2027-01-29,2026-03-09,89.4,Sea,7,Medium
INV000299,Drug_80,BATCH-7936-B,WH-B,Liquid,5330,2206,1667,12026,Supplier_19,50,1.43,2028-06-01,2026-05-10,98.0,Land,72,Low
INV000300,Drug_68,BATCH-8133-D,WH-I,Cream,25820,263,913,12295,Supplier_19,7,1.9,2028-01-09,2026-06-17,96.2,Express,61,Low
INV000301,Drug_33,BATCH-3422-E,WH-G,Inhaler,43123,1626,1908,13767,Supplier_12,19,1.01,2029-04-19,2025-11-23,91.4,Express,118,Low
INV000302,Drug_46,BATCH-6238-B,WH-I,Liquid,37702,2868,750,8084,Supplier_12,28,4.86,2028-10-13,2025-07-30,95.7,Land,156,Medium
INV000303,Drug_35,BATCH-2425-G,WH-C,Inhaler,67182,2174,171,2155,Supplier_9,10,2.59,2028-05-30,2025-05-11,98.0,Land,37,Medium
INV000304,Drug_51,BATCH-7510-F,WH-A,Inhaler,15150,318,1741,10404,Supplier_20,27,4.48,2028-09-29,2025-01-16,99.6,Air,135,Medium
INV000305,Drug_11,BATCH-5525-H,WH-A,Cream,51415,2458,1552,5191,Supplier_4,13,1.74,2028-12-09,2026-03-31,99.3,Sea,136,Low
INV000306,Drug_48,BATCH-1202-G,WH-J,Capsule,52264,2627,872,4265,Supplier_1,2,4.31,2026-12-30,2026-07-10,89.9,Sea,34,High
INV000307,Drug_52,BATCH-2843-G,WH-F,Inhaler,30234,4828,1488,16267,Supplier_16,22,0.28,2027-10-26,2025-04-23,91.3,Air,74,High
INV000308,Drug_59,BATCH-3451-C,WH-G,Cream,15740,4307,2270,13963,Supplier_1,59,4.91,2029-05-01,2024-10-08,86.6,Sea,53,Low
INV000309,Drug_73,BATCH-2641-B,WH-I,Liquid,86464,4610,1335,19387,Supplier_13,20,4.56,2027-10-21,2025-06-10,88.7,Sea,34,Low
INV000310,Drug_32,BATCH-2654-E,WH-F,Tablet,61771,872,589,12295,Supplier_3,43,1.82,2029-08-08,2025-11-29,98.2,Express,86,Low
INV000311,Drug_29,BATCH-9775-F,WH-E,Liquid,14384,3685,393,17608,Supplier_12,5,3.88,2028-01-11,2025-07-06,90.4,Land,148,Low
INV000312,Drug_39,BATCH-7732-E,WH-B,Injectable,60626,2645,1288,2529,Supplier_9,6,3.76,2029-06-25,2024-09-05,94.3,Land,138,High
INV000313,Drug_11,BATCH-7275-H,WH-B,Liquid,3523,4003,1335,19282,Supplier_4,35,4.51,2028-12-19,2025-07-04,95.0,Express,28,Medium
INV000314,Drug_5,BATCH-8750-A,WH-H,Capsule,28677,3881,1843,16073,Supplier_2,1,1.54,2027-04-11,2026-01-09,96.7,Air,119,High
INV000315,Drug_12,BATCH-3821-E,WH-A,Cream,59000,2149,1912,3226,Supplier_9,35,2.33,2027-12-07,2026-08-04,87.7,Land,96,Low
INV000316,Drug_52,BATCH-7602-C,WH-H,Inhaler,84706,4633,84,1211,Supplier_20,3,4.33,2026-11-30,2025-11-14,89.6,Land,160,Medium
INV000317,Drug_49,BATCH-7581-A,WH-J,Injectable,67968,3652,569,5824,Supplier_13,54,3.9,2029-07-10,2025-08-06,91.7,Air,25,Low
INV000318,Drug_49,BATCH-7484-F,WH-G,Cream,6166,3517,2375,18284,Supplier_14,36,1.97,2028-01-21,2025-02-03,90.5,Land,12,Low
INV000319,Drug_71,BATCH-4892-A,WH-G,Cream,83676,700,1292,15429,Supplier_3,7,4.23,2027-11-18,2025-03-31,99.7,Air,40,Medium
INV000320,Drug_61,BATCH-8785-E,WH-E,Inhaler,57988,1684,1732,13444,Supplier_18,29,0.24,2028-10-09,2025-01-17,97.5,Air,128,Low
INV000321,Drug_8,BATCH-7102-A,WH-C,Liquid,8683,4864,1255,16802,Supplier_9,15,3.91,2027-03-20,2026-02-27,92.2,Air,13,Medium
INV000322,Drug_2,BATCH-6535-E,WH-G,Tablet,38157,1217,2355,11980,Supplier_15,11,1.04,2029-07-01,2025-09-23,98.2,Express,44,Medium
INV000323,Drug_22,BATCH-6094-E,WH-G,Injectable,22704,4126,1070,5785,Supplier_10,18,1.44,2028-02-06,2026-01-15,90.2,Land,133,High
INV000324,Drug_11,BATCH-9054-B,WH-G,Inhaler,26664,248,583,16562,Supplier_17,44,2.47,2027-10-15,2025-09-18,96.8,Land,121,Low
INV000325,Drug_64,BATCH-4734-C,WH-B,Capsule,61529,1405,2421,14305,Supplier_13,4,2.25,2027-09-13,2024-10-20,88.4,Land,72,Medium
INV000326,Drug_56,BATCH-5923-H,WH-C,Capsule,98700,3555,1537,17395,Supplier_1,24,2.61,2026-10-25,2025-04-15,96.6,Sea,158,High
INV000327,Drug_43,BATCH-6257-E,WH-C,Tablet,88493,852,1992,15037,Supplier_11,11,2.73,2028-06-01,2025-11-09,91.8,Land,172,High
INV000328,Drug_73,BATCH-7828-B,WH-D,Tablet,29041,750,694,14593,Supplier_5,6,1.66,2026-11-05,2025-03-03,86.6,Land,7,Medium
INV000329,Drug_13,BATCH-4079-H,WH-I,Liquid,55611,552,282,5656,Supplier_9,58,0.88,2029-08-07,2026-02-08,89.1,Air,112,Medium
INV000330,Drug_68,BATCH-4463-G,WH-J,Capsule,38062,4614,1095,4721,Supplier_7,51,3.84,2028-08-22,2024-12-11,91.0,Land,126,Low
INV000331,Drug_6,BATCH-8937-F,WH-A,Injectable,38673,2463,1075,9975,Supplier_7,58,2.01,2028-06-29,2025-06-14,96.2,Air,13,Medium
INV000332,Drug_30,BATCH-1920-C,WH-G,Inhaler,25792,4769,1075,14299,Supplier_2,18,2.53,2026-09-18,2025-09-17,86.1,Air,164,Medium
INV000333,Drug_28,BATCH-2075-E,WH-G,Tablet,58520,3017,2029,4237,Supplier_19,15,3.23,2027-05-13,2026-07-11,94.9,Express,8,Medium
INV000334,Drug_73,BATCH-9303-G,WH-D,Tablet,82515,2920,169,9274,Supplier_20,3,4.55,2028-08-31,2026-04-13,95.7,Land,10,Medium
INV000335,Drug_61,BATCH-3222-A,WH-A,Tablet,35863,4808,825,14186,Supplier_18,17,3.54,2028-01-23,2026-03-29,94.8,Land,77,Low
INV000336,Drug_35,BATCH-3846-D,WH-C,Inhaler,82113,4896,1510,17015,Supplier_10,33,0.24,2028-06-15,2024-08-23,96.4,Land,30,Low
INV000337,Drug_6,BATCH-4288-A,WH-E,Injectable,45780,3517,2454,12426,Supplier_5,34,4.19,2028-11-10,2025-08-18,87.7,Sea,134,Medium
INV000338,Drug_10,BATCH-5087-A,WH-B,Capsule,6493,1468,697,9339,Supplier_16,30,4.95,2028-12-26,2025-12-15,93.8,Land,118,Low
INV000339,Drug_36,BATCH-8478-A,WH-G,Injectable,33588,1148,351,12299,Supplier_5,19,2.37,2026-10-13,2024-09-06,99.1,Land,89,Low
INV000340,Drug_70,BATCH-6904-D,WH-J,Inhaler,21559,3219,1439,10059,Supplier_15,9,4.85,2026-08-21,2026-06-29,94.2,Land,90,Low
INV000341,Drug_73,BATCH-5488-F,WH-J,Injectable,12654,432,654,11374,Supplier_16,40,2.74,2026-10-22,2026-02-02,94.2,Express,135,Low
INV000342,Drug_5,BATCH-8605-G,WH-G,Liquid,37967,3990,2044,2739,Supplier_4,44,2.3,2028-09-05,2026-05-27,96.0,Express,39,High
INV000343,Drug_23,BATCH-3029-A,WH-J,Inhaler,78204,1443,2156,10505,Supplier_14,31,1.66,2028-03-31,2025-04-16,90.0,Land,118,Medium
INV000344,Drug_41,BATCH-4963-F,WH-E,Tablet,45115,3377,2218,13399,Supplier_17,59,3.29,2028-09-17,2026-05-27,95.5,Express,63,Low
INV000345,Drug_3,BATCH-9008-H,WH-J,Capsule,5157,1702,2053,590,Supplier_17,27,1.16,2027-12-31,2025-10-11,98.7,Land,42,Low
INV000346,Drug_27,BATCH-3909-H,WH-F,Liquid,83126,4321,1219,282,Supplier_16,47,0.53,2029-04-26,2025-10-02,85.2,Land,37,Low
INV000347,Drug_76,BATCH-6730-F,WH-A,Liquid,5405,4373,2049,17586,Supplier_9,25,0.15,2027-03-07,2024-11-21,98.1,Air,125,Low
INV000348,Drug_19,BATCH-3679-E,WH-D,Inhaler,61376,2444,1382,9168,Supplier_2,55,1.47,2026-09-26,2025-10-03,88.3,Land,147,Low
INV000349,Drug_51,BATCH-2480-E,WH-D,Cream,32840,2088,2496,12481,Supplier_11,7,1.98,2028-01-18,2025-09-24,91.8,Express,104,High
INV000350,Drug_10,BATCH-1449-G,WH-H,Tablet,24218,2035,1574,15320,Supplier_15,53,2.76,2029-05-04,2025-06-14,97.8,Land,146,Low
INV000351,Drug_39,BATCH-1813-C,WH-B,Capsule,6774,1312,593,10146,Supplier_3,48,1.47,2028-11-27,2025-01-13,97.4,Land,49,Medium
INV000352,Drug_21,BATCH-4511-D,WH-A,Capsule,42431,1761,2419,11091,Supplier_16,7,4.92,2026-12-12,2024-10-10,98.4,Air,52,High
INV000353,Drug_73,BATCH-4688-D,WH-G,Capsule,90634,399,1970,19840,Supplier_19,20,1.47,2028-03-26,2025-05-20,99.1,Sea,176,High
INV000354,Drug_31,BATCH-5408-G,WH-F,Inhaler,15416,4076,371,19828,Supplier_6,53,2.21,2027-09-12,2026-07-08,91.7,Sea,122,Low
INV000355,Drug_73,BATCH-9409-A,WH-E,Tablet,16317,490,432,6207,Supplier_14,44,0.53,2027-05-06,2024-12-27,94.8,Sea,169,Medium
INV000356,Drug_50,BATCH-1145-H,WH-H,Inhaler,67641,2858,157,722,Supplier_5,49,1.31,2028-08-14,2025-09-23,90.9,Land,33,Low
INV000357,Drug_70,BATCH-3167-C,WH-B,Capsule,14702,2612,638,1894,Supplier_5,43,0.25,2028-02-14,2024-11-04,90.3,Sea,88,Low
INV000358,Drug_43,BATCH-1138-D,WH-B,Injectable,87281,3202,130,18836,Supplier_6,36,2.8,2027-08-13,2025-02-08,91.5,Land,166,Low
INV000359,Drug_50,BATCH-5135-E,WH-I,Injectable,14087,1434,2243,5037,Supplier_18,19,3.76,2027-09-05,2026-01-14,96.1,Land,117,High
INV000360,Drug_18,BATCH-5511-G,WH-A,Tablet,50015,337,286,12001,Supplier_18,2,0.99,2028-10-06,2026-02-02,92.5,Sea,121,Low
INV000361,Drug_11,BATCH-7168-F,WH-F,Capsule,13643,2105,518,8669,Supplier_19,34,1.85,2026-10-04,2025-11-14,97.2,Air,47,Medium
INV000362,Drug_65,BATCH-8520-E,WH-C,Inhaler,28044,1047,1499,16731,Supplier_2,56,0.09,2028-03-18,2025-06-28,96.2,Express,165,Medium
INV000363,Drug_45,BATCH-4575-H,WH-E,Cream,58341,2383,314,8348,Supplier_17,17,4.2,2027-02-08,2026-03-13,85.3,Air,23,High
INV000364,Drug_7,BATCH-5950-G,WH-H,Cream,9244,1472,1893,13265,Supplier_1,24,3.9,2027-06-24,2025-03-16,94.5,Air,12,Medium
INV000365,Drug_13,BATCH-2676-A,WH-G,Cream,38559,123,1362,12906,Supplier_9,9,0.33,2027-12-11,2025-04-20,91.5,Express,163,Low
INV000366,Drug_56,BATCH-9380-F,WH-D,Injectable,39927,1512,2157,3820,Supplier_13,54,1.83,2029-01-02,2024-08-17,91.8,Express,15,Low
INV000367,Drug_30,BATCH-5631-E,WH-H,Inhaler,30841,3244,1463,10831,Supplier_4,1,4.78,2026-08-14,2026-03-02,97.3,Land,12,Low
INV000368,Drug_10,BATCH-2771-H,WH-J,Cream,70115,2255,1377,9331,Supplier_5,42,1.97,2028-07-06,2025-09-03,93.2,Air,157,Medium
INV000369,Drug_44,BATCH-2045-F,WH-B,Capsule,69834,479,69,14507,Supplier_18,28,2.64,2028-02-03,2025-06-29,98.3,Sea,117,Medium
INV000370,Drug_78,BATCH-5529-F,WH-G,Capsule,74727,1521,839,3909,Supplier_10,55,1.78,2026-11-14,2025-08-19,95.7,Express,152,Medium
INV000371,Drug_79,BATCH-5536-E,WH-E,Cream,69841,3531,2405,16186,Supplier_4,15,2.98,2026-11-06,2026-03-20,93.3,Express,42,Low
INV000372,Drug_77,BATCH-5895-D,WH-F,Liquid,69277,3230,489,14115,Supplier_13,21,4.89,2027-03-06,2025-10-19,96.3,Land,139,Medium
INV000373,Drug_51,BATCH-3456-D,WH-C,Cream,3643,4991,224,5294,Supplier_13,15,4.99,2027-06-08,2025-01-22,85.6,Sea,121,Medium
INV000374,Drug_42,BATCH-1930-G,WH-J,Liquid,5691,1780,353,9615,Supplier_17,57,3.88,2027-08-03,2026-03-01,85.4,Air,171,High
INV000375,Drug_4,BATCH-6236-C,WH-G,Tablet,94977,85,2312,16278,Supplier_8,23,2.03,2028-01-23,2025-08-14,86.3,Air,78,Medium
INV000376,Drug_35,BATCH-1417-H,WH-G,Tablet,56495,1070,1932,15676,Supplier_4,53,2.48,2027-04-25,2025-01-19,91.6,Land,76,Low
INV000377,Drug_58,BATCH-5843-E,WH-B,Capsule,60534,2047,822,13730,Supplier_3,2,1.79,2027-02-18,2025-06-29,88.5,Air,110,Low
INV000378,Drug_63,BATCH-7857-G,WH-A,Inhaler,29155,2810,726,7672,Supplier_11,46,4.93,2028-04-22,2025-08-23,99.8,Express,122,Low
INV000379,Drug_30,BATCH-7361-A,WH-J,Injectable,6216,3167,2046,3563,Supplier_12,36,3.54,2029-07-06,2024-09-11,93.1,Air,24,Medium
INV000380,Drug_46,BATCH-4111-F,WH-B,Inhaler,55585,2585,1949,19607,Supplier_9,50,2.25,2028-01-31,2025-03-08,94.9,Land,15,Medium
INV000381,Drug_71,BATCH-4643-H,WH-H,Capsule,66397,4764,2432,18401,Supplier_15,9,0.07,2028-04-08,2025-09-12,89.2,Air,148,Low
INV000382,Drug_49,BATCH-6873-E,WH-J,Capsule,2507,4315,1426,14340,Supplier_13,2,2.61,2029-03-31,2025-02-03,89.8,Land,46,Low
INV000383,Drug_56,BATCH-3785-C,WH-C,Inhaler,31694,195,2457,17267,Supplier_5,2,4.92,2028-07-14,2025-11-10,90.0,Air,94,Low
INV000384,Drug_24,BATCH-5813-B,WH-D,Injectable,66521,4565,2437,14515,Supplier_5,18,2.62,2029-05-07,2025-12-06,95.5,Land,56,High
INV000385,Drug_75,BATCH-8713-C,WH-H,Capsule,97831,4718,2144,19494,Supplier_19,17,0.92,2027-12-19,2025-12-30,92.1,Land,169,Low
INV000386,Drug_49,BATCH-5237-C,WH-C,Injectable,35511,1076,1462,14614,Supplier_11,41,0.12,2028-06-08,2026-02-13,92.8,Air,56,Low
INV000387,Drug_11,BATCH-6499-B,WH-F,Capsule,93455,3715,151,2217,Supplier_9,8,1.78,2026-08-30,2025-04-09,93.9,Express,141,Low
INV000388,Drug_80,BATCH-4641-F,WH-B,Tablet,76761,1336,1535,4423,Supplier_3,34,4.59,2028-03-14,2026-08-04,96.5,Land,167,Low
INV000389,Drug_38,BATCH-4659-E,WH-C,Liquid,87130,2896,1645,2384,Supplier_18,34,4.98,2028-11-11,2026-03-16,86.4,Express,99,Medium
INV000390,Drug_32,BATCH-7889-F,WH-A,Capsule,99872,370,506,17941,Supplier_13,5,4.73,2028-11-10,2026-02-10,96.7,Express,139,High
INV000391,Drug_10,BATCH-7089-E,WH-I,Liquid,55544,4145,1360,6731,Supplier_12,44,3.65,2027-05-20,2025-11-05,93.4,Express,6,Low
INV000392,Drug_11,BATCH-5817-H,WH-D,Cream,90221,2343,307,4866,Supplier_9,29,2.8,2026-10-01,2026-03-01,95.0,Air,29,Medium
INV000393,Drug_35,BATCH-2929-H,WH-F,Capsule,87681,1662,2146,11455,Supplier_10,28,2.96,2027-09-09,2025-11-06,89.9,Air,80,Low
INV000394,Drug_20,BATCH-1879-B,WH-G,Tablet,88083,526,2419,2668,Supplier_13,16,2.7,2027-04-19,2025-05-11,91.1,Express,98,High
INV000395,Drug_49,BATCH-8736-D,WH-B,Injectable,26338,3214,2069,7491,Supplier_20,14,3.54,2027-12-15,2025-06-10,88.5,Land,98,Low
INV000396,Drug_20,BATCH-9199-B,WH-H,Tablet,41803,1876,2396,7455,Supplier_20,52,2.1,2027-10-02,2026-06-10,99.7,Sea,45,Low
INV000397,Drug_50,BATCH-7253-E,WH-I,Liquid,35296,832,263,4120,Supplier_13,2,3.35,2027-01-29,2026-08-02,92.5,Land,91,Medium
INV000398,Drug_41,BATCH-7768-A,WH-J,Injectable,77321,4678,1445,4436,Supplier_9,56,0.62,2027-01-16,2025-02-07,99.9,Sea,85,Low
INV000399,Drug_47,BATCH-3470-C,WH-B,Tablet,12838,1997,2409,2139,Supplier_10,40,1.34,2027-11-26,2025-09-04,92.3,Land,128,Low
INV000400,Drug_14,BATCH-4281-F,WH-E,Tablet,15872,3381,365,4056,Supplier_19,4,4.18,2029-07-23,2025-01-20,88.3,Express,81,Medium
INV000401,Drug_12,BATCH-7704-H,WH-B,Tablet,65370,4724,916,250,Supplier_6,52,4.52,2027-06-08,2025-10-12,92.6,Land,42,Medium
INV000402,Drug_1,BATCH-3346-F,WH-E,Inhaler,76269,1643,1511,16126,Supplier_7,41,2.7,2027-11-25,2025-02-13,85.6,Sea,46,Low
INV000403,Drug_40,BATCH-3954-B,WH-G,Injectable,23592,1797,486,1560,Supplier_15,52,0.17,2027-12-10,2026-06-07,98.6,Land,82,Medium
INV000404,Drug_57,BATCH-8988-F,WH-F,Tablet,55079,2083,1341,7005,Supplier_19,31,4.64,2027-11-22,2024-09-04,97.3,Land,68,Medium
INV000405,Drug_47,BATCH-3897-F,WH-D,Tablet,50438,306,822,12128,Supplier_14,26,3.51,2028-01-20,2026-01-31,95.9,Land,136,Medium
INV000406,Drug_35,BATCH-1950-A,WH-B,Liquid,64651,3041,757,12194,Supplier_16,27,2.08,2027-07-10,2024-12-11,94.1,Air,163,Medium
INV000407,Drug_14,BATCH-8406-E,WH-G,Tablet,36955,1467,186,3245,Supplier_14,57,3.0,2026-12-18,2025-05-14,93.7,Land,129,Medium
INV000408,Drug_17,BATCH-4430-C,WH-J,Tablet,6328,4164,1503,11293,Supplier_20,51,2.15,2027-08-22,2026-02-26,100.0,Land,145,Low
INV000409,Drug_12,BATCH-3595-H,WH-I,Cream,68467,159,2337,457,Supplier_2,34,2.33,2028-04-06,2026-02-28,89.2,Land,31,Low
INV000410,Drug_24,BATCH-2442-C,WH-A,Injectable,20145,2602,1034,11851,Supplier_9,31,4.44,2028-10-13,2026-07-03,96.7,Express,63,Low
INV000411,Drug_56,BATCH-8105-G,WH-C,Cream,83768,1107,156,244,Supplier_3,48,0.81,2028-03-03,2024-08-16,93.7,Land,69,Low
INV000412,Drug_58,BATCH-7609-G,WH-G,Inhaler,76691,4400,1882,17918,Supplier_6,11,0.53,2029-03-06,2026-03-12,99.6,Sea,29,Medium
INV000413,Drug_72,BATCH-8821-G,WH-I,Liquid,24418,4783,2192,17255,Supplier_5,8,0.02,2027-06-11,2024-10-20,97.4,Land,41,Low
INV000414,Drug_72,BATCH-1076-A,WH-E,Cream,58558,2092,1940,15554,Supplier_14,12,1.58,2026-12-18,2026-01-08,100.0,Land,128,Low
INV000415,Drug_66,BATCH-9745-D,WH-G,Inhaler,13895,2231,1267,13789,Supplier_15,35,0.75,2027-08-15,2025-08-18,93.8,Sea,75,Low
INV000416,Drug_53,BATCH-7112-A,WH-J,Capsule,85284,4542,696,7200,Supplier_18,45,1.11,2028-08-23,2025-09-08,88.1,Land,146,Low
INV000417,Drug_14,BATCH-6279-D,WH-G,Injectable,54624,3608,529,14680,Supplier_17,34,0.07,2027-11-29,2025-05-11,92.6,Air,98,Medium
INV000418,Drug_4,BATCH-1293-A,WH-D,Tablet,87794,1671,2181,6285,Supplier_9,13,1.14,2026-11-24,2025-12-14,95.7,Sea,156,Low
INV000419,Drug_12,BATCH-5076-D,WH-E,Cream,21847,3708,1286,434,Supplier_19,27,1.67,2026-11-08,2025-06-03,96.6,Express,71,Medium
INV000420,Drug_46,BATCH-6641-E,WH-B,Cream,88870,2744,317,7034,Supplier_9,8,0.17,2026-08-17,2025-02-11,85.0,Express,107,Low
INV000421,Drug_71,BATCH-3112-B,WH-H,Tablet,47473,3934,2035,15255,Supplier_16,47,3.04,2029-02-13,2025-02-05,92.6,Land,95,High
INV000422,Drug_12,BATCH-7284-E,WH-A,Tablet,31660,4830,852,3407,Supplier_6,56,2.85,2028-04-26,2024-08-29,88.5,Land,170,High
INV000423,Drug_77,BATCH-3736-B,WH-B,Liquid,11382,3334,211,2600,Supplier_8,21,0.49,2028-03-08,2025-11-20,98.1,Express,94,Medium
INV000424,Drug_77,BATCH-1749-E,WH-C,Cream,33931,2216,1084,9809,Supplier_3,41,2.98,2029-07-10,2025-03-16,87.3,Express,74,High
INV000425,Drug_42,BATCH-5764-H,WH-G,Cream,63173,3936,2328,12762,Supplier_5,11,4.99,2029-05-06,2025-09-09,95.0,Land,63,Medium
INV000426,Drug_50,BATCH-9524-F,WH-F,Capsule,23143,4447,1483,7940,Supplier_7,22,4.72,2026-10-10,2025-11-08,89.0,Land,16,High
INV000427,Drug_2,BATCH-8105-C,WH-G,Inhaler,65422,4372,1667,14384,Supplier_1,21,0.02,2028-03-25,2025-09-05,90.3,Land,55,High
INV000428,Drug_38,BATCH-6615-H,WH-E,Capsule,53000,4501,1056,14238,Supplier_4,28,3.98,2027-01-09,2026-05-09,99.1,Air,170,High
INV000429,Drug_53,BATCH-6885-D,WH-D,Cream,21029,4846,1226,850,Supplier_16,3,1.77,2027-02-02,2025-12-25,88.6,Land,178,Medium
INV000430,Drug_50,BATCH-3701-G,WH-G,Capsule,35600,3442,2113,16617,Supplier_14,7,0.33,2029-06-23,2025-04-04,86.4,Land,14,Medium
INV000431,Drug_11,BATCH-1313-D,WH-C,Cream,1972,2320,2185,19616,Supplier_1,14,1.49,2028-10-19,2025-10-27,86.0,Express,13,Medium
INV000432,Drug_72,BATCH-4675-C,WH-J,Injectable,37588,3761,878,13319,Supplier_4,15,1.62,2028-06-18,2025-06-19,92.6,Express,91,Low
INV000433,Drug_32,BATCH-4460-A,WH-G,Liquid,67605,1636,2150,7844,Supplier_10,9,2.62,2028-02-19,2026-05-01,94.6,Air,98,Low
INV000434,Drug_74,BATCH-9267-C,WH-B,Capsule,25560,1264,743,17694,Supplier_11,52,3.31,2026-09-11,2025-02-20,89.9,Land,56,High
INV000435,Drug_67,BATCH-3017-F,WH-H,Cream,12255,1695,1871,8853,Supplier_7,43,3.75,2027-11-25,2025-01-15,95.4,Air,26,Low
INV000436,Drug_22,BATCH-1612-G,WH-F,Capsule,11970,1400,902,14616,Supplier_4,7,1.24,2028-03-21,2025-05-03,85.9,Sea,77,Medium
INV000437,Drug_49,BATCH-5190-A,WH-C,Inhaler,94028,3248,426,2074,Supplier_1,12,1.62,2027-10-20,2025-02-28,97.9,Express,87,Low
INV000438,Drug_22,BATCH-1785-B,WH-C,Liquid,3817,414,88,19623,Supplier_1,19,1.55,2027-07-12,2026-02-26,97.2,Land,76,Low
INV000439,Drug_18,BATCH-1323-A,WH-E,Injectable,1474,3989,1473,10629,Supplier_17,27,1.82,2029-07-21,2024-11-21,99.8,Land,122,High
INV000440,Drug_35,BATCH-2897-G,WH-C,Tablet,21926,4664,397,12413,Supplier_10,18,5.0,2029-02-10,2026-05-23,99.0,Air,72,High
INV000441,Drug_39,BATCH-8279-G,WH-F,Tablet,74315,3249,330,16419,Supplier_5,13,3.89,2027-07-01,2025-10-15,90.3,Land,9,Medium
INV000442,Drug_35,BATCH-3024-E,WH-B,Capsule,13527,1676,2281,17840,Supplier_7,43,4.88,2028-02-20,2025-05-15,91.0,Land,87,Low
INV000443,Drug_64,BATCH-8772-C,WH-H,Cream,64542,3251,956,3440,Supplier_8,1,3.47,2028-05-05,2025-01-29,96.2,Air,125,Low
INV000444,Drug_19,BATCH-4366-A,WH-I,Inhaler,89200,1695,2015,16002,Supplier_2,38,2.04,2028-05-01,2024-08-20,87.0,Sea,161,Low
INV000445,Drug_9,BATCH-5933-G,WH-G,Liquid,34808,1031,1440,16322,Supplier_9,21,1.95,2029-01-15,2025-08-12,89.7,Air,10,Low
INV000446,Drug_22,BATCH-2654-E,WH-C,Injectable,24371,2445,386,11103,Supplier_4,34,2.45,2028-02-24,2025-06-06,86.8,Land,73,Low
INV000447,Drug_56,BATCH-3247-G,WH-J,Injectable,63672,2086,1312,1609,Supplier_12,13,2.09,2027-09-23,2025-09-27,91.8,Express,62,Medium
INV000448,Drug_36,BATCH-2718-B,WH-D,Injectable,16731,3602,740,10820,Supplier_11,45,4.14,2028-05-15,2024-08-28,93.3,Express,47,Low
INV000449,Drug_54,BATCH-5631-B,WH-J,Tablet,19987,971,1670,2032,Supplier_5,51,2.33,2027-08-10,2026-05-01,88.2,Express,76,Medium
INV000450,Drug_39,BATCH-2741-H,WH-B,Liquid,25359,3796,567,18608,Supplier_12,41,1.49,2027-08-15,2026-08-10,85.4,Express,95,Low
INV000451,Drug_62,BATCH-4254-D,WH-I,Tablet,98032,3708,1572,5936,Supplier_4,51,3.88,2026-10-18,2026-04-17,95.8,Express,41,Low
INV000452,Drug_10,BATCH-5308-D,WH-E,Capsule,58087,3832,1687,5193,Supplier_13,23,4.27,2028-10-15,2025-02-08,85.3,Land,62,Low
INV000453,Drug_47,BATCH-6864-G,WH-B,Injectable,49730,4045,2266,11303,Supplier_1,1,2.11,2026-11-14,2024-10-20,99.6,Land,131,High
INV000454,Drug_33,BATCH-5839-C,WH-J,Liquid,19244,4506,676,14597,Supplier_18,23,3.34,2028-06-19,2025-11-09,88.3,Land,41,Medium
INV000455,Drug_32,BATCH-1645-H,WH-F,Injectable,78291,4327,1075,3413,Supplier_4,57,0.3,2029-06-29,2026-06-27,95.0,Express,158,Low
INV000456,Drug_64,BATCH-4402-H,WH-G,Tablet,49160,1524,1094,10555,Supplier_4,28,2.65,2029-01-05,2026-01-05,91.5,Air,174,Medium
INV000457,Drug_77,BATCH-6416-D,WH-B,Tablet,55192,4708,671,6408,Supplier_8,59,0.23,2028-10-13,2026-01-09,85.9,Air,20,High
INV000458,Drug_79,BATCH-1044-A,WH-A,Tablet,20936,4459,1877,9844,Supplier_20,32,0.16,2028-04-20,2025-08-29,92.1,Express,154,Medium
INV000459,Drug_26,BATCH-2458-B,WH-G,Injectable,67004,2118,1106,6653,Supplier_6,8,3.07,2027-06-12,2025-08-10,92.8,Air,114,Medium
INV000460,Drug_59,BATCH-9095-C,WH-A,Liquid,44556,3817,973,19337,Supplier_4,55,1.52,2027-05-20,2025-08-19,97.8,Express,155,Low
INV000461,Drug_14,BATCH-2475-B,WH-C,Liquid,36480,2902,985,11293,Supplier_4,26,3.72,2027-09-28,2026-07-08,96.0,Land,179,Medium
INV000462,Drug_18,BATCH-2659-E,WH-D,Capsule,77835,452,2121,13941,Supplier_11,14,4.48,2029-01-12,2025-02-12,86.2,Sea,135,Medium
INV000463,Drug_39,BATCH-4787-H,WH-B,Injectable,11669,1197,827,11463,Supplier_9,24,0.71,2026-10-04,2025-07-29,88.1,Land,16,Medium
INV000464,Drug_1,BATCH-5850-E,WH-G,Capsule,99463,662,1705,505,Supplier_14,48,3.63,2029-06-08,2025-12-13,89.7,Express,27,High
INV000465,Drug_51,BATCH-8606-A,WH-E,Inhaler,31282,1926,1632,1584,Supplier_4,29,2.58,2029-07-08,2024-11-05,86.7,Sea,115,Low
INV000466,Drug_43,BATCH-2635-C,WH-A,Capsule,78751,1663,1427,19951,Supplier_13,4,0.57,2028-12-03,2025-01-18,91.9,Land,143,Low
INV000467,Drug_80,BATCH-1646-E,WH-H,Capsule,21749,3067,2082,18158,Supplier_6,18,3.26,2027-11-23,2025-01-15,99.8,Express,56,High
INV000468,Drug_49,BATCH-6901-F,WH-J,Capsule,83831,4838,750,1072,Supplier_13,14,3.05,2029-04-15,2024-08-19,92.7,Sea,131,Medium
INV000469,Drug_43,BATCH-7979-B,WH-G,Tablet,96232,1784,2296,8560,Supplier_3,27,2.58,2027-10-19,2026-03-29,96.1,Air,178,Low
INV000470,Drug_57,BATCH-2556-A,WH-D,Inhaler,27103,3598,1429,9995,Supplier_7,41,4.63,2027-10-29,2025-05-13,95.2,Sea,33,Low
INV000471,Drug_43,BATCH-1158-C,WH-B,Capsule,16651,2969,227,17614,Supplier_1,47,2.61,2029-02-06,2026-06-21,97.7,Sea,125,High
INV000472,Drug_56,BATCH-3793-F,WH-G,Liquid,23926,4985,966,10126,Supplier_11,3,4.95,2028-11-11,2025-11-27,88.2,Air,178,Low
INV000473,Drug_77,BATCH-6857-H,WH-B,Capsule,24829,2200,613,15691,Supplier_2,30,2.55,2028-10-20,2026-06-03,96.3,Land,148,Low
INV000474,Drug_18,BATCH-5395-B,WH-F,Tablet,51796,2430,595,7105,Supplier_5,59,0.59,2028-12-27,2025-10-16,98.2,Sea,105,Low
INV000475,Drug_39,BATCH-7105-F,WH-A,Cream,3968,1860,220,4642,Supplier_14,36,2.36,2029-03-07,2025-10-11,87.6,Express,15,High
INV000476,Drug_42,BATCH-3996-B,WH-G,Inhaler,41374,3251,1370,15490,Supplier_13,23,0.92,2027-03-25,2025-08-02,90.2,Sea,143,High
INV000477,Drug_78,BATCH-7566-G,WH-G,Cream,38818,802,442,3867,Supplier_16,18,2.99,2027-09-25,2025-07-24,99.6,Land,93,Medium
INV000478,Drug_26,BATCH-8479-E,WH-D,Cream,32453,2522,1667,17860,Supplier_15,46,3.47,2026-08-15,2024-10-04,96.7,Land,62,Medium
INV000479,Drug_62,BATCH-7319-H,WH-D,Inhaler,41782,1391,1390,6753,Supplier_3,47,2.35,2027-06-04,2026-04-13,89.2,Express,23,Low
INV000480,Drug_41,BATCH-7909-C,WH-J,Injectable,30753,554,33,17126,Supplier_6,40,0.5,2028-01-06,2024-09-11,93.5,Land,164,Low
INV000481,Drug_23,BATCH-2852-C,WH-E,Liquid,14241,3532,556,5008,Supplier_9,10,2.35,2028-07-21,2025-03-07,91.1,Sea,54,High
INV000482,Drug_51,BATCH-1960-C,WH-B,Tablet,11637,2019,173,7931,Supplier_3,56,0.42,2028-01-04,2025-10-24,92.3,Express,126,Low
INV000483,Drug_41,BATCH-2699-G,WH-I,Inhaler,30501,4099,2455,783,Supplier_13,12,3.41,2029-07-09,2025-11-13,90.3,Sea,76,Low
INV000484,Drug_38,BATCH-8908-H,WH-J,Cream,27487,4197,1577,17094,Supplier_13,53,3.95,2027-09-27,2026-07-25,89.2,Air,59,Medium
INV000485,Drug_63,BATCH-3969-G,WH-D,Tablet,81790,3687,1060,9338,Supplier_7,41,4.81,2026-12-18,2026-05-06,95.1,Land,173,Low
INV000486,Drug_74,BATCH-6875-A,WH-I,Tablet,6730,2472,500,7895,Supplier_5,8,0.75,2028-07-19,2024-11-05,96.7,Land,103,Medium
INV000487,Drug_32,BATCH-3140-H,WH-C,Injectable,43561,4534,1642,3673,Supplier_8,32,2.67,2028-05-09,2026-02-14,98.1,Air,74,Medium
INV000488,Drug_42,BATCH-8997-B,WH-I,Cream,80414,723,2004,1398,Supplier_8,17,2.84,2027-02-17,2024-12-11,87.3,Land,153,Medium
INV000489,Drug_49,BATCH-7738-H,WH-A,Capsule,44393,642,1101,4195,Supplier_7,41,4.61,2028-04-08,2026-01-26,97.3,Land,121,Low
INV000490,Drug_36,BATCH-1753-B,WH-G,Tablet,23170,2829,230,12313,Supplier_19,45,3.14,2029-07-20,2024-10-31,88.8,Express,30,Low
INV000491,Drug_51,BATCH-5286-F,WH-D,Cream,13516,3718,769,4735,Supplier_7,14,0.74,2029-01-30,2024-12-10,91.4,Sea,133,Medium
INV000492,Drug_47,BATCH-1202-D,WH-G,Tablet,91035,2602,937,6071,Supplier_4,37,2.19,2028-10-15,2026-04-12,98.5,Sea,159,High
INV000493,Drug_15,BATCH-6542-B,WH-J,Injectable,8729,4228,78,19887,Supplier_10,9,3.28,2027-07-20,2024-08-28,91.8,Land,118,Low
INV000494,Drug_73,BATCH-8091-D,WH-F,Injectable,63544,3188,1628,2647,Supplier_13,57,3.5,2028-10-21,2025-12-02,88.0,Sea,69,High
INV000495,Drug_26,BATCH-8895-F,WH-D,Capsule,8460,4559,1851,9608,Supplier_4,58,4.32,2026-08-15,2024-08-17,87.4,Land,14,Medium
INV000496,Drug_76,BATCH-7305-C,WH-D,Injectable,12111,2550,368,7044,Supplier_19,26,0.91,2029-05-23,2025-03-02,92.1,Land,99,High
INV000497,Drug_70,BATCH-1894-A,WH-H,Cream,40821,2843,1217,17874,Supplier_10,48,4.76,2027-10-26,2026-02-02,96.4,Land,125,Low
INV000498,Drug_24,BATCH-3571-H,WH-G,Inhaler,36169,4343,1957,12613,Supplier_7,51,0.31,2026-11-21,2025-11-26,100.0,Express,130,Low
INV000499,Drug_71,BATCH-9123-C,WH-D,Injectable,53370,1762,1209,15369,Supplier_5,24,4.92,2027-05-04,2024-11-18,96.8,Express,41,Low
INV000500,Drug_4,BATCH-2226-H,WH-F,Inhaler,11327,2395,727,7749,Supplier_3,23,4.29,2027-04-02,2025-03-10,98.2,Land,73,Low
INV000501,Drug_60,BATCH-6253-D,WH-F,Capsule,39687,349,1335,8893,Supplier_2,31,3.3,2027-06-06,2025-07-01,96.2,Express,45,High
INV000502,Drug_27,BATCH-6421-E,WH-A,Liquid,61820,4274,1923,11263,Supplier_11,39,3.68,2026-12-15,2025-04-22,98.4,Sea,178,Low
INV000503,Drug_57,BATCH-1824-D,WH-B,Tablet,44650,1956,2484,16970,Supplier_10,44,0.37,2026-11-25,2026-06-11,86.1,Land,49,Medium
INV000504,Drug_38,BATCH-7203-G,WH-D,Tablet,68405,2535,223,8803,Supplier_13,58,0.22,2029-02-22,2026-07-28,98.9,Land,127,Low
INV000505,Drug_9,BATCH-4850-B,WH-F,Cream,76128,256,413,2206,Supplier_7,2,0.52,2028-05-04,2026-04-04,90.9,Express,130,Medium
INV000506,Drug_53,BATCH-8521-H,WH-F,Capsule,53751,343,498,5413,Supplier_10,50,0.45,2029-03-15,2026-06-04,98.8,Land,31,Low
INV000507,Drug_64,BATCH-8341-B,WH-A,Capsule,51432,1923,1429,18731,Supplier_4,18,2.74,2028-09-07,2024-08-30,86.1,Land,88,Low
INV000508,Drug_18,BATCH-9166-H,WH-H,Capsule,68981,3808,789,4068,Supplier_20,16,1.09,2026-08-31,2026-02-09,95.7,Express,140,Low
INV000509,Drug_39,BATCH-6178-B,WH-B,Tablet,68301,2138,1679,9730,Supplier_16,29,4.3,2028-11-23,2025-04-20,96.0,Land,53,Medium
INV000510,Drug_31,BATCH-9148-A,WH-E,Injectable,24907,1822,616,14560,Supplier_20,11,2.23,2029-05-17,2026-06-05,100.0,Land,100,Low
INV000511,Drug_33,BATCH-2681-G,WH-D,Tablet,43652,2913,1873,6837,Supplier_6,2,3.48,2028-10-26,2025-09-16,96.5,Air,125,Low
INV000512,Drug_20,BATCH-7755-A,WH-E,Tablet,78002,4771,1120,16936,Supplier_9,14,3.27,2028-01-28,2025-12-10,90.7,Sea,118,Low
INV000513,Drug_55,BATCH-9996-A,WH-E,Tablet,74961,4423,1006,5164,Supplier_13,4,1.61,2027-12-21,2026-01-20,93.4,Express,18,High
INV000514,Drug_49,BATCH-2489-E,WH-J,Injectable,71076,3476,192,19772,Supplier_7,39,1.22,2028-07-08,2025-09-19,90.5,Land,66,Medium
INV000515,Drug_10,BATCH-9328-D,WH-H,Liquid,93858,578,308,1502,Supplier_18,34,1.72,2027-02-05,2025-09-28,87.9,Land,47,Medium
INV000516,Drug_58,BATCH-8474-F,WH-J,Cream,57400,2183,1223,7949,Supplier_14,53,3.99,2027-11-15,2024-10-20,88.7,Sea,159,Medium
INV000517,Drug_77,BATCH-6953-A,WH-G,Liquid,27051,1974,1268,1046,Supplier_5,46,2.94,2028-02-19,2026-06-08,88.3,Air,100,Low
INV000518,Drug_62,BATCH-4652-H,WH-I,Liquid,20364,4838,915,13590,Supplier_13,39,1.28,2029-07-25,2025-03-30,93.2,Sea,31,Medium
INV000519,Drug_75,BATCH-6439-H,WH-A,Tablet,19221,1410,2206,13935,Supplier_8,9,4.09,2029-07-14,2025-03-22,98.6,Land,72,Low
INV000520,Drug_52,BATCH-6952-H,WH-F,Liquid,84451,912,1679,15076,Supplier_15,40,0.28,2028-06-25,2025-12-10,98.7,Sea,131,Low
INV000521,Drug_69,BATCH-2868-B,WH-F,Tablet,50639,3266,146,14167,Supplier_19,41,3.5,2028-08-14,2025-08-03,85.8,Air,52,Medium
INV000522,Drug_65,BATCH-4633-A,WH-B,Tablet,30411,2412,857,19108,Supplier_9,7,2.2,2027-07-10,2025-05-17,86.2,Land,71,Medium
INV000523,Drug_54,BATCH-6592-F,WH-H,Cream,42497,4370,1947,18462,Supplier_6,51,3.66,2029-06-10,2025-11-29,88.7,Land,29,Low
INV000524,Drug_70,BATCH-5783-F,WH-F,Capsule,19849,3544,1046,4305,Supplier_14,17,4.64,2027-08-08,2024-11-03,88.8,Sea,123,Low
INV000525,Drug_5,BATCH-2741-A,WH-J,Tablet,29318,2017,2018,3019,Supplier_10,58,3.75,2029-03-01,2024-12-01,86.4,Land,156,Medium
INV000526,Drug_47,BATCH-3689-H,WH-I,Liquid,81169,117,919,8277,Supplier_9,23,2.22,2028-08-16,2025-05-14,90.8,Express,13,Medium
INV000527,Drug_69,BATCH-3301-G,WH-J,Cream,51691,1692,1540,12222,Supplier_17,45,0.76,2029-01-28,2025-12-01,93.8,Land,140,Low
INV000528,Drug_77,BATCH-2752-E,WH-E,Inhaler,44233,1070,313,9450,Supplier_13,11,4.03,2029-02-01,2025-04-24,93.7,Express,99,Low
INV000529,Drug_11,BATCH-4209-D,WH-G,Inhaler,44967,3193,1101,19073,Supplier_17,22,2.31,2028-05-21,2025-05-24,93.2,Express,63,High
INV000530,Drug_14,BATCH-2978-G,WH-F,Inhaler,1416,1520,1396,19848,Supplier_19,18,0.39,2029-06-08,2024-09-20,90.1,Air,21,Medium
INV000531,Drug_32,BATCH-4532-H,WH-E,Liquid,38072,1432,1099,11993,Supplier_13,49,3.6,2026-10-10,2025-11-27,95.6,Air,175,High
INV000532,Drug_46,BATCH-4122-F,WH-F,Capsule,87024,2980,863,18877,Supplier_9,28,1.47,2027-01-14,2026-07-27,97.4,Land,99,Low
INV000533,Drug_22,BATCH-2765-G,WH-D,Injectable,79148,1386,64,17258,Supplier_1,16,0.25,2028-09-12,2026-02-12,90.2,Land,136,Low
INV000534,Drug_79,BATCH-1761-B,WH-C,Capsule,66320,3216,2322,10270,Supplier_1,42,4.51,2027-11-03,2024-11-05,86.3,Land,105,Low
INV000535,Drug_6,BATCH-8381-H,WH-A,Cream,92800,1292,2290,6457,Supplier_5,4,2.42,2027-03-03,2025-04-20,89.4,Sea,140,Medium
INV000536,Drug_73,BATCH-9260-C,WH-A,Capsule,77371,1755,203,1211,Supplier_8,36,1.41,2028-01-25,2025-06-15,87.1,Land,46,Low
INV000537,Drug_52,BATCH-9172-A,WH-F,Inhaler,42735,3249,207,16816,Supplier_18,22,3.58,2029-04-08,2024-11-25,92.0,Air,53,Low
INV000538,Drug_43,BATCH-9689-A,WH-I,Capsule,51365,2644,1784,19611,Supplier_4,11,4.43,2028-04-25,2026-02-18,87.3,Express,10,Low
INV000539,Drug_56,BATCH-8091-H,WH-H,Cream,50209,3987,1212,2373,Supplier_1,21,0.01,2028-03-17,2026-01-12,91.9,Sea,77,Medium
INV000540,Drug_14,BATCH-9328-C,WH-B,Cream,48897,1729,1794,3584,Supplier_15,57,3.44,2028-01-03,2026-06-27,88.3,Express,174,Low
INV000541,Drug_2,BATCH-3845-C,WH-I,Inhaler,8179,1365,1425,18912,Supplier_20,40,3.84,2026-08-19,2025-01-08,96.1,Air,36,Medium
INV000542,Drug_13,BATCH-2696-G,WH-H,Liquid,60987,4876,729,997,Supplier_4,41,1.06,2028-12-12,2025-11-23,85.4,Sea,147,High
INV000543,Drug_34,BATCH-6273-G,WH-I,Tablet,22512,617,521,7321,Supplier_9,16,2.45,2027-08-27,2025-11-06,93.3,Sea,86,Medium
INV000544,Drug_29,BATCH-7859-D,WH-D,Injectable,35962,2754,621,13794,Supplier_20,42,0.46,2029-07-17,2025-07-30,87.5,Express,73,Low
INV000545,Drug_66,BATCH-5482-G,WH-I,Injectable,84827,2501,498,15186,Supplier_10,55,3.74,2028-08-29,2025-06-15,85.0,Air,118,High
INV000546,Drug_67,BATCH-6617-E,WH-B,Inhaler,14921,1798,709,7890,Supplier_15,9,4.24,2028-12-19,2026-06-15,98.0,Land,31,Low
INV000547,Drug_72,BATCH-8419-C,WH-A,Injectable,73218,4741,1085,12869,Supplier_3,35,0.55,2026-11-10,2025-02-13,95.1,Express,70,Low
INV000548,Drug_75,BATCH-3263-G,WH-I,Capsule,74648,697,1647,19173,Supplier_2,57,4.08,2026-10-03,2024-10-30,86.5,Land,160,High
INV000549,Drug_74,BATCH-9393-E,WH-J,Cream,33755,2243,1689,18047,Supplier_5,34,3.86,2029-02-27,2024-09-12,95.0,Sea,156,Low
INV000550,Drug_29,BATCH-9975-F,WH-H,Cream,44788,2858,343,11754,Supplier_1,9,1.74,2029-02-26,2025-01-28,94.2,Express,55,Medium
INV000551,Drug_58,BATCH-4560-D,WH-G,Inhaler,54676,174,1460,19694,Supplier_11,13,3.45,2029-03-28,2026-07-03,92.1,Express,153,Low
INV000552,Drug_48,BATCH-4435-E,WH-H,Cream,80166,1587,2428,17631,Supplier_12,6,0.01,2028-04-02,2025-01-10,91.3,Land,163,Medium
INV000553,Drug_51,BATCH-6657-C,WH-A,Tablet,86013,4625,1719,5071,Supplier_3,4,4.66,2029-04-25,2024-12-31,98.3,Land,79,Medium
INV000554,Drug_60,BATCH-3913-F,WH-I,Cream,52336,4857,2013,13554,Supplier_16,46,2.76,2027-06-21,2026-04-08,88.7,Express,54,Low
INV000555,Drug_76,BATCH-2890-F,WH-J,Cream,45321,2020,253,5489,Supplier_14,28,3.11,2027-05-18,2025-03-05,91.0,Express,96,Medium
INV000556,Drug_65,BATCH-8870-G,WH-I,Capsule,87289,2812,753,18145,Supplier_12,11,3.33,2027-02-14,2026-07-28,89.9,Land,116,Medium
INV000557,Drug_20,BATCH-9747-E,WH-I,Liquid,86016,1867,1312,16031,Supplier_20,34,2.81,2028-10-02,2025-07-10,96.6,Express,172,Low
INV000558,Drug_45,BATCH-7920-A,WH-F,Injectable,66192,864,1535,6486,Supplier_16,58,4.29,2028-01-02,2025-08-15,98.7,Sea,72,Low
INV000559,Drug_4,BATCH-9564-B,WH-D,Capsule,54545,3151,585,17158,Supplier_8,35,3.05,2028-05-18,2026-03-22,97.7,Sea,110,Low
INV000560,Drug_62,BATCH-1414-G,WH-B,Capsule,92426,4201,1400,14116,Supplier_17,5,4.54,2027-01-26,2026-04-10,97.0,Air,148,High
INV000561,Drug_14,BATCH-3381-A,WH-D,Capsule,9000,1704,1490,10134,Supplier_17,57,2.92,2028-06-26,2025-12-26,99.8,Sea,80,Medium
INV000562,Drug_38,BATCH-1927-D,WH-G,Injectable,33585,181,49,12962,Supplier_7,39,0.86,2029-07-16,2025-10-07,95.5,Land,90,High
INV000563,Drug_54,BATCH-5374-C,WH-A,Inhaler,13991,280,1179,10750,Supplier_15,11,4.57,2027-09-01,2025-08-16,96.3,Land,111,Low
INV000564,Drug_11,BATCH-5695-E,WH-I,Capsule,15114,444,394,4224,Supplier_9,12,3.41,2026-11-22,2025-02-18,99.7,Sea,60,Low
INV000565,Drug_15,BATCH-3399-A,WH-C,Liquid,72183,3623,1484,8922,Supplier_4,43,3.5,2026-10-02,2025-10-19,85.1,Land,84,Low
INV000566,Drug_19,BATCH-5835-D,WH-D,Inhaler,38064,1031,1036,17574,Supplier_8,19,4.93,2028-08-08,2025-01-05,94.5,Sea,28,Low
INV000567,Drug_45,BATCH-9866-A,WH-E,Cream,51271,982,635,2320,Supplier_10,13,0.39,2027-09-26,2026-07-30,96.1,Express,32,Medium
INV000568,Drug_40,BATCH-6876-H,WH-C,Liquid,95568,1459,1400,19025,Supplier_15,4,2.15,2029-03-08,2025-12-10,98.8,Express,125,High
INV000569,Drug_44,BATCH-2679-D,WH-D,Inhaler,44839,3005,1850,6077,Supplier_18,14,1.2,2029-07-30,2025-08-08,98.3,Sea,97,Low
INV000570,Drug_59,BATCH-7371-D,WH-E,Cream,85899,4678,2060,10920,Supplier_14,44,3.16,2028-12-23,2025-04-03,97.6,Express,89,High
INV000571,Drug_27,BATCH-9370-E,WH-A,Cream,84956,4700,1245,19104,Supplier_5,59,4.04,2026-12-13,2026-02-15,99.2,Sea,116,Low
INV000572,Drug_67,BATCH-1769-G,WH-I,Capsule,43474,2791,2181,17535,Supplier_9,2,4.83,2027-12-19,2026-03-05,93.1,Land,126,High
INV000573,Drug_62,BATCH-7349-G,WH-J,Capsule,39559,2988,1908,14859,Supplier_13,8,2.28,2026-09-08,2025-11-17,85.1,Express,93,Low
INV000574,Drug_45,BATCH-6122-A,WH-J,Injectable,7145,3470,1971,1164,Supplier_19,22,3.93,2028-12-07,2025-09-23,85.2,Sea,35,High
INV000575,Drug_61,BATCH-1212-E,WH-D,Tablet,43355,2554,744,2334,Supplier_11,51,4.59,2027-05-03,2025-08-08,93.2,Land,147,Low
INV000576,Drug_13,BATCH-4327-H,WH-I,Liquid,52065,3083,1130,2444,Supplier_12,13,3.42,2028-08-04,2026-04-26,91.5,Sea,115,High
INV000577,Drug_57,BATCH-4695-F,WH-D,Injectable,1337,4029,1585,3003,Supplier_3,21,1.22,2027-04-27,2025-06-12,91.8,Sea,46,Low
INV000578,Drug_58,BATCH-9955-D,WH-A,Injectable,52295,3873,1945,4111,Supplier_2,21,3.04,2026-12-17,2024-12-10,91.0,Land,106,Low
INV000579,Drug_41,BATCH-4170-E,WH-E,Liquid,36426,4530,660,11416,Supplier_15,28,4.85,2028-11-18,2025-04-23,98.8,Express,54,Low
INV000580,Drug_9,BATCH-8353-C,WH-I,Inhaler,5393,761,1197,1608,Supplier_5,33,4.94,2028-09-30,2026-06-07,90.4,Land,128,Low
INV000581,Drug_39,BATCH-2220-C,WH-C,Liquid,25374,3026,1778,13395,Supplier_7,29,3.22,2028-04-05,2025-09-09,97.8,Express,137,Medium
INV000582,Drug_6,BATCH-3847-B,WH-E,Cream,19337,1521,2439,11370,Supplier_4,37,4.44,2027-04-18,2024-10-02,98.5,Express,17,High
INV000583,Drug_15,BATCH-7180-A,WH-C,Tablet,94020,3749,2486,7863,Supplier_5,22,1.01,2028-08-29,2024-11-04,92.5,Sea,36,Medium
INV000584,Drug_3,BATCH-8020-E,WH-C,Inhaler,96629,3236,1951,10009,Supplier_16,58,1.24,2028-01-30,2024-09-07,91.7,Land,83,Medium
INV000585,Drug_44,BATCH-5329-C,WH-A,Capsule,78447,4799,380,7313,Supplier_15,26,4.76,2029-06-05,2025-05-12,96.4,Land,95,Low
INV000586,Drug_14,BATCH-3636-E,WH-B,Tablet,18329,1192,2083,8342,Supplier_16,59,0.68,2026-10-02,2025-04-30,95.6,Land,162,Medium
INV000587,Drug_22,BATCH-1092-F,WH-B,Tablet,78947,4031,1464,13978,Supplier_4,11,0.96,2027-08-07,2026-02-24,89.9,Air,10,Low
INV000588,Drug_32,BATCH-8640-C,WH-I,Capsule,88676,2618,1619,17972,Supplier_6,11,2.11,2026-12-15,2024-12-07,86.5,Express,29,High
INV000589,Drug_67,BATCH-1654-C,WH-G,Tablet,56818,1658,1700,4567,Supplier_18,45,2.95,2027-06-06,2026-07-29,89.0,Land,160,Low
INV000590,Drug_23,BATCH-6285-A,WH-H,Inhaler,68818,4683,1895,12879,Supplier_3,34,3.02,2026-10-07,2025-08-18,87.0,Land,154,Medium
INV000591,Drug_71,BATCH-5934-H,WH-B,Inhaler,49715,3872,1170,10986,Supplier_5,19,1.47,2028-03-28,2026-02-01,89.4,Land,72,Low
INV000592,Drug_21,BATCH-6866-B,WH-I,Inhaler,71396,1947,2137,13212,Supplier_2,48,4.6,2029-05-03,2026-05-27,88.9,Air,147,Low
INV000593,Drug_43,BATCH-6207-D,WH-C,Injectable,72896,2242,149,10138,Supplier_16,58,4.58,2029-06-16,2024-10-30,94.6,Land,30,Low
INV000594,Drug_72,BATCH-4012-B,WH-J,Injectable,98854,4122,336,11893,Supplier_6,37,1.97,2026-09-23,2025-11-01,99.3,Express,22,Low
INV000595,Drug_55,BATCH-9276-C,WH-B,Inhaler,2015,1141,799,11251,Supplier_15,14,2.18,2027-10-11,2024-10-01,95.3,Express,77,Low
INV000596,Drug_60,BATCH-7814-G,WH-A,Capsule,74751,749,1498,4178,Supplier_18,29,3.52,2026-11-03,2025-12-26,98.9,Sea,66,Low
INV000597,Drug_30,BATCH-2506-F,WH-I,Capsule,52874,4142,1856,15811,Supplier_6,19,3.32,2028-01-14,2024-11-08,96.8,Land,72,High
INV000598,Drug_52,BATCH-4624-D,WH-H,Liquid,7176,1951,718,4690,Supplier_13,37,1.92,2027-06-05,2026-05-06,95.9,Land,52,Low
INV000599,Drug_24,BATCH-6437-F,WH-D,Liquid,80450,2228,1207,17436,Supplier_13,21,2.08,2028-08-26,2026-05-07,91.2,Sea,67,High
INV000600,Drug_24,BATCH-6911-E,WH-G,Inhaler,33183,782,1401,6577,Supplier_1,24,1.75,2028-07-30,2024-10-26,89.9,Air,138,Low
INV000601,Drug_56,BATCH-4579-H,WH-C,Tablet,54018,562,1868,10103,Supplier_16,26,1.18,2028-05-24,2024-09-01,97.7,Land,55,Low
INV000602,Drug_51,BATCH-1144-B,WH-C,Tablet,4893,2737,1014,14767,Supplier_4,41,2.3,2027-06-07,2026-01-03,98.6,Land,16,Medium
INV000603,Drug_4,BATCH-6668-H,WH-D,Capsule,50628,4146,1777,15988,Supplier_17,56,3.44,2028-12-05,2024-12-30,91.8,Air,179,Medium
INV000604,Drug_79,BATCH-4937-D,WH-B,Tablet,66898,3806,2478,17640,Supplier_18,12,3.71,2028-02-02,2025-06-10,85.1,Air,130,Low
INV000605,Drug_26,BATCH-1653-F,WH-J,Cream,9419,481,1741,2460,Supplier_16,48,3.9,2027-04-06,2025-09-18,96.9,Sea,13,Medium
INV000606,Drug_58,BATCH-7248-B,WH-D,Injectable,13294,4544,1651,17492,Supplier_1,19,1.88,2027-05-21,2025-05-18,89.3,Sea,11,Low
INV000607,Drug_76,BATCH-7322-E,WH-J,Tablet,19409,857,914,17033,Supplier_6,47,3.83,2027-10-29,2026-01-05,85.1,Land,161,Medium
INV000608,Drug_55,BATCH-9851-E,WH-C,Tablet,58496,1329,1403,17152,Supplier_11,49,0.04,2026-10-22,2025-05-25,97.1,Sea,154,Medium
INV000609,Drug_50,BATCH-1404-F,WH-H,Liquid,94396,2271,513,3698,Supplier_6,30,2.39,2027-11-06,2026-02-21,92.8,Sea,150,Low
INV000610,Drug_1,BATCH-9426-H,WH-B,Cream,27098,904,2311,14161,Supplier_17,15,3.97,2028-09-05,2026-04-16,95.3,Express,62,High
INV000611,Drug_28,BATCH-8975-A,WH-I,Tablet,3568,3262,204,10718,Supplier_4,3,3.15,2029-03-05,2025-11-18,98.7,Air,44,Medium
INV000612,Drug_27,BATCH-5856-D,WH-C,Injectable,12751,2636,1467,12701,Supplier_14,49,2.38,2028-11-05,2025-07-22,93.1,Land,93,Low
INV000613,Drug_36,BATCH-6248-B,WH-D,Tablet,20505,4890,1732,1508,Supplier_14,13,3.23,2027-12-09,2026-07-27,92.5,Express,35,High
INV000614,Drug_9,BATCH-2572-C,WH-J,Capsule,14582,2818,2389,16102,Supplier_20,59,4.54,2028-12-27,2025-05-19,89.4,Land,167,High
INV000615,Drug_74,BATCH-9814-A,WH-J,Cream,4509,4388,1292,917,Supplier_8,9,2.84,2027-01-30,2026-03-27,89.6,Land,30,Medium
INV000616,Drug_14,BATCH-2072-D,WH-C,Tablet,66183,3390,256,3545,Supplier_2,13,4.0,2028-10-06,2026-02-16,96.9,Land,110,Low
INV000617,Drug_69,BATCH-4492-G,WH-C,Cream,85543,3278,1837,15570,Supplier_5,16,4.9,2028-02-27,2024-09-29,91.7,Air,88,High
INV000618,Drug_24,BATCH-2702-D,WH-H,Tablet,23526,1669,1637,14153,Supplier_4,51,3.53,2027-05-08,2025-04-23,87.5,Land,166,Low
INV000619,Drug_47,BATCH-9810-G,WH-H,Injectable,54857,325,1351,19302,Supplier_10,14,2.87,2029-02-08,2025-11-14,86.4,Land,80,Low
INV000620,Drug_42,BATCH-2181-C,WH-F,Injectable,14536,4153,355,9295,Supplier_20,8,0.2,2027-03-14,2024-11-21,92.1,Air,148,Low
INV000621,Drug_26,BATCH-1389-H,WH-D,Cream,16590,3913,585,9842,Supplier_3,54,1.88,2029-02-01,2024-09-25,92.0,Land,127,Medium
INV000622,Drug_59,BATCH-6434-A,WH-A,Inhaler,52236,764,272,18039,Supplier_16,19,2.83,2027-06-01,2025-09-02,94.8,Express,46,High
INV000623,Drug_15,BATCH-2433-B,WH-D,Liquid,29062,2130,307,7235,Supplier_10,57,3.99,2026-09-17,2025-06-08,92.1,Sea,137,Medium
INV000624,Drug_34,BATCH-1889-C,WH-H,Liquid,29388,859,1335,731,Supplier_15,56,2.2,2029-01-17,2026-03-31,87.2,Land,65,High
INV000625,Drug_63,BATCH-5127-B,WH-F,Capsule,22336,3776,964,2467,Supplier_4,32,4.8,2029-03-05,2025-08-20,92.6,Land,48,Low
INV000626,Drug_68,BATCH-4729-E,WH-B,Inhaler,15023,4028,2104,16916,Supplier_1,35,1.37,2029-07-24,2026-05-08,98.6,Express,39,Low
INV000627,Drug_41,BATCH-7678-G,WH-C,Liquid,66886,911,1548,16330,Supplier_15,23,3.73,2029-01-25,2026-01-20,87.4,Express,112,Medium
INV000628,Drug_77,BATCH-8391-G,WH-G,Cream,55991,86,554,13936,Supplier_10,21,2.1,2029-07-24,2025-01-04,95.3,Land,95,High
INV000629,Drug_50,BATCH-8094-F,WH-D,Liquid,13364,3861,405,9713,Supplier_20,18,2.44,2028-03-26,2025-01-01,93.9,Sea,132,Medium
INV000630,Drug_79,BATCH-1276-G,WH-D,Capsule,67247,2131,87,14015,Supplier_18,48,4.01,2028-05-14,2024-11-26,96.2,Air,5,Low
INV000631,Drug_51,BATCH-2938-A,WH-E,Tablet,8028,504,152,12444,Supplier_16,14,1.49,2028-03-28,2025-04-01,87.3,Sea,47,Low
INV000632,Drug_76,BATCH-2036-A,WH-H,Liquid,34658,4589,1576,10100,Supplier_9,16,0.49,2027-11-07,2024-12-06,99.1,Land,36,Low
INV000633,Drug_15,BATCH-2189-F,WH-G,Cream,56469,3358,2235,11918,Supplier_19,24,2.61,2027-06-12,2025-05-21,94.3,Land,107,Low
INV000634,Drug_45,BATCH-9238-B,WH-I,Cream,66503,4357,319,16984,Supplier_17,49,2.65,2027-12-26,2024-11-13,97.7,Express,37,Low
INV000635,Drug_46,BATCH-5748-E,WH-E,Capsule,97325,3261,203,12022,Supplier_10,52,3.99,2027-09-24,2024-12-04,88.7,Land,99,High
INV000636,Drug_59,BATCH-2417-E,WH-A,Capsule,45313,2705,253,11429,Supplier_19,32,4.84,2027-09-23,2026-05-11,96.1,Land,113,Medium
INV000637,Drug_80,BATCH-8170-G,WH-D,Injectable,98731,1031,907,4191,Supplier_8,11,0.29,2028-02-07,2025-02-17,96.7,Land,70,Medium
INV000638,Drug_23,BATCH-7473-A,WH-F,Injectable,3916,4441,418,17641,Supplier_19,45,2.96,2027-10-01,2025-09-12,91.0,Air,34,Low
INV000639,Drug_39,BATCH-8765-C,WH-F,Injectable,98262,201,96,8133,Supplier_5,11,3.41,2026-08-14,2025-08-08,90.8,Land,14,Low
INV000640,Drug_79,BATCH-9740-D,WH-I,Tablet,36016,3344,342,14783,Supplier_2,4,4.93,2029-01-24,2024-11-21,94.9,Land,27,Medium
INV000641,Drug_76,BATCH-3234-G,WH-J,Cream,47938,649,619,19577,Supplier_15,26,4.71,2027-02-28,2024-10-26,86.4,Express,101,High
INV000642,Drug_11,BATCH-9941-E,WH-E,Injectable,11673,1372,403,8433,Supplier_17,46,3.57,2027-05-07,2025-07-04,96.0,Sea,43,Medium
INV000643,Drug_18,BATCH-3360-E,WH-E,Cream,43434,1561,931,13288,Supplier_10,5,2.61,2027-01-08,2024-09-21,85.6,Express,177,High
INV000644,Drug_41,BATCH-7113-A,WH-F,Capsule,84575,2308,160,16610,Supplier_2,36,0.82,2029-01-22,2025-04-06,87.9,Land,127,High
INV000645,Drug_16,BATCH-3316-B,WH-F,Tablet,65464,281,1426,2818,Supplier_9,33,1.93,2026-11-14,2025-07-23,95.0,Sea,161,Low
INV000646,Drug_31,BATCH-1684-A,WH-C,Capsule,13257,2792,1167,9562,Supplier_2,14,2.93,2028-09-11,2025-10-04,86.5,Air,162,Low
INV000647,Drug_40,BATCH-7456-B,WH-F,Cream,9422,4512,930,6839,Supplier_18,32,3.63,2028-06-23,2024-11-16,99.6,Air,166,Medium
INV000648,Drug_15,BATCH-5992-D,WH-H,Inhaler,2582,4626,554,7242,Supplier_12,7,3.18,2028-02-01,2026-02-23,98.0,Land,107,Low
INV000649,Drug_24,BATCH-6633-D,WH-F,Inhaler,35967,621,547,11591,Supplier_15,10,3.57,2028-07-18,2025-02-23,94.4,Air,26,Low
INV000650,Drug_48,BATCH-7760-C,WH-E,Injectable,79311,1252,411,2218,Supplier_20,59,2.15,2028-01-02,2025-12-10,97.3,Land,9,Low
INV000651,Drug_19,BATCH-3637-C,WH-C,Inhaler,96056,1557,597,13152,Supplier_6,2,3.64,2027-10-24,2024-10-31,98.3,Express,143,Low
INV000652,Drug_66,BATCH-4617-E,WH-A,Capsule,77371,1662,668,16440,Supplier_18,10,0.73,2029-03-05,2026-07-01,88.9,Land,164,High
INV000653,Drug_50,BATCH-4183-B,WH-E,Inhaler,79486,3616,1317,19482,Supplier_13,35,0.82,2028-01-13,2025-03-27,97.7,Land,156,Low
INV000654,Drug_54,BATCH-3971-A,WH-F,Liquid,6832,4090,571,2247,Supplier_4,21,0.82,2027-10-05,2025-10-04,87.9,Air,143,Low
INV000655,Drug_77,BATCH-9992-H,WH-F,Tablet,40853,1620,1534,18142,Supplier_12,40,4.46,2027-05-13,2025-07-15,91.2,Land,143,Medium
INV000656,Drug_18,BATCH-2198-E,WH-F,Cream,34522,1089,1611,1922,Supplier_9,42,0.39,2027-03-14,2025-09-14,93.4,Sea,149,Medium
INV000657,Drug_74,BATCH-2103-E,WH-C,Injectable,98367,1475,579,4252,Supplier_2,8,4.01,2028-12-18,2026-07-18,95.7,Express,164,Medium
INV000658,Drug_50,BATCH-2608-D,WH-D,Capsule,77064,4131,1788,1851,Supplier_16,46,1.18,2027-06-09,2025-06-06,85.5,Air,87,High
INV000659,Drug_55,BATCH-8982-F,WH-C,Tablet,56384,220,2183,1978,Supplier_1,18,2.35,2027-10-09,2026-01-20,89.4,Land,159,Medium
INV000660,Drug_24,BATCH-6851-C,WH-B,Injectable,11411,238,2249,883,Supplier_4,9,4.58,2029-07-05,2025-02-23,94.1,Land,36,Medium
INV000661,Drug_63,BATCH-4842-B,WH-H,Capsule,69369,4931,1599,9671,Supplier_15,54,2.93,2028-11-16,2025-05-13,90.4,Land,65,Low
INV000662,Drug_69,BATCH-5671-B,WH-G,Inhaler,39679,4728,648,18594,Supplier_20,41,1.06,2029-05-26,2024-09-23,96.6,Express,29,Low
INV000663,Drug_23,BATCH-4170-F,WH-H,Cream,73978,649,2013,14137,Supplier_1,30,1.43,2029-04-29,2025-07-17,94.8,Sea,68,Medium
INV000664,Drug_72,BATCH-8960-H,WH-F,Liquid,76100,4991,968,19166,Supplier_20,4,4.6,2028-10-28,2025-09-08,88.5,Sea,160,High
INV000665,Drug_22,BATCH-6379-E,WH-G,Liquid,48614,4067,497,8705,Supplier_15,35,2.14,2027-09-20,2026-08-12,87.2,Land,172,High
INV000666,Drug_63,BATCH-3496-F,WH-A,Inhaler,45411,3382,1611,7643,Supplier_3,14,2.94,2027-02-14,2024-11-03,94.4,Land,95,Medium
INV000667,Drug_37,BATCH-6182-G,WH-J,Cream,10400,3626,1018,5692,Supplier_13,14,2.31,2027-04-19,2025-03-08,91.8,Land,146,Medium
INV000668,Drug_18,BATCH-3762-A,WH-E,Tablet,65475,2439,1146,17027,Supplier_18,53,1.9,2029-03-02,2025-03-23,87.5,Air,46,Low
INV000669,Drug_24,BATCH-6131-D,WH-D,Cream,34663,1003,1459,18255,Supplier_13,48,1.12,2028-09-24,2026-03-13,89.9,Land,43,Low
INV000670,Drug_41,BATCH-4629-G,WH-J,Inhaler,49060,1675,194,3466,Supplier_10,37,3.43,2029-04-01,2025-12-05,89.5,Express,6,Low
INV000671,Drug_58,BATCH-5533-F,WH-C,Capsule,79344,1920,1038,6109,Supplier_20,20,3.59,2027-11-04,2025-12-25,86.6,Land,85,Low
INV000672,Drug_80,BATCH-3200-F,WH-B,Tablet,28190,4311,80,13069,Supplier_7,29,1.38,2026-11-18,2025-08-23,93.2,Express,5,Low
INV000673,Drug_7,BATCH-8863-H,WH-I,Liquid,16428,2074,1781,7214,Supplier_8,23,3.95,2028-07-01,2024-09-30,96.5,Land,113,Low
INV000674,Drug_46,BATCH-8296-F,WH-H,Inhaler,26754,4379,2397,11487,Supplier_1,56,4.27,2028-11-16,2026-02-26,93.6,Sea,164,Medium
INV000675,Drug_2,BATCH-6004-H,WH-J,Capsule,6314,690,682,8019,Supplier_18,47,4.6,2026-12-04,2026-08-08,97.4,Air,129,Medium
INV000676,Drug_63,BATCH-2783-C,WH-B,Inhaler,57840,1877,981,15037,Supplier_12,21,0.81,2026-09-24,2024-09-20,86.9,Land,68,Medium
INV000677,Drug_18,BATCH-2343-E,WH-F,Injectable,65049,4752,284,15386,Supplier_18,31,1.53,2029-01-28,2024-09-19,91.5,Land,163,Low
INV000678,Drug_25,BATCH-3293-D,WH-C,Injectable,39013,589,665,10256,Supplier_12,32,4.3,2026-12-29,2024-12-17,94.1,Land,86,Low
INV000679,Drug_50,BATCH-5312-B,WH-C,Injectable,27652,2415,2412,915,Supplier_20,41,1.0,2027-07-20,2026-08-09,95.1,Land,82,High
INV000680,Drug_72,BATCH-2235-A,WH-E,Liquid,35477,4488,428,17475,Supplier_9,7,0.03,2028-02-08,2026-06-19,95.4,Express,115,Low
INV000681,Drug_65,BATCH-9309-A,WH-G,Cream,25834,3551,819,17084,Supplier_2,13,4.36,2028-09-16,2026-05-10,95.9,Land,146,High
INV000682,Drug_64,BATCH-7637-D,WH-G,Tablet,90357,3997,1586,19224,Supplier_14,23,1.64,2028-08-15,2025-01-16,94.8,Land,20,Low
INV000683,Drug_53,BATCH-1600-E,WH-J,Liquid,18710,3076,1208,12894,Supplier_4,8,2.08,2027-02-11,2024-10-29,86.4,Sea,58,Medium
INV000684,Drug_63,BATCH-9904-H,WH-A,Capsule,57707,4782,738,9094,Supplier_15,12,2.24,2028-12-10,2025-04-29,95.4,Land,145,Low
INV000685,Drug_54,BATCH-3435-F,WH-G,Capsule,79258,3587,2416,18917,Supplier_17,36,4.24,2027-10-06,2025-10-20,95.9,Express,128,Low
INV000686,Drug_57,BATCH-7430-D,WH-G,Injectable,28975,4224,1421,18778,Supplier_19,16,1.7,2028-06-14,2025-08-06,99.9,Air,84,Low
INV000687,Drug_63,BATCH-5767-C,WH-F,Tablet,55182,2546,1982,10401,Supplier_6,26,4.46,2027-07-07,2026-04-11,95.4,Express,83,Medium
INV000688,Drug_22,BATCH-8613-B,WH-F,Injectable,23326,4336,2118,10715,Supplier_9,29,3.09,2028-07-17,2026-02-09,95.3,Express,163,Low
INV000689,Drug_11,BATCH-7500-F,WH-B,Capsule,27777,4789,1777,9277,Supplier_17,29,2.64,2028-11-02,2025-12-09,92.7,Land,153,Medium
INV000690,Drug_73,BATCH-9227-A,WH-C,Capsule,10398,2139,928,18175,Supplier_15,6,1.63,2027-07-17,2025-01-21,98.0,Sea,131,Low
INV000691,Drug_4,BATCH-4913-C,WH-C,Cream,35948,3371,2127,10643,Supplier_5,37,1.23,2027-10-25,2025-08-16,100.0,Sea,162,Low
INV000692,Drug_29,BATCH-9423-C,WH-C,Cream,99391,3631,1126,4640,Supplier_18,33,3.12,2026-09-08,2026-05-25,96.7,Sea,27,High
INV000693,Drug_38,BATCH-8310-C,WH-B,Cream,63754,2599,1719,1983,Supplier_4,31,2.24,2029-01-15,2024-11-22,94.2,Air,42,High
INV000694,Drug_5,BATCH-3935-C,WH-I,Injectable,17844,1266,880,13313,Supplier_2,46,4.55,2026-12-29,2025-07-19,86.2,Land,161,Medium
INV000695,Drug_36,BATCH-8921-F,WH-F,Inhaler,23534,4935,1320,5585,Supplier_19,41,2.46,2027-05-20,2026-07-11,95.9,Air,81,Low
INV000696,Drug_29,BATCH-1662-D,WH-B,Tablet,48101,4028,684,4317,Supplier_5,18,2.56,2028-11-10,2026-07-16,95.6,Land,36,Low
INV000697,Drug_69,BATCH-8989-D,WH-C,Cream,67362,791,135,7182,Supplier_4,38,2.09,2028-08-11,2025-01-27,96.6,Sea,116,High
INV000698,Drug_37,BATCH-2029-E,WH-J,Liquid,59733,4235,1063,2783,Supplier_5,47,3.95,2028-10-06,2026-05-13,86.9,Air,110,Low
INV000699,Drug_22,BATCH-7052-D,WH-F,Cream,49017,1764,2150,10121,Supplier_19,31,2.13,2029-06-18,2026-01-16,94.8,Land,95,High
INV000700,Drug_59,BATCH-1701-D,WH-D,Injectable,79904,4094,525,13607,Supplier_13,16,1.35,2028-09-05,2025-12-17,89.4,Express,102,Low
INV000701,Drug_73,BATCH-9485-F,WH-G,Tablet,46845,697,442,15516,Supplier_16,40,4.31,2027-11-03,2024-08-29,96.4,Land,49,High
INV000702,Drug_64,BATCH-7358-H,WH-F,Cream,1007,2847,1888,13956,Supplier_12,51,2.99,2028-07-20,2024-12-27,88.6,Land,53,Low
INV000703,Drug_71,BATCH-8448-A,WH-F,Tablet,91395,868,299,15548,Supplier_9,37,2.96,2028-04-06,2026-04-25,95.3,Land,165,Low
INV000704,Drug_66,BATCH-1653-F,WH-C,Liquid,58702,292,1245,2630,Supplier_16,14,3.06,2028-11-30,2025-01-26,89.4,Land,8,Medium
INV000705,Drug_15,BATCH-2691-E,WH-H,Capsule,13864,4364,1779,7260,Supplier_14,39,3.6,2028-02-02,2025-12-02,85.1,Express,150,High
INV000706,Drug_74,BATCH-5314-C,WH-I,Tablet,24509,4154,1793,3136,Supplier_1,4,1.57,2027-10-01,2025-12-12,94.5,Sea,68,High
INV000707,Drug_15,BATCH-7171-G,WH-F,Inhaler,8490,4575,1158,12064,Supplier_20,30,0.18,2029-03-25,2025-08-19,86.7,Express,160,Medium
INV000708,Drug_35,BATCH-6985-B,WH-B,Cream,30272,3927,2266,9507,Supplier_4,53,4.05,2028-12-17,2024-10-21,94.9,Sea,112,Medium
INV000709,Drug_70,BATCH-9465-E,WH-A,Injectable,40642,62,1567,6909,Supplier_9,33,0.65,2026-09-10,2025-06-02,98.9,Express,125,Medium
INV000710,Drug_47,BATCH-7165-D,WH-C,Inhaler,47424,3067,1992,9275,Supplier_19,36,3.61,2027-10-07,2025-05-25,99.5,Sea,94,Medium
INV000711,Drug_70,BATCH-9460-G,WH-C,Inhaler,48296,739,823,6816,Supplier_14,30,0.42,2028-02-28,2024-10-22,88.5,Express,60,High
INV000712,Drug_6,BATCH-6781-F,WH-H,Injectable,69001,3188,1988,2619,Supplier_12,14,1.88,2027-07-25,2026-03-26,97.1,Express,24,Low
INV000713,Drug_57,BATCH-8976-H,WH-E,Injectable,25936,3790,2373,1599,Supplier_4,23,0.32,2027-03-08,2025-11-21,90.3,Air,81,Medium
INV000714,Drug_70,BATCH-1108-C,WH-A,Injectable,94190,726,2221,9968,Supplier_7,48,2.62,2027-04-09,2025-11-05,98.5,Express,166,Medium
INV000715,Drug_28,BATCH-8207-C,WH-D,Inhaler,21763,3624,793,18668,Supplier_17,28,3.27,2027-10-10,2025-10-04,96.8,Air,91,Medium
INV000716,Drug_55,BATCH-4768-B,WH-G,Tablet,6051,4353,1509,14445,Supplier_1,58,0.87,2027-08-14,2025-02-22,86.1,Sea,142,High
INV000717,Drug_14,BATCH-9430-E,WH-E,Injectable,15275,1373,163,13178,Supplier_14,7,1.86,2029-03-05,2024-10-27,91.1,Land,119,Low
INV000718,Drug_32,BATCH-4465-C,WH-J,Capsule,11127,2915,885,14636,Supplier_15,42,4.65,2026-11-20,2026-07-15,90.1,Express,98,Low
INV000719,Drug_39,BATCH-4062-C,WH-F,Inhaler,75730,1052,1884,1735,Supplier_12,10,2.22,2028-04-30,2026-02-18,96.8,Land,154,Low
INV000720,Drug_5,BATCH-6934-B,WH-J,Inhaler,88717,2552,2364,8481,Supplier_12,4,4.01,2027-04-19,2025-04-03,91.2,Land,137,Low
INV000721,Drug_58,BATCH-4773-G,WH-D,Inhaler,12267,1815,359,15565,Supplier_6,44,4.64,2026-09-09,2025-08-01,95.3,Land,176,Low
INV000722,Drug_34,BATCH-6410-B,WH-B,Liquid,74405,1603,1883,13650,Supplier_13,38,4.87,2027-07-26,2026-03-10,94.0,Express,118,High
INV000723,Drug_45,BATCH-8889-H,WH-I,Tablet,23160,2341,1232,4390,Supplier_16,13,4.49,2027-09-23,2026-03-20,99.6,Land,13,Medium
INV000724,Drug_12,BATCH-8848-D,WH-B,Tablet,66656,2035,2379,18238,Supplier_14,21,1.59,2028-03-25,2025-11-19,99.1,Sea,47,High
INV000725,Drug_57,BATCH-3641-G,WH-B,Injectable,77481,4916,949,10293,Supplier_7,33,4.81,2028-04-25,2024-09-13,91.4,Sea,8,Low
INV000726,Drug_16,BATCH-1367-D,WH-B,Inhaler,10585,287,1005,11071,Supplier_16,40,4.06,2028-06-19,2026-05-22,95.9,Air,174,High
INV000727,Drug_31,BATCH-1706-C,WH-A,Inhaler,73550,3367,1310,7652,Supplier_9,28,4.19,2028-11-23,2025-10-27,97.4,Land,69,Medium
INV000728,Drug_27,BATCH-3639-C,WH-C,Injectable,8902,2442,1358,4160,Supplier_14,23,0.09,2027-12-19,2025-11-04,98.5,Air,102,Low
INV000729,Drug_76,BATCH-9399-A,WH-F,Tablet,33414,3605,368,7034,Supplier_7,32,4.77,2027-10-10,2024-10-02,86.0,Sea,173,Medium
INV000730,Drug_45,BATCH-3406-A,WH-G,Injectable,48398,1634,681,10764,Supplier_12,48,3.89,2029-06-21,2025-10-31,89.5,Express,59,High
INV000731,Drug_79,BATCH-3725-E,WH-A,Injectable,19665,1357,1821,14942,Supplier_3,5,3.84,2028-03-03,2025-12-23,89.8,Sea,150,Low
INV000732,Drug_55,BATCH-3949-G,WH-E,Injectable,93253,2135,1874,5291,Supplier_14,58,0.42,2027-02-24,2024-11-08,91.5,Land,148,Medium
INV000733,Drug_22,BATCH-1305-E,WH-E,Injectable,91245,1869,285,17102,Supplier_19,26,1.17,2028-12-28,2026-01-08,87.5,Sea,91,High
INV000734,Drug_79,BATCH-2404-D,WH-A,Injectable,44333,81,1410,3910,Supplier_11,39,4.81,2028-04-04,2025-07-29,92.4,Air,178,Low
INV000735,Drug_18,BATCH-8359-H,WH-D,Cream,86007,341,193,17413,Supplier_5,26,2.51,2029-03-31,2025-03-29,94.9,Sea,168,Medium
INV000736,Drug_27,BATCH-8891-C,WH-J,Cream,48484,3736,684,6827,Supplier_13,3,2.0,2027-01-09,2025-06-27,92.5,Land,94,Low
INV000737,Drug_27,BATCH-4594-G,WH-A,Inhaler,52585,4437,224,8188,Supplier_10,24,4.2,2029-01-24,2026-01-08,95.0,Express,48,Low
INV000738,Drug_8,BATCH-3338-C,WH-A,Inhaler,84760,1692,1433,3186,Supplier_7,53,0.45,2029-01-15,2026-06-25,86.0,Sea,9,Medium
INV000739,Drug_73,BATCH-9369-E,WH-G,Cream,78353,627,606,10709,Supplier_17,34,2.09,2026-10-18,2026-02-04,98.1,Sea,33,Low
INV000740,Drug_45,BATCH-3747-F,WH-G,Tablet,63070,3959,590,15500,Supplier_16,34,1.88,2029-02-10,2025-12-23,99.1,Land,130,Medium
INV000741,Drug_69,BATCH-8429-B,WH-C,Liquid,37769,1273,2467,12865,Supplier_8,20,1.76,2027-05-16,2025-02-04,94.3,Land,8,Low
INV000742,Drug_36,BATCH-4765-G,WH-G,Tablet,26372,4126,2423,16760,Supplier_17,55,1.55,2026-12-08,2025-08-11,98.2,Land,103,Low
INV000743,Drug_77,BATCH-7315-C,WH-C,Inhaler,11942,2702,52,10713,Supplier_13,30,1.06,2028-11-23,2025-01-14,87.0,Express,53,Medium
INV000744,Drug_69,BATCH-2778-A,WH-B,Cream,64199,496,1923,10106,Supplier_11,42,0.87,2028-12-21,2026-05-05,97.0,Land,89,Low
INV000745,Drug_22,BATCH-4315-G,WH-J,Tablet,2182,3469,656,6370,Supplier_20,20,3.21,2028-12-18,2026-08-08,86.8,Land,140,Low
INV000746,Drug_42,BATCH-3450-B,WH-D,Liquid,53904,4423,2452,2823,Supplier_18,41,4.6,2027-09-09,2026-05-25,91.1,Express,126,High
INV000747,Drug_38,BATCH-3906-H,WH-J,Injectable,26361,3091,1650,19362,Supplier_5,18,2.55,2027-02-17,2024-10-06,89.9,Land,120,High
INV000748,Drug_38,BATCH-1639-B,WH-C,Capsule,86606,2629,2061,15776,Supplier_6,38,1.5,2027-05-20,2026-01-09,93.8,Sea,153,High
INV000749,Drug_74,BATCH-2526-H,WH-G,Cream,9895,1472,1335,4565,Supplier_20,20,0.8,2028-07-20,2026-07-22,89.5,Sea,159,Medium
INV000750,Drug_35,BATCH-3135-A,WH-A,Cream,45409,2659,1790,11579,Supplier_14,6,4.15,2027-03-25,2024-08-18,94.6,Sea,170,High
INV000751,Drug_66,BATCH-8069-G,WH-F,Liquid,61556,3131,831,4540,Supplier_12,58,4.86,2028-12-23,2024-09-24,90.5,Air,137,High
INV000752,Drug_13,BATCH-7068-A,WH-B,Injectable,98664,108,2299,4955,Supplier_4,57,1.75,2028-10-10,2025-07-14,97.9,Air,89,Low
INV000753,Drug_18,BATCH-9680-G,WH-H,Injectable,20280,3209,2099,16163,Supplier_7,42,1.46,2027-07-27,2026-03-24,94.5,Air,65,Low
INV000754,Drug_53,BATCH-4759-H,WH-E,Capsule,63388,508,1165,9298,Supplier_11,25,3.01,2027-10-09,2026-04-06,88.2,Express,140,Low
INV000755,Drug_8,BATCH-7246-F,WH-C,Injectable,46435,153,113,16191,Supplier_20,41,3.88,2027-09-09,2024-10-22,90.0,Express,90,Low
INV000756,Drug_36,BATCH-2600-G,WH-J,Liquid,92987,4976,1783,18459,Supplier_2,41,2.28,2027-06-13,2025-01-14,97.7,Land,22,High
INV000757,Drug_17,BATCH-3193-E,WH-G,Inhaler,33368,838,146,4158,Supplier_4,3,3.15,2026-10-07,2026-06-05,90.8,Express,136,Medium
INV000758,Drug_17,BATCH-8817-D,WH-B,Injectable,66651,791,1942,2336,Supplier_7,44,3.59,2028-10-30,2026-04-13,93.0,Air,8,Medium
INV000759,Drug_32,BATCH-2373-E,WH-E,Inhaler,24589,3456,890,10988,Supplier_1,43,4.8,2027-10-26,2024-08-20,94.7,Express,169,Low
INV000760,Drug_19,BATCH-9908-G,WH-H,Inhaler,59498,1622,57,9245,Supplier_15,46,0.83,2026-11-26,2026-07-06,90.2,Land,131,Low
INV000761,Drug_42,BATCH-5223-D,WH-A,Liquid,54570,2751,627,706,Supplier_20,57,4.99,2027-08-03,2025-10-21,89.4,Air,147,Low
INV000762,Drug_32,BATCH-1089-A,WH-A,Cream,77502,4700,720,8799,Supplier_8,19,1.97,2027-08-30,2025-01-16,92.1,Air,170,High
INV000763,Drug_51,BATCH-9561-B,WH-C,Cream,80908,4773,549,8915,Supplier_5,10,3.62,2027-07-25,2025-01-12,88.2,Sea,159,Low
INV000764,Drug_63,BATCH-9515-A,WH-C,Cream,32261,3462,1072,3250,Supplier_14,51,2.87,2029-05-20,2026-01-15,89.3,Air,52,High
INV000765,Drug_19,BATCH-7144-D,WH-G,Tablet,67735,3026,1373,14983,Supplier_18,5,2.44,2027-12-26,2026-04-21,85.9,Sea,50,Low
INV000766,Drug_74,BATCH-6175-G,WH-F,Cream,72022,2184,2106,2597,Supplier_3,22,3.49,2027-10-02,2024-12-30,89.6,Air,50,Medium
INV000767,Drug_35,BATCH-6935-B,WH-G,Liquid,70974,477,271,8112,Supplier_2,9,1.98,2026-08-19,2025-12-14,89.8,Sea,52,Medium
INV000768,Drug_54,BATCH-3535-G,WH-D,Capsule,60461,1994,2121,1509,Supplier_16,33,0.64,2027-02-17,2025-07-23,99.4,Sea,124,High
INV000769,Drug_49,BATCH-5155-E,WH-B,Injectable,73936,1321,1987,7402,Supplier_14,15,2.45,2028-01-16,2025-04-27,93.8,Express,136,Low
INV000770,Drug_58,BATCH-9783-G,WH-B,Cream,60866,4631,2252,7900,Supplier_16,24,2.61,2028-05-08,2025-09-28,96.8,Sea,23,Low
INV000771,Drug_10,BATCH-6990-E,WH-J,Tablet,21500,4749,1418,4918,Supplier_11,30,1.02,2029-07-20,2026-06-28,85.7,Sea,23,Low
INV000772,Drug_12,BATCH-7511-D,WH-A,Inhaler,24741,461,1932,6150,Supplier_17,36,4.68,2027-04-17,2025-11-17,86.6,Land,46,High
INV000773,Drug_52,BATCH-7770-H,WH-I,Tablet,52333,1981,2048,10433,Supplier_3,58,1.15,2027-03-13,2026-01-18,97.2,Express,96,Low
INV000774,Drug_66,BATCH-3928-F,WH-G,Liquid,69933,2545,762,14371,Supplier_5,39,2.05,2026-09-22,2025-11-08,94.4,Sea,9,Low
INV000775,Drug_36,BATCH-8925-E,WH-J,Capsule,19432,296,1993,10926,Supplier_3,6,0.78,2028-10-12,2026-06-29,87.9,Express,52,Medium
INV000776,Drug_48,BATCH-6024-F,WH-C,Cream,15301,2867,1461,17339,Supplier_15,15,2.68,2027-02-16,2024-12-13,91.1,Sea,157,Medium
INV000777,Drug_59,BATCH-7522-C,WH-B,Cream,45482,2221,388,345,Supplier_5,38,1.55,2027-06-01,2025-04-19,93.1,Air,30,High
INV000778,Drug_63,BATCH-2951-D,WH-C,Tablet,46229,3381,2382,12214,Supplier_3,39,2.45,2028-04-03,2026-06-22,97.7,Sea,78,High
INV000779,Drug_42,BATCH-8317-C,WH-G,Liquid,33908,2974,1006,2058,Supplier_6,52,1.13,2028-07-15,2025-08-21,85.9,Land,113,Medium
INV000780,Drug_75,BATCH-2642-D,WH-E,Tablet,78446,2110,1327,4922,Supplier_14,22,0.28,2029-02-07,2025-11-05,94.0,Sea,139,High
INV000781,Drug_1,BATCH-9328-G,WH-C,Tablet,73624,3384,251,3798,Supplier_2,3,3.9,2028-07-27,2026-02-06,95.8,Land,176,Medium
INV000782,Drug_12,BATCH-6544-A,WH-I,Capsule,56725,4945,1291,13783,Supplier_18,53,3.21,2027-11-20,2026-03-01,99.7,Sea,91,Low
INV000783,Drug_59,BATCH-3633-G,WH-B,Liquid,40427,994,2082,15069,Supplier_6,29,1.71,2027-02-07,2026-05-16,97.1,Land,159,High
INV000784,Drug_46,BATCH-1086-B,WH-G,Capsule,19679,2297,1440,17213,Supplier_5,29,0.25,2026-09-08,2025-02-14,89.1,Sea,174,Medium
INV000785,Drug_9,BATCH-3381-H,WH-J,Liquid,21583,1312,2120,15416,Supplier_14,31,4.33,2028-10-02,2025-04-20,95.6,Land,77,Low
INV000786,Drug_69,BATCH-8133-B,WH-F,Cream,603,225,1672,11558,Supplier_17,45,0.86,2029-06-03,2025-07-24,96.4,Land,60,Medium
INV000787,Drug_51,BATCH-2049-E,WH-F,Injectable,70980,1102,2276,3718,Supplier_11,2,4.65,2026-10-27,2025-12-13,95.9,Land,135,Low
INV000788,Drug_28,BATCH-4633-F,WH-G,Inhaler,9047,2774,181,4552,Supplier_1,35,2.4,2029-04-10,2025-10-31,97.3,Sea,130,Low
INV000789,Drug_55,BATCH-2311-A,WH-F,Injectable,9633,2632,2098,12306,Supplier_10,45,1.71,2027-04-28,2026-05-04,98.6,Express,145,Medium
INV000790,Drug_28,BATCH-7296-G,WH-B,Liquid,47676,1367,2493,7629,Supplier_9,9,3.71,2029-04-23,2025-03-18,86.5,Land,63,High
INV000791,Drug_64,BATCH-9536-E,WH-E,Injectable,41016,4622,1726,9296,Supplier_20,22,4.39,2026-08-31,2025-10-03,86.6,Sea,42,Medium
INV000792,Drug_35,BATCH-1941-C,WH-C,Tablet,47023,3417,785,5755,Supplier_12,19,1.86,2028-09-16,2025-01-24,96.9,Express,89,Low
INV000793,Drug_42,BATCH-9099-H,WH-I,Cream,55262,1724,798,8197,Supplier_1,50,2.04,2028-10-21,2025-06-11,88.8,Land,87,High
INV000794,Drug_37,BATCH-1175-D,WH-H,Inhaler,80829,383,2336,11009,Supplier_18,37,2.17,2026-10-17,2024-11-18,85.9,Land,90,Low
INV000795,Drug_44,BATCH-9489-E,WH-J,Inhaler,67017,1314,1577,16691,Supplier_12,10,4.61,2028-11-01,2026-05-24,91.0,Air,5,Low
INV000796,Drug_71,BATCH-4190-A,WH-B,Inhaler,7112,3227,982,10068,Supplier_2,46,3.47,2028-09-19,2025-07-11,97.3,Land,141,Low
INV000797,Drug_74,BATCH-9364-D,WH-A,Cream,15313,2995,278,4395,Supplier_1,21,1.25,2028-10-24,2026-08-03,86.9,Air,132,Low
INV000798,Drug_17,BATCH-3776-A,WH-D,Injectable,27663,4830,1594,8656,Supplier_1,17,0.93,2027-08-29,2025-08-07,95.1,Land,57,Low
INV000799,Drug_73,BATCH-6893-D,WH-D,Inhaler,15312,4706,142,4021,Supplier_1,3,1.16,2028-08-11,2025-02-17,85.1,Land,92,Medium
INV000800,Drug_63,BATCH-1004-C,WH-J,Inhaler,95760,4268,574,17260,Supplier_12,7,1.33,2027-03-03,2025-01-31,86.6,Land,142,High
